image_id,label,split,official_split,source_file,bytes,md5,phash_hex
train_real_00033.jpg,real,train,train,train/real/00033.jpg,26647,2263a0f02408392910ad9be169e3fb90,4aab25123d313f93
train_real_00035.jpg,real,train,train,train/real/00035.jpg,22393,250da88e8745f443c8d6607d50b38587,66564e666c640dd9
train_real_00044.jpg,real,train,train,train/real/00044.jpg,28411,403a3ba4a00eda455af9fd6fdca7a575,03bf70b231f036e2
train_real_00123.jpg,real,train,train,train/real/00123.jpg,26559,32cd5dd5b219dbfdb17cd31fd32eb7ca,0d7d367630708fd0
train_real_00190.jpg,real,train,train,train/real/00190.jpg,30245,ce144a3ef641ded32c854b118023e65c,4c8e58265d6578ce
train_real_00192.jpg,real,train,train,train/real/00192.jpg,25725,d8527c6f3f351fb69b2948af52e7642a,001f3e337073738b
train_real_00302.jpg,real,train,train,train/real/00302.jpg,28876,2c0e357ea97daef4564ad0cde6bef265,5e0179f023733696
train_real_00330.jpg,real,train,train,train/real/00330.jpg,27284,1766006d2b8e39e7062f0072fb165c76,0d3d32323331339f
train_real_00398.jpg,real,train,train,train/real/00398.jpg,29871,90c6682bc732b74cc4330cfda2c0cbd3,4b751dcb82c54707
train_real_00421.jpg,real,train,train,train/real/00421.jpg,30157,9b62205def0f904a5607c68c1bcb294c,0be524a7550c96be
train_real_00444.jpg,real,train,train,train/real/00444.jpg,23017,cc960c8900df70a15a8ea4409402b685,6a54292b3261fb8e
train_real_00499.jpg,real,train,train,train/real/00499.jpg,24105,35f29779e3126d022e6f37173ab3b494,5f30213623fcc2dc
train_real_00536.jpg,real,train,train,train/real/00536.jpg,25126,df29519b678dc6e1bf9b5c2f0daaf447,29f0478346b1d6cb
train_real_00537.jpg,real,train,train,train/real/00537.jpg,27817,7d0c1f6f6f14cfe1be05db1823a097d0,498f3876703d2794
train_real_00612.jpg,real,train,train,train/real/00612.jpg,23739,b5a7a15a505cc1554795970b10d10030,7938647226d5968e
train_real_00623.jpg,real,train,train,train/real/00623.jpg,24424,77ea27ba7279d855649923afa121493a,6bb464b2a0a3c3cb
train_real_00680.jpg,real,train,train,train/real/00680.jpg,24137,3a6d700e78d99dd11ff775615bc4f99a,5e6530c7b35c8a4c
train_real_00716.jpg,real,train,train,train/real/00716.jpg,30787,8e07fffc8123873d436a6218ee833dc6,0f81b4b2b38a878f
train_real_00726.jpg,real,train,train,train/real/00726.jpg,30253,9f7aa8c79f8304c6f4cc1686f6302a88,00afa8ae3cac9e9c
train_real_00745.jpg,real,train,train,train/real/00745.jpg,34583,f3e3cf06ee4cb6ff9b8093adc8ea3f98,13e468624f69dacc
train_real_00789.jpg,real,train,train,train/real/00789.jpg,31237,c84ddb6ae253cff3aa7819bb751279a9,4b3f60426403f79b
train_real_00844.jpg,real,train,train,train/real/00844.jpg,29984,f4877ed11e822434926de2e764fa79dd,4295c797de8e0a68
train_real_00860.jpg,real,train,train,train/real/00860.jpg,29748,5bb796cb7acff6b44301783adaef5442,278d5e0b743a538a
train_real_00886.jpg,real,train,train,train/real/00886.jpg,34209,b963141f864ef7ae74f578faf31d1a35,0f7ee12a95611f82
train_real_00927.jpg,real,train,train,train/real/00927.jpg,24968,c1aa65484ca93c5ddee762f8323ce96e,68a5e7d6848c9e98
train_real_00959.jpg,real,train,train,train/real/00959.jpg,26124,5f11c6bddfd0a99f166d391fdeed002c,3f1ed8d2d0d8c2c8
train_real_00984.jpg,real,train,train,train/real/00984.jpg,34231,cd60c13b1c837c6746cf2b00eff231fb,78a2a1f5a78486d6
train_real_01047.jpg,real,train,train,train/real/01047.jpg,31528,6a9c0d9deab888d59e9736f37b27384b,5eb52172257986d8
train_real_01077.jpg,real,train,train,train/real/01077.jpg,31240,da83b94d30283c4cbdb8c970ba592f66,6408ce916c39af9b
train_real_01084.jpg,real,train,train,train/real/01084.jpg,29540,5474a461a1f72685dcbbd62845112f11,41b1fdb79a62888c
train_real_01093.jpg,real,train,train,train/real/01093.jpg,23983,dac80210d1ded0dc7a6a7c1473bb1388,1679696566cc869a
train_real_01120.jpg,real,train,train,train/real/01120.jpg,27875,78bd2501a76789cb1d338b4dd9aea1aa,6d9b42b419328bcb
train_real_01144.jpg,real,train,train,train/real/01144.jpg,29579,57f2d9f591d07668a632bd6ce4ddcdc5,5b367926e13ca612
train_real_01155.jpg,real,train,train,train/real/01155.jpg,30428,5c5c59a721049def2bee732b0fb7e29c,15821fde7d5a2898
train_real_01195.jpg,real,train,train,train/real/01195.jpg,30008,3c7f8f145891c35da81cc033de426132,4a566c29703ed2dc
train_real_01201.jpg,real,train,train,train/real/01201.jpg,30225,f5497a143e34914ec1b9c2525f7ff12d,61ba80c1e66c3eba
train_real_01309.jpg,real,train,train,train/real/01309.jpg,26148,22dce36ac5bb07872e3680c4b5776372,506b6ba7652ce48c
train_real_01341.jpg,real,train,train,train/real/01341.jpg,34267,9c076eb3c1635ad175d16631b546305c,4e6b712731a88f8c
train_real_01458.jpg,real,train,train,train/real/01458.jpg,29836,cf99fc741d329a7a5028817ae8e407d6,4bbbb5f03091c2d1
train_real_01469.jpg,real,train,train,train/real/01469.jpg,25421,f8c3d60170042ceb7add77c4ce56af8b,3f02ccb6d8d99289
train_real_01534.jpg,real,train,train,train/real/01534.jpg,30545,cb8b8de5d738158b5d4ab1fa88bc083f,3a96a8a59456d2da
train_real_01595.jpg,real,train,train,train/real/01595.jpg,23425,9c0b609269755b58f9d37550ca854123,2d7ba082f29392ce
train_real_01617.jpg,real,train,train,train/real/01617.jpg,26239,afda0b9555b16ea395b21de50f48e2d2,37b2f2f0d889c08b
train_real_01711.jpg,real,train,train,train/real/01711.jpg,33779,bc2dcda003dc86cbe2003f0dffd33429,1b52e14fc6399293
train_real_01732.jpg,real,train,train,train/real/01732.jpg,30529,04303dedaf659a2044277fd0d292d465,78977183c7c86638
train_real_01746.jpg,real,train,train,train/real/01746.jpg,22738,c5a2a9fe11003f65be2b86370ed8e4a2,2b3974e2c08b999b
train_real_01788.jpg,real,train,train,train/real/01788.jpg,24810,f2d2c8565557d4a0a890442651949bce,4fbc2c525030bfb2
train_real_01842.jpg,real,train,train,train/real/01842.jpg,33622,995138c4b7c753a2337f15e93765b360,4a70f5a2c75dd281
train_real_01856.jpg,real,train,train,train/real/01856.jpg,30846,c6e811ede49f516665d8c8a48efa86db,4ddc3e85726cc388
train_real_01867.jpg,real,train,train,train/real/01867.jpg,29148,c8b2af73c18549de9db5b189ff0b0ed6,1c7171276974e38a
train_real_01870.jpg,real,train,train,train/real/01870.jpg,25948,fe6e6c3b33ae731b9d13d0519df393ae,101a6739ae55978b
train_real_01881.jpg,real,train,train,train/real/01881.jpg,29527,9e2673086594c3bb8932e4f787957c84,4ee37446a7055acc
train_real_01889.jpg,real,train,train,train/real/01889.jpg,27244,5c99f6056c4affef7082ae8b6e64a653,1e2a29a725769497
train_real_01893.jpg,real,train,train,train/real/01893.jpg,23394,472b1a454d9b5fb3185a2de727165d47,3fbf56207474028b
train_real_01947.jpg,real,train,train,train/real/01947.jpg,32254,0227b414b8ca97a3afb5c1e053149410,41546ad02ad15fdb
train_real_01963.jpg,real,train,train,train/real/01963.jpg,31012,e8adea2833625de32053d34eb02c9eb3,5a063436343557dd
train_real_01966.jpg,real,train,train,train/real/01966.jpg,25318,8c56dad2ec31736bdec6a1c46a116534,1e6971613568c7ca
train_real_01994.jpg,real,train,train,train/real/01994.jpg,31725,bb5bc92678c382d7aca1196aa8ba2c0a,10cbc00fd655c7cb
train_real_02025.jpg,real,train,train,train/real/02025.jpg,30251,4afa04c964af1d1781594bf80a90dd4f,58c86873603d4f97
train_real_02027.jpg,real,train,train,train/real/02027.jpg,27636,33397ac043c884d469cc9a369eafd058,41bfe483b62d0ad8
train_real_02057.jpg,real,train,train,train/real/02057.jpg,24691,bc4969d3282990a691c20dc55158d770,7aa57825256486de
train_real_02059.jpg,real,train,train,train/real/02059.jpg,26903,9d20e18ee3fbdaa6deb561fb88ce2427,4b3c3c323072c39f
train_real_02102.jpg,real,train,train,train/real/02102.jpg,27360,20ae66553f8e78f057bdbaf0081b311f,364ff8dfd0968090
train_real_02110.jpg,real,train,train,train/real/02110.jpg,22615,1d2fccffe566ca95497761b320e8af83,14696a63656a9799
train_real_02151.jpg,real,train,train,train/real/02151.jpg,26736,1f8675e10699ace854f5a5ee536d3cdd,2d7df0f2c092c383
train_real_02167.jpg,real,train,train,train/real/02167.jpg,25021,f1b321c822c2ccd8ea85d0174d716b1c,5e23631286f90ee3
train_real_02220.jpg,real,train,train,train/real/02220.jpg,39121,dfae0810fb69e41475ad648b88536a50,4a512567773cb898
train_real_02229.jpg,real,train,train,train/real/02229.jpg,29021,b400316eaf58f1846eb30334920f97d6,7e7861e3a5c0a781
train_real_02246.jpg,real,train,train,train/real/02246.jpg,26514,1a32b332885a4a911c2fae5b0c0a3a44,3c7a0169f007d7b4
train_real_02351.jpg,real,train,train,train/real/02351.jpg,27731,77fe77e590214a21db3806cb043cde6a,17d1daca0fc02f0b
train_real_02391.jpg,real,train,train,train/real/02391.jpg,30158,b65a211ced23ec1ae46a4f5fb54476e9,683f74b470b0638b
train_real_02436.jpg,real,train,train,train/real/02436.jpg,27142,1d065085f702438825942e2b518e3d74,3d8280d386693e7b
train_real_02539.jpg,real,train,train,train/real/02539.jpg,25114,c8384308398a277560f7dbbe54334082,3b35f0e006c2d3cb
train_real_02542.jpg,real,train,train,train/real/02542.jpg,29418,4f0910b58b177bc9ce079de18755f955,0df670b270c983cd
train_real_02572.jpg,real,train,train,train/real/02572.jpg,26971,3c42466aaf43519e0f7bc7080b9ba24e,1dc76ab53c186a98
train_real_02579.jpg,real,train,train,train/real/02579.jpg,36894,f94fd02964c5bed1bc73dd1d6651cca3,1b3d7d60244ec29b
train_real_02586.jpg,real,train,train,train/real/02586.jpg,34275,a77f556b8b6e545bc63ec64dc3279b48,7ff460a2a22dc2c6
train_real_02629.jpg,real,train,train,train/real/02629.jpg,31348,704488014aa817868962bdeee0946e47,4d0035f4f703f2c6
train_real_02686.jpg,real,train,train,train/real/02686.jpg,28263,8365202c95fb5f2474a5adb90a94f24a,2f85009ff8e87654
train_real_02821.jpg,real,train,train,train/real/02821.jpg,23493,986a879f57d88723fcc7d01a0903a582,16687166296c73ab
train_real_02905.jpg,real,train,train,train/real/02905.jpg,34267,11726c28e414ede34e0058794b4f9c49,380787c66aca9f94
train_real_02938.jpg,real,train,train,train/real/02938.jpg,31451,70d0f62e17d08c8dc943bb65a28407c0,1a7c7577261a8293
train_real_02954.jpg,real,train,train,train/real/02954.jpg,33626,0c82a52988efb0a75512b1751233a9a1,7df456f65206c20a
train_real_02967.jpg,real,train,train,train/real/02967.jpg,32105,1d82fbf3162f14cd86577006edf07e38,43baf46bb064d2c2
train_real_03041.jpg,real,train,train,train/real/03041.jpg,37170,f7305870cd48221781e77d6842e07694,792ca1e574419e8b
train_real_03044.jpg,real,train,train,train/real/03044.jpg,28505,5422f91d7d34d99aa4cfb98b34be0f3c,5fe0f4d2b08d8686
train_real_03048.jpg,real,train,train,train/real/03048.jpg,29210,970b29293d3738a042fd04ea3f5478ea,706ce3e484de059d
train_real_03067.jpg,real,train,train,train/real/03067.jpg,28343,9f1b045a14832bae03e50f3375202a5a,1ee8602f604ce78f
train_real_03110.jpg,real,train,train,train/real/03110.jpg,30337,15146353798fccb0d6838254cca5a2cc,4ebd24f0721792d8
train_real_03116.jpg,real,train,train,train/real/03116.jpg,24880,a580f33c7f207afb4399e688140ea85f,4a38a5e1870ce99f
train_real_03118.jpg,real,train,train,train/real/03118.jpg,26429,0fd98f40d8761bbea36c4419227111bf,5d9e6134603c7297
train_real_03132.jpg,real,train,train,train/real/03132.jpg,30003,0ccb667e88b64629d740e245d60f984a,1fa42ca730739752
train_real_03135.jpg,real,train,train,train/real/03135.jpg,25683,7033e2c732d0bc45eefb5e23203c4ff6,035e2177e225dac3
train_real_03174.jpg,real,train,train,train/real/03174.jpg,25794,7af73e97b6370a9028a36fc45ddf2bba,5b906d236439e699
train_real_03183.jpg,real,train,train,train/real/03183.jpg,30850,506f1d8f2c1cc9fc022d4152aefe3387,49552c37702dd88f
train_real_03216.jpg,real,train,train,train/real/03216.jpg,36230,beb934e5abc4908579ee8875a59e3d2e,1b2469a66476d29b
train_real_03226.jpg,real,train,train,train/real/03226.jpg,29755,d496e2bdda6635b658b96f9d725497f7,1d426d966e9c8e98
train_real_03249.jpg,real,train,train,train/real/03249.jpg,26030,5ebae53341e752e69de0cd0a22ab654b,70bda202afd0d0d7
train_real_03253.jpg,real,train,train,train/real/03253.jpg,23146,e72f7ccb81f4edba3a0ad5fb8e9c04be,30f170b3333d85cc
train_real_03277.jpg,real,train,train,train/real/03277.jpg,28714,602226f33716836eab4d4701f3887023,18667b97d8c1698a
train_real_03359.jpg,real,train,train,train/real/03359.jpg,24680,f180097cd3f780039e2eeab3aa5b5e1a,122d3e63c1678ecc
train_real_03367.jpg,real,train,train,train/real/03367.jpg,34627,dac0c5ed5adb30d12e74edf309305f74,5ea11914555656de
train_real_03409.jpg,real,train,train,train/real/03409.jpg,34055,71a30c4755d064f48f78e5c146df40bc,2c52243362dd8fda
train_real_03451.jpg,real,train,train,train/real/03451.jpg,35516,b51cda36e0ee66f57449faa5a4ac0dfc,0ff5e092d838b29c
train_real_03613.jpg,real,train,train,train/real/03613.jpg,22807,e5e384c5ef1fe5633e31e8fece7f50b0,525e6321672c77c2
train_real_03652.jpg,real,train,train,train/real/03652.jpg,29563,8419d338c5d0d63d2ceef8a616d3b601,0f0f7466720e92da
train_real_03659.jpg,real,train,train,train/real/03659.jpg,26463,6d01f097223bc6ef8dfcb7d58a007b63,3fb9360070b3d2d2
train_real_03667.jpg,real,train,train,train/real/03667.jpg,30464,4cbe28205af4f67e98b15561ef5b3f48,5efca44abcf81184
train_real_03713.jpg,real,train,train,train/real/03713.jpg,35481,eca98f9dc3bd7d00aa7527bcd40b5c9d,1fe860e4668e868f
train_real_03747.jpg,real,train,train,train/real/03747.jpg,27496,5ee173b7b814af1971d4ed130f30d2c4,144a79236925679f
train_real_03821.jpg,real,train,train,train/real/03821.jpg,27014,db19ff5348eba00a85e7f9e30cf30496,4a166333656b70cb
train_real_03832.jpg,real,train,train,train/real/03832.jpg,30051,a998356413f993225cf9ec1b557b7fce,47f57c8622aea388
train_real_03846.jpg,real,train,train,train/real/03846.jpg,35311,afb59a951510fefe1a047096afd1531f,0b3aad74d7643688
train_real_03857.jpg,real,train,train,train/real/03857.jpg,26181,7540c9b2454831a6bbdde25b73f6fb30,0b36749bd2d99650
train_real_03880.jpg,real,train,train,train/real/03880.jpg,26308,54e397f34e07b7457fc1017c839ae181,3f61b4958174a99a
train_real_03893.jpg,real,train,train,train/real/03893.jpg,24106,caa794a74ae778d9f4eea00833d36678,013762877f9d90c9
train_real_03894.jpg,real,train,train,train/real/03894.jpg,24355,f332f90c83389ab1c6ae68821d381acb,71e28796ce85c29a
train_real_03930.jpg,real,train,train,train/real/03930.jpg,27484,dd968d73cdd17436da21aa1900811017,432dbd10b45b83da
train_real_04065.jpg,real,train,train,train/real/04065.jpg,25382,24be89643ff0210c624aee8845f75024,53c761a226c8ded8
train_real_04100.jpg,real,train,train,train/real/04100.jpg,26833,0b003af9eddf9c10381af21523fe0026,40b7225a3728f3dc
train_real_04102.jpg,real,train,train,train/real/04102.jpg,27392,e06997be1968e00854f2f25ab3f9d9dc,2f7d2c7234a14ad2
train_real_04105.jpg,real,train,train,train/real/04105.jpg,36102,43d3e2173c45f6c63ecc5638b8013be0,58afbba4751092c9
train_real_04174.jpg,real,train,train,train/real/04174.jpg,25956,c9c5bb40c3b817c072056fc434139bf2,42593c43f08ddbc6
train_real_04199.jpg,real,train,train,train/real/04199.jpg,33209,4580d1c21b19445a5920b32ba8b9ebe5,4ff06c62005593df
train_real_04210.jpg,real,train,train,train/real/04210.jpg,26108,b740841f77edb799d4275911e9ba2c8d,4f7670919261cacd
train_real_04248.jpg,real,train,train,train/real/04248.jpg,27081,cfc5cf47fa64195a8ec6807285b52277,4e1b3431313b668f
train_real_04254.jpg,real,train,train,train/real/04254.jpg,28921,3bcf81aae5cc150bf1feb76a686a4509,70e54be14c362597
train_real_04258.jpg,real,train,train,train/real/04258.jpg,27448,f5bf3d7b273e45b80450222cea927326,4f613c73316293c9
train_real_04260.jpg,real,train,train,train/real/04260.jpg,24774,bab65f7167a411d6dbb6a0491586c843,5e62296661c6a78e
train_real_04293.jpg,real,train,train,train/real/04293.jpg,26203,7f53a3788099b458c8db6bd3bc919c09,38ec34a45af54b86
train_real_04358.jpg,real,train,train,train/real/04358.jpg,27736,7997f4ba663382f5b0e6c62e6e1a56e0,0f333927700dd78c
train_real_04365.jpg,real,train,train,train/real/04365.jpg,24716,f28c7d95da5a226039bd6ae28a015b2f,55f567626a612a89
train_real_04412.jpg,real,train,train,train/real/04412.jpg,19661,b9353bbe00d65c18be6e67db22d50fbe,4b263926316d13de
train_real_04426.jpg,real,train,train,train/real/04426.jpg,30067,8293c6925a6ab19f904a0e3556139d51,4a88411f2f7c3f19
train_real_04460.jpg,real,train,train,train/real/04460.jpg,26992,6c3462f48752776e03f78ec0967084a6,6ff034e380c7c2cc
train_real_04495.jpg,real,train,train,train/real/04495.jpg,28496,68cbcc698a0707e80727df1256cd4c3a,48f43583c19fc78c
train_real_04501.jpg,real,train,train,train/real/04501.jpg,28104,b7ba9b79640df19bd727097ac547719d,39b060e746c89bd3
train_real_04663.jpg,real,train,train,train/real/04663.jpg,30769,61f3c2b08e62bd17b20e7e9abc5a2ff7,186a3d3326789ec3
train_real_04673.jpg,real,train,train,train/real/04673.jpg,34641,477ab7aa1cee9b53e1627097ae881eaf,5a78686107a9ce9b
train_real_04681.jpg,real,train,train,train/real/04681.jpg,28246,5f75c74356a409f311258299e2419654,45d58adf781ce01a
train_real_04698.jpg,real,train,train,train/real/04698.jpg,24704,7dfdff07599fdb074b90c9cc2f55bd3a,1cc6a194064bdddd
train_real_04704.jpg,real,train,train,train/real/04704.jpg,34216,c801cd265e6834cac21a50814d3c948b,62f6f1d3650b05c8
train_real_04709.jpg,real,train,train,train/real/04709.jpg,34259,c5ad9cc032353bb30c14a6a6dc72cad1,5af461d663696648
train_real_04726.jpg,real,train,train,train/real/04726.jpg,33002,e011681b6d0b9802a3e688bfef44da58,6a83eca9a50187d7
train_real_04797.jpg,real,train,train,train/real/04797.jpg,36010,1179844da3146e4f2a8bd0972b01fd50,5ae025c3978ecad8
train_real_04798.jpg,real,train,train,train/real/04798.jpg,26486,89bf92ef71abc35ffd46df3ac30b0d73,6f0f35243135399a
train_real_04829.jpg,real,train,train,train/real/04829.jpg,23619,f6e10ee76e5f9fa46d71faa6e8898773,2678222367b5c2de
train_real_04836.jpg,real,train,train,train/real/04836.jpg,36054,ff1d1e5392cbcd9096362e1a53b2a58c,0ed7b092b36426dc
train_real_04861.jpg,real,train,train,train/real/04861.jpg,26915,3dc4157b2e73743f9cd1c257820e8d48,6a4334e092c7c7ce
train_real_04885.jpg,real,train,train,train/real/04885.jpg,21989,eb7bfe74a7afd712bd4910b7723fbbe1,2f3f34f030f032d2
train_real_04911.jpg,real,train,train,train/real/04911.jpg,27830,dccfbd4e5b9899fae70d965fad0398ed,40a13f153a4d73cd
train_real_04938.jpg,real,train,train,train/real/04938.jpg,28222,f1528170b66652e6d50af47e8253b3b4,5bacb402b31abb98
train_real_04973.jpg,real,train,train,train/real/04973.jpg,33403,b4dd8eedadfc8eb920444f58cda14e8a,1e9e6161e465e2d8
train_real_04980.jpg,real,train,train,train/real/04980.jpg,25123,545ea846ada11042ed20963d2cbd3db1,463b3d696032c3da
train_real_05005.jpg,real,train,train,train/real/05005.jpg,35235,c147ef294ce4db70c7ab47a0c6c44158,2d3a32237d47c8c6
train_real_05009.jpg,real,train,train,train/real/05009.jpg,31395,576a2614423fa02b38fd2a8292d165aa,28e117a1748f969e
train_real_05033.jpg,real,train,train,train/real/05033.jpg,31204,99b7410770ea10e0bcb922a8792443c2,1ffc50602583e6cd
train_real_05086.jpg,real,train,train,train/real/05086.jpg,29783,29303f03c4c110d837afad5292e02dcc,1d1a70786370e78e
train_real_05092.jpg,real,train,train,train/real/05092.jpg,28734,d428e629e436e91ac3fb6c3aa2e84147,3aa1a1f5259692d9
train_real_05095.jpg,real,train,train,train/real/05095.jpg,26167,353743aa12464a87a94e3a505fad6926,403b2456705edbd5
train_real_05130.jpg,real,train,train,train/real/05130.jpg,24553,eee3e7346afcf4b9a5a1e67f843eb339,077aa07ea8252ad7
train_real_05189.jpg,real,train,train,train/real/05189.jpg,29413,940cc3a5a9a0d124d5074d7bba6aa155,4bad6d327013c3c9
train_real_05190.jpg,real,train,train,train/real/05190.jpg,27581,798a8d6140b6a1b0c23a52a1b3cfe3e8,175958ab6869b293
train_real_05229.jpg,real,train,train,train/real/05229.jpg,21817,982101f7633362edca6937177cdf829e,61e58696da9998d8
train_real_05245.jpg,real,train,train,train/real/05245.jpg,27965,c1964dda519adf5171452af563a9ab14,6f245aac317f13c0
train_real_05252.jpg,real,train,train,train/real/05252.jpg,23117,55f7118b9cb8011d60dc71f6ac9be39a,688e9514d235fa96
train_real_05356.jpg,real,train,train,train/real/05356.jpg,27533,dc626275b2c163234d4565e765a0d072,41482f16f50fd68d
train_real_05386.jpg,real,train,train,train/real/05386.jpg,27595,b537ae9f84187bad0b590d8da160a65b,0eaf5826792a439e
train_real_05407.jpg,real,train,train,train/real/05407.jpg,29451,01e95f3624dd018a3933f36a921e01c8,4bfe7ce2213160ca
train_real_05419.jpg,real,train,train,train/real/05419.jpg,25832,80eee09708bd8cb559190c6d08dc0059,5a25706735ccd6c8
train_real_05427.jpg,real,train,train,train/real/05427.jpg,30752,f997d5f6d02f9724fb659bb449e700ea,1a173a4a1558d7da
train_real_05535.jpg,real,train,train,train/real/05535.jpg,28788,8313eafc1a9ad776d6db073a8cae41ac,587f35323370031f
train_real_05562.jpg,real,train,train,train/real/05562.jpg,29308,7153da427eb233b24b4620d0599ecf77,1acf19e5b5611782
train_real_05584.jpg,real,train,train,train/real/05584.jpg,28409,47032f56c0ffe7614c3f5bca420ad9e4,126aa58b9f6922d6
train_real_05600.jpg,real,train,train,train/real/05600.jpg,28436,833b6bbe465e103210c4ac01d71cdcc0,4ff06483c38fc68c
train_real_05604.jpg,real,train,train,train/real/05604.jpg,26609,0059238b85437c47d0eb69120e9cb93e,2fbd42caa54887c9
train_real_05635.jpg,real,train,train,train/real/05635.jpg,26146,74910d5012353006c0008e92ededb691,0f7468a7613c569a
train_real_05739.jpg,real,train,train,train/real/05739.jpg,26530,e1387f9b8cfa07c65596cd4c55bda87c,482e63e3e58d8c9c
train_real_05804.jpg,real,train,train,train/real/05804.jpg,24365,b5ab316b4a7e2603aa386032ffec0efd,687a6371727016d9
train_real_05839.jpg,real,train,train,train/real/05839.jpg,27229,a2dc97f0ddaf886deffd5d6b2884b399,2b0b6a66742476c7
train_real_05891.jpg,real,train,train,train/real/05891.jpg,29757,e3332d3789086f568a51a43143b15b96,7ea02197704d46de
train_real_05893.jpg,real,train,train,train/real/05893.jpg,25233,feb7bb560c7f8529ec8aa8a548383465,5329b523942987fa
train_real_05913.jpg,real,train,train,train/real/05913.jpg,29627,9cc998c27e7276f018c65c6d3c15bf01,5ea025339339cbcc
train_real_05931.jpg,real,train,train,train/real/05931.jpg,34413,f8fee86a4651d7321b04916d84e68db9,5c2f2175a7da8298
train_real_05976.jpg,real,train,train,train/real/05976.jpg,30780,53433890bd5df21c63ba92a468c4a0ff,781a83950ef5d899
train_real_05983.jpg,real,train,train,train/real/05983.jpg,30789,7cdaa396451ea220f6ef6a643f81b767,1f3c74f220d2989b
train_real_06019.jpg,real,train,train,train/real/06019.jpg,35564,ac5bb940a80f2d1d45e9cb04e9a8f07e,32f2eae545658685
train_real_06037.jpg,real,train,train,train/real/06037.jpg,25931,49f2dcbbb3833a5078f2c83e875b670f,1ee06387246ccf99
train_real_06048.jpg,real,train,train,train/real/06048.jpg,30684,d72b23224df52e24a7547feee5f73536,38e867a565028f9e
train_real_06050.jpg,real,train,train,train/real/06050.jpg,27969,56ade7f988095021f4d2d8e623e57113,6e7e6021ada88e8e
train_real_06065.jpg,real,train,train,train/real/06065.jpg,31560,842481365a4a2c4a4e9f72a47e9e2a17,147a78713972e296
train_real_06077.jpg,real,train,train,train/real/06077.jpg,35565,e02ae5138ba14bf9274e403c17b0b375,6a47672ea6cc9498
train_real_06102.jpg,real,train,train,train/real/06102.jpg,28412,c4a5afba4a03816f239c28b3305489e5,67e20aad5425cfd0
train_real_06117.jpg,real,train,train,train/real/06117.jpg,26185,13b3656b3a457957aa3d10f0f659e46a,5e2821979e595cd4
train_real_06128.jpg,real,train,train,train/real/06128.jpg,30572,a56afaf1583bfb7a32b5131f0832caf0,7ce1d78f14c809d8
train_real_06131.jpg,real,train,train,train/real/06131.jpg,28121,50bd6d03b355eb34d4f46dbb64fce509,1bbc7444420f939f
train_real_06137.jpg,real,train,train,train/real/06137.jpg,22026,190636ebcc56da2520181116b2e9a6e4,0b292f2b207cd6d6
train_real_06175.jpg,real,train,train,train/real/06175.jpg,31515,efbd8c4e7d864f75e5228b84e6d32556,5e786235e240fe85
train_real_06193.jpg,real,train,train,train/real/06193.jpg,26269,2d97aaa995fe0976976b098373c49189,1f786166664aac99
train_real_06205.jpg,real,train,train,train/real/06205.jpg,27206,13b70fc82bbd822477d6651ef0549e63,3de842a5652093df
train_real_06242.jpg,real,train,train,train/real/06242.jpg,26503,71d54cd40b83fbc15bb728c14a0c71bc,4a552da3909b999d
train_real_06247.jpg,real,train,train,train/real/06247.jpg,29090,70e0fd9cb7546059320c997bbf236598,60aae4f5ec2b5780
train_real_06248.jpg,real,train,train,train/real/06248.jpg,28541,ffcc9a3e2acd6afe501dc27d349221a3,0abd65656474d692
train_real_06263.jpg,real,train,train,train/real/06263.jpg,20370,0a80dc0d8dd3191a397eca7e34cdc3de,70e44707c88b0fdd
train_real_06270.jpg,real,train,train,train/real/06270.jpg,34551,06e608c6b64841c9f5ef9d81546b262c,1fb0b4935a7962e0
train_real_06272.jpg,real,train,train,train/real/06272.jpg,34937,a035f6dd6d58bc5ecbff7c78ab6c599d,7a0fa5f014317a2b
train_real_06325.jpg,real,train,train,train/real/06325.jpg,26712,ba82c7af84165fe40e55e1c498684980,2eb05bda0d408ecf
train_real_06422.jpg,real,train,train,train/real/06422.jpg,19105,bff0a193ad018d9dfe2c70e6d7258796,63510fc6336613cb
train_real_06428.jpg,real,train,train,train/real/06428.jpg,27686,a12ea2159b00f7a5b5cad464c5676014,6f1d72b43051c38d
train_real_06461.jpg,real,train,train,train/real/06461.jpg,22379,c7fe2476e01c8df3b10fa1a083dbdd80,101eeb52e7358a9a
train_real_06495.jpg,real,train,train,train/real/06495.jpg,28596,e178f1e9b1bde8a75cfaaf52f363c4eb,4f431ca3a50deec4
train_real_06641.jpg,real,train,train,train/real/06641.jpg,29019,ba9c4bd8f9b9356d7521cd583daa08f1,4336249af78d03ec
train_real_06682.jpg,real,train,train,train/real/06682.jpg,30910,9be3cfedea542b418e71cfb74553cbf2,47797c42720ac78e
train_real_06686.jpg,real,train,train,train/real/06686.jpg,29207,7d7575ae73feb4b897bdac8bc3e9e52c,4a783de23089d3cd
train_real_06822.jpg,real,train,train,train/real/06822.jpg,25076,9bf91df126538a0a5c0d653386a1f7b0,7ae12787969c3033
train_real_06826.jpg,real,train,train,train/real/06826.jpg,38973,1b877fdc210b49a95bdb9169ae4b3ec4,0b84a4b2b2abd3d9
train_real_06851.jpg,real,train,train,train/real/06851.jpg,26715,61e1bab3d1e3314ab1c7078d91b7785d,493f703e701fc0c6
train_real_06865.jpg,real,train,train,train/real/06865.jpg,27822,68bacb8b8fd2493e6b466b62d7f27224,1a55e917b20b9b89
train_real_06868.jpg,real,train,train,train/real/06868.jpg,27665,f688f209676d13740c147c67e3f76cb5,7c8042d703fb8acd
train_real_06902.jpg,real,train,train,train/real/06902.jpg,31123,419ef3a6237a664b07b21fff7473ca48,0fc0f187e0389adb
train_real_06935.jpg,real,train,train,train/real/06935.jpg,29386,c9dcb9dae2d650eb6d21a6ae6caf8dac,5ee9601f61384e93
train_real_06947.jpg,real,train,train,train/real/06947.jpg,31526,1efcf07dd0fc97d3a15cdb111344fa3f,16d264cbe12d93ca
train_real_06958.jpg,real,train,train,train/real/06958.jpg,25003,1cb0da8d329379f450f75e6f562e54bd,62e0afb5e49586d0
train_real_06963.jpg,real,train,train,train/real/06963.jpg,23367,3bc7f4039f9862c8eaf2ca8b4ce7b217,70c38c858bb8bb9a
train_real_06999.jpg,real,train,train,train/real/06999.jpg,31954,39975e212d55bd534c0ec15e4d1ed829,0d13761eb72e9189
train_real_07001.jpg,real,train,train,train/real/07001.jpg,27129,ce86f2802960065366f9ac191920569a,49efe4e2600702df
train_real_07020.jpg,real,train,train,train/real/07020.jpg,30672,e646236b2df5a317ea1ed42e132a0f25,5ef828a32551678b
train_real_07075.jpg,real,train,train,train/real/07075.jpg,28773,5a1020a5efbf612f6771ccb37e5dd1d1,4ad0412f6d3db45a
train_real_07217.jpg,real,train,train,train/real/07217.jpg,33565,3498ab9a41449a5693800e1789c72c01,4bac7c35e15b80d8
train_real_07280.jpg,real,train,train,train/real/07280.jpg,30305,8542811337febdcce5c521f37bba8aff,154936f7162a58ce
train_real_07312.jpg,real,train,train,train/real/07312.jpg,34315,b66480b091dfef2f3fec1d6554f0da86,1b54619a65792796
train_real_07321.jpg,real,train,train,train/real/07321.jpg,32647,19af1d592ccd1fe6687a76756159eb32,5df460a667188799
train_real_07340.jpg,real,train,train,train/real/07340.jpg,26029,7309469c97166635d7978d7ff2a78158,70c8076927e58b9e
train_real_07341.jpg,real,train,train,train/real/07341.jpg,30382,0787d78d62bb2bc8143efa674c20961c,4f393db0b283c28e
train_real_07346.jpg,real,train,train,train/real/07346.jpg,26850,549e0c7db91750416d3c3ff323430733,44e07861317b33cf
train_real_07369.jpg,real,train,train,train/real/07369.jpg,32795,dece7a242fd3e461429124d7a007a919,4d69d2cbd90cb08d
train_real_07425.jpg,real,train,train,train/real/07425.jpg,28931,1a3073c4c397ddc36bca0bec720bf0d5,013e5eb239ad448f
train_real_07501.jpg,real,train,train,train/real/07501.jpg,33982,819c7c6259432ff3606641ee89ca4686,4ff5b0b030ba51c9
train_real_07538.jpg,real,train,train,train/real/07538.jpg,32308,1e70230323f3b2b8eea2fbf3a32e5281,0a5df52a552a8bca
train_real_07583.jpg,real,train,train,train/real/07583.jpg,30062,b3f6bea9956925b91e956e9203ec9357,127f21448735da97
train_real_07594.jpg,real,train,train,train/real/07594.jpg,25825,52d49305910809b374494c41295ca385,492d36773011378f
train_real_07637.jpg,real,train,train,train/real/07637.jpg,30336,a04bab1cbac6192ed56ef4150d57d71f,4eb9a5b53134c2c6
train_real_07653.jpg,real,train,train,train/real/07653.jpg,24880,9e85589f1f04266384f5cff955eeab28,4a1f2d29766533c2
train_real_07662.jpg,real,train,train,train/real/07662.jpg,29765,c67364b5a0aaee7da9366e0869a4b65a,4759684f610d7f81
train_real_07676.jpg,real,train,train,train/real/07676.jpg,31890,1397c74a5b9209f2b702039d5518893f,7c31cd331c3f1107
train_real_07705.jpg,real,train,train,train/real/07705.jpg,31265,299d17fd91f6707728dcfa6c96f7a48f,20b6b0f27073e1cb
train_real_07741.jpg,real,train,train,train/real/07741.jpg,24767,235660a78cdad558abe6cad218ec048f,0d0b783635704bdb
train_real_07747.jpg,real,train,train,train/real/07747.jpg,28006,c39b6385ffb1d5502ef47a0c1074f659,79e287ca64cd2698
train_real_07756.jpg,real,train,train,train/real/07756.jpg,32206,3f7e480280dfb3fedb8fb1ab5aaa74ea,16497e617d2b22c5
train_real_07759.jpg,real,train,train,train/real/07759.jpg,40855,511fec6b94f3b519e08620eda6c857f6,14187466356ab3db
train_real_07783.jpg,real,train,train,train/real/07783.jpg,30329,d9a1b35fa159584536750c5c47ccf495,5e637bb08940ea96
train_real_07797.jpg,real,train,train,train/real/07797.jpg,25428,96f4df5cad9501c51a130331b76e14c7,685aa5a1a7979685
train_real_07809.jpg,real,train,train,train/real/07809.jpg,33273,b349895bb3bcb1bcc7475795f292aa54,2f253f78f01a9a84
train_real_07823.jpg,real,train,train,train/real/07823.jpg,35205,d7adefadf1c1e5f045c9a24a19462d70,7d2aa456742136da
train_real_07840.jpg,real,train,train,train/real/07840.jpg,24929,8f5802d6038aeb71dda35e101cbbca2e,2a74bf928523319b
train_real_07844.jpg,real,train,train,train/real/07844.jpg,29597,2127b84db9cdaf06e6674dc0c1feaff6,7e78e1f126418687
train_real_07905.jpg,real,train,train,train/real/07905.jpg,24420,72e86879035c7428e618508f062bfdd5,1f5f217aa17852a1
train_real_07945.jpg,real,train,train,train/real/07945.jpg,33885,979d04a0636bfdcb39b10d8bbab29f9e,7087c6dbdd1c4924
train_real_07949.jpg,real,train,train,train/real/07949.jpg,30059,d3baf05e899863fd0bbb09ec6a88e56b,413d073a7e7c2358
train_real_08032.jpg,real,train,train,train/real/08032.jpg,25397,2599fe69b0531c6a7ea5f2296f8b0dfa,782a2b95851f538d
train_real_08049.jpg,real,train,train,train/real/08049.jpg,35062,53be2db7cc210ef9b1abbc9d7b71f157,785ff020e561c59a
train_real_08067.jpg,real,train,train,train/real/08067.jpg,29433,947dac43ef46a10d3b21a140e72dacc8,50e76386674c87ca
train_real_08071.jpg,real,train,train,train/real/08071.jpg,30465,6bca4398b3aab30d23818e2adfae0249,211dd6a01dfe8956
train_real_08085.jpg,real,train,train,train/real/08085.jpg,28445,5b6e3f1947a8a3ad8a5ee138ab9ec6ac,0ce135f692b0dad4
train_real_08115.jpg,real,train,train,train/real/08115.jpg,28765,f1c7bcfa58de2e29e57bf641ed8a3e1b,35f8ef530301aa3c
train_real_08120.jpg,real,train,train,train/real/08120.jpg,32929,a93dd718ee8f3b9afb63bf05f7c89540,49f72682343933cb
train_real_08152.jpg,real,train,train,train/real/08152.jpg,27390,913e080add55ffdd35b53722df24f146,6bf454e038e0b2d3
train_real_08155.jpg,real,train,train,train/real/08155.jpg,35262,452d6e9501c5b8fb1be55f257373a24b,4ffe3c20303d37c0
train_real_08168.jpg,real,train,train,train/real/08168.jpg,24950,227e3ea22edefadf9260a8ac007565a9,0fa51cb0343db257
train_real_08176.jpg,real,train,train,train/real/08176.jpg,31488,f22912f077f8cde9727daef9cd6486aa,1a5f612526e8d0dd
train_real_08227.jpg,real,train,train,train/real/08227.jpg,32435,dd020006d178ccffc9f1debd6c7d33fc,1bb2608a42c94fdf
train_real_08284.jpg,real,train,train,train/real/08284.jpg,28202,c10710f165ae47cbb8f225fcb897ece1,782a65a565e58696
train_real_08290.jpg,real,train,train,train/real/08290.jpg,33187,74be2884af944809c34569260c2f81cf,103b61472ee03f9b
train_real_08318.jpg,real,train,train,train/real/08318.jpg,27852,6c2cbb64f88eb0ab2a53644eaaa01ac9,4040fa570bf3598f
train_real_08399.jpg,real,train,train,train/real/08399.jpg,27633,0d6aff46b4d5c8c28759234fccb9d2bf,3764b2c6db8e38c0
train_real_08421.jpg,real,train,train,train/real/08421.jpg,25317,fb3bd2bcb95a732d8cb98e4806389c83,407f2c02fc8fde84
train_real_08500.jpg,real,train,train,train/real/08500.jpg,28522,89dfc66f3eb2ac5b786137684a41d639,21f409d34a89decd
train_real_08595.jpg,real,train,train,train/real/08595.jpg,29728,090eecd5e4e84ff3ec5879d127c152c3,1ae54ba6a478969a
train_real_08625.jpg,real,train,train,train/real/08625.jpg,29677,cafdf656b579ace7cea53d8957ca1949,0f5524ffa92582ca
train_real_08628.jpg,real,train,train,train/real/08628.jpg,31850,e008e7157ece53cb0ab02ef44df54fa9,16c0bc0bbc1bf09d
train_real_08677.jpg,real,train,train,train/real/08677.jpg,23815,84e7c4581e4d3742a1626b4a36117747,5e403d46b60dfe03
train_real_08691.jpg,real,train,train,train/real/08691.jpg,30600,d5987f1a1d62bd461384a15efb8d42b9,7a8a5515835a1e9e
train_real_08749.jpg,real,train,train,train/real/08749.jpg,32035,984291e0291ac2275d5cf2f6dabc2c82,67f8a0f07896c3c1
train_real_08791.jpg,real,train,train,train/real/08791.jpg,29160,7c10f8467b5f0ab6dfe9b270d70457d1,5f622307742d075d
train_real_08817.jpg,real,train,train,train/real/08817.jpg,25892,9f1b04bd80e4efca66fc91682f1ae1db,75fca080c74ad7c2
train_real_08828.jpg,real,train,train,train/real/08828.jpg,32148,7763a21dcca368a1cc5b2c331db814b1,1f953583248567cd
train_real_08830.jpg,real,train,train,train/real/08830.jpg,30368,0793a965cae2773fc205fbe4f2691a8e,08e034e1f2bfd788
train_real_08853.jpg,real,train,train,train/real/08853.jpg,30113,5d1f5b164cab560ca79d6a109ef62455,492f34323a7133c7
train_real_08908.jpg,real,train,train,train/real/08908.jpg,22828,7c57281bc5a103f757cdf03475f3abb1,2d393d703d7007d2
train_real_08914.jpg,real,train,train,train/real/08914.jpg,26640,08bdbc2224f0ebe3a7fe154d0cfe12ae,25cfd07c613461d6
train_real_08940.jpg,real,train,train,train/real/08940.jpg,27918,79952c5ae6815f8dd3284d9bce13f396,62e3eb8eac848e8c
train_real_08994.jpg,real,train,train,train/real/08994.jpg,28883,7e00ca29e14b34b3381ebef4d0baed6d,5e28610f673ac68b
train_real_09048.jpg,real,train,train,train/real/09048.jpg,33049,40ae01a3bc766a3493bd7c4ef394f104,2ff434123a31f2c9
train_real_09056.jpg,real,train,train,train/real/09056.jpg,22835,4660e403b3a5a32af72f97f70d91aa6e,6fe835703426c2c7
train_real_09112.jpg,real,train,train,train/real/09112.jpg,29758,bc9c829c7dac79bd04b813990a50b791,0da7ac97b53052d2
train_real_09128.jpg,real,train,train,train/real/09128.jpg,30044,5bd9a8b5781238f244cd3ae6a57689a0,0b2e6a05e641bf5a
train_real_09160.jpg,real,train,train,train/real/09160.jpg,29084,8a9e276b77479a44b59877ff955800c3,7daa0af423b302cb
train_real_09172.jpg,real,train,train,train/real/09172.jpg,29308,b11a2aa8a858d9d52e3314e476e17de2,7e52686fa50a868b
train_real_09191.jpg,real,train,train,train/real/09191.jpg,28149,4814f9f4aea37b4f148f8bdf558f22da,0717ff600d60d88f
train_real_09212.jpg,real,train,train,train/real/09212.jpg,34468,f2457b178608e3cbad9c7f227d488197,5f3d30f2a383c0cc
train_real_09228.jpg,real,train,train,train/real/09228.jpg,28302,dbdc5c4bf5e31a9264e876f9049d7f6f,7ef820a4a646879b
train_real_09250.jpg,real,train,train,train/real/09250.jpg,30619,96bf3a54803780a066800004064839f2,3e5f85e04be10dd0
train_real_09281.jpg,real,train,train,train/real/09281.jpg,24713,02b26cf188b2a16b8c62d2fb707411a4,2ffc7034f2f09282
train_real_09361.jpg,real,train,train,train/real/09361.jpg,32350,5b6810d0962a14f8c3378172c19b327c,126d4c29356f968b
train_real_09468.jpg,real,train,train,train/real/09468.jpg,28990,0f279789b505fd91b76e990df4700e8f,2c4a0ff33031db0f
train_real_09499.jpg,real,train,train,train/real/09499.jpg,33022,64637cba5e44c674ce4e0f4d7f050c28,0bbc2cf272d9c2c8
train_real_09505.jpg,real,train,train,train/real/09505.jpg,32362,3270d81644f3b5217e6c161d83fc8664,07a13e6a307997c9
train_real_09550.jpg,real,train,train,train/real/09550.jpg,28231,076e93adf819848aac5bc286557ce729,0dce6e69317182cd
train_real_09565.jpg,real,train,train,train/real/09565.jpg,36430,d03c174777f964962ec8e1ce42613dbb,0a2f782224fab1db
train_real_09575.jpg,real,train,train,train/real/09575.jpg,26087,72219d37fa33d6b3bd912dc38a22c6b7,13c0dfcb202f039f
train_real_09587.jpg,real,train,train,train/real/09587.jpg,33847,74db67f5a207ba78350fbd583a7190fd,305e53726262dbd2
train_real_09592.jpg,real,train,train,train/real/09592.jpg,25492,437bbb4543dfcd556006b5eed7393a5d,38e14be12535b28f
train_real_09624.jpg,real,train,train,train/real/09624.jpg,33184,f351180147ac0c7cafb3a0fc97125cfc,403e6be027e09fca
train_real_09684.jpg,real,train,train,train/real/09684.jpg,36021,141635079d733a3ca72ec3631ac5828f,782023dfee38268d
train_real_09709.jpg,real,train,train,train/real/09709.jpg,31606,261e7c27131b2e244d9316d2f9460031,2b2db476763a8298
train_real_09760.jpg,real,train,train,train/real/09760.jpg,22525,c95806ff88195ec6f770b6f5180edf80,7a4a34e13c96ce92
train_real_09793.jpg,real,train,train,train/real/09793.jpg,28310,7dd1904be7c9e3daded9414b302ce3ee,3dd31090b399978d
train_real_09839.jpg,real,train,train,train/real/09839.jpg,24675,ffe749f94e3ecea52345705814af5be9,4b6c78f02b9bc0c6
train_real_09860.jpg,real,train,train,train/real/09860.jpg,30757,eec02a3472351f2122d24883802c877c,1b16bc7d546342d2
train_real_09897.jpg,real,train,train,train/real/09897.jpg,28338,bf5e5ba9d107629819f61f853071190e,5ea16127662cfc98
train_real_09924.jpg,real,train,train,train/real/09924.jpg,26020,936824a2e1c6e8e71ad69e48c471bb9a,4ba73ca0b1ad83cc
train_real_10115.jpg,real,train,train,train/real/10115.jpg,31440,ac0e86cac720a48678711f5f7bd38843,6d1536113913578f
train_real_10158.jpg,real,train,train,train/real/10158.jpg,29441,43017fad39d79d04fd1ead16cd1b5947,1c62716f2a543e9a
train_real_10209.jpg,real,train,train,train/real/10209.jpg,21598,640e4138062778d14c4f31f918d56653,0b7c237083fc8adc
train_real_10221.jpg,real,train,train,train/real/10221.jpg,25313,6ea1469c2836f26ca68193438b33bbe8,26151a965bb16997
train_real_10236.jpg,real,train,train,train/real/10236.jpg,29914,5b9a39fb531ded2df59c877749344659,2bedb5e0748ad288
train_real_10239.jpg,real,train,train,train/real/10239.jpg,35212,4a1763d5e17a305d9b50d39308a544bc,381ae1d516839adb
train_real_10268.jpg,real,train,train,train/real/10268.jpg,30301,fe8b0117c69d35db9f1c7715089f2d9e,0bb174a2b3098bdd
train_real_10301.jpg,real,train,train,train/real/10301.jpg,28958,f6b7f971ebf84cd276dcdd0018d64608,4eb135a23317c2ce
train_real_10306.jpg,real,train,train,train/real/10306.jpg,25278,42501f1b49315d406ac94273ad768161,1a6168e6ed944bc3
train_real_10412.jpg,real,train,train,train/real/10412.jpg,32671,159ea674a6059d29c89c5ec22d618355,4e71256226693bd9
train_real_10471.jpg,real,train,train,train/real/10471.jpg,31118,0806c159b1eb6a9341146afb86a202ae,332f3cf0c0d289da
train_real_10491.jpg,real,train,train,train/real/10491.jpg,30626,95384a08ac1dc65b2f59b8d2fecde348,077f7ea262534a88
train_real_10543.jpg,real,train,train,train/real/10543.jpg,25655,2a1192e36a92588d0b0f14b7ae1f5e6f,2bfc43a053b0d38b
train_real_10566.jpg,real,train,train,train/real/10566.jpg,25263,0b69df4b8a5a9d3f9bbb319ad699b4ff,577d7a20202027ff
train_real_10602.jpg,real,train,train,train/real/10602.jpg,27004,cb17a3ef65787b39aee6851e17c2a8a2,0e18e137e426f68e
train_real_10604.jpg,real,train,train,train/real/10604.jpg,30852,33c2a7f626a8fe019ddaf42a3edb48ba,65e8b7e0620f0f8a
train_real_10638.jpg,real,train,train,train/real/10638.jpg,25068,3caf2f525c4474d77a47a157c9c9a0ba,525f68e965055e85
train_real_10652.jpg,real,train,train,train/real/10652.jpg,28246,f8a1367ee9a3b707a4386e1093b7f78c,7a7a71a12564d694
train_real_10689.jpg,real,train,train,train/real/10689.jpg,29191,34c61f6a1ea369b52ce4c2dcb96cc60c,0f2850d37dc89d5a
train_real_10709.jpg,real,train,train,train/real/10709.jpg,29835,0ac0dde1fb792b6af8d58782db33396d,0d29f6ef1224988f
train_real_10726.jpg,real,train,train,train/real/10726.jpg,31454,21ffe53601e7d7bdcd5bc29a07ef46d6,5ec0e186b6dc9a98
train_real_10778.jpg,real,train,train,train/real/10778.jpg,28635,e4bad8f01b6524f99a5894d973d51896,5f69f04383418f17
train_real_10781.jpg,real,train,train,train/real/10781.jpg,21314,7d3caef12839ada4ab43bd21c1904859,0f6975b470b0d392
train_real_10803.jpg,real,train,train,train/real/10803.jpg,40247,694a4ef80aa927984bece23a2fe744f6,1b6e72602578c3da
train_real_10807.jpg,real,train,train,train/real/10807.jpg,25172,83e6dfd19286ff110acea290c89fdaf4,6e213ce525c287ce
train_real_10849.jpg,real,train,train,train/real/10849.jpg,30964,e98654813431ee6eea81ef3925875510,7ce06aa787988789
train_real_10856.jpg,real,train,train,train/real/10856.jpg,26232,31153fddc6f34b8fa2143c82b44ecb6e,5ee028b73587c48e
train_real_10913.jpg,real,train,train,train/real/10913.jpg,31175,5d4b04212fe9185b52bdd232c3fd43d1,1f2e30306771c79a
train_real_10925.jpg,real,train,train,train/real/10925.jpg,35868,119d6dff1323f7addfc7079a3ffeed17,0be9dcc5a80ad5d1
train_real_10957.jpg,real,train,train,train/real/10957.jpg,33546,8efec6ce785cd443d44e4c942a65da04,209d80ba2d7e0ff8
train_real_10959.jpg,real,train,train,train/real/10959.jpg,32326,fe140cd2a21e907497114b399d866105,4f7274d3d2883345
train_real_11015.jpg,real,train,train,train/real/11015.jpg,23125,d803bac582a2ca8850547128cddf5368,7d42716a3d6041bd
train_real_11025.jpg,real,train,train,train/real/11025.jpg,30818,46c53febd8a84f464dd8f44b408b5af0,0587788575a6d69a
train_real_11036.jpg,real,train,train,train/real/11036.jpg,27852,ec303d9650cdbf570f04a841ce13530a,5ae170e66170f0cb
train_real_11083.jpg,real,train,train,train/real/11083.jpg,30960,e46b54c33c8ed7db3b61741f6fae5789,1c0f615e271d139d
train_real_11087.jpg,real,train,train,train/real/11087.jpg,25253,9e299955c6a4bbcd894b2e5f30e704c4,4ad64d423d2d368d
train_real_11103.jpg,real,train,train,train/real/11103.jpg,31014,c512d201b8eb9adf6ead241b17c7ce1d,4fabb08ab4a0a7c5
train_real_11134.jpg,real,train,train,train/real/11134.jpg,29087,c586cd8769e4b721e3fecf1da29695ed,1a676113b7592752
train_real_11144.jpg,real,train,train,train/real/11144.jpg,34526,63f96537e4ae1711f78df909a0a0173c,48d2ad41698ded8e
train_real_11156.jpg,real,train,train,train/real/11156.jpg,27345,0f2f22e5d33a312b8ce7e7adb1a266a2,453f5eb0e84065ce
train_real_11234.jpg,real,train,train,train/real/11234.jpg,33823,9358263b30a67f34c005baf0df052cb7,7a3b317be009c10f
train_real_11237.jpg,real,train,train,train/real/11237.jpg,30543,bc37548e9966060111e6230e75100990,0ce9a9870b8cecdc
train_real_11295.jpg,real,train,train,train/real/11295.jpg,23793,7dc4196d916928ab663b1ea51c77fc7f,66caadaaa530959c
train_real_11296.jpg,real,train,train,train/real/11296.jpg,26871,d876be806f42e11c6a4d883cdff3c781,7828878594f29bc7
train_real_11379.jpg,real,train,train,train/real/11379.jpg,29376,5841bf3208e85527c74dd1bc73f1c4a6,1ed53013257d7683
train_real_11419.jpg,real,train,train,train/real/11419.jpg,32112,f472071a2c8dd6384b6af227ccec581f,0df2f2c2ca796099
train_real_11423.jpg,real,train,train,train/real/11423.jpg,31653,23c02b0f7a52a0ec4035404c07b571d3,44bcaf19d0787463
train_real_11449.jpg,real,train,train,train/real/11449.jpg,29285,aa22b2f1e5d0d93b44cac9432b64d6ef,48f5d6c3aca896c8
train_real_11457.jpg,real,train,train,train/real/11457.jpg,31612,b6f86db97841fe71f6299447cb0d69b3,0a8a2d1f742f74b4
train_real_11508.jpg,real,train,train,train/real/11508.jpg,33254,76b1eb0d9f60bc385259a119b0f38f71,2dbdb492f68882c6
train_real_11510.jpg,real,train,train,train/real/11510.jpg,29708,53a0cd0010df4b7eccc2832e7719234d,78fa29e12d617581
train_real_11559.jpg,real,train,train,train/real/11559.jpg,29746,03e2e50ceddda62aa497dca9754522df,0909347679238fd7
train_real_11600.jpg,real,train,train,train/real/11600.jpg,23436,e3c4586720d84e14f709bfabdd3f8cc3,608f55ab544d96ca
train_real_11634.jpg,real,train,train,train/real/11634.jpg,23467,787bc3d71d1762ac8be3d6a7d0996291,39ee60b4633443ce
train_real_11653.jpg,real,train,train,train/real/11653.jpg,27581,1e5800983c612072543050a9065ddfa6,57e800a5f017f28f
train_real_11654.jpg,real,train,train,train/real/11654.jpg,27001,cf5c853a235389d0d5c5d5d24a5f467a,70ed83c58e9c9c98
train_real_11706.jpg,real,train,train,train/real/11706.jpg,25457,14bda153817a1ce41773b2011aa1a9c6,1a6a2165275cd68f
train_real_11810.jpg,real,train,train,train/real/11810.jpg,24393,bdaeb4fedc3d450deaa3c41d345abfe0,5e8104f51fe980de
train_real_11875.jpg,real,train,train,train/real/11875.jpg,41440,f4fe2b5a7e2909e98462e139f0adc329,2fb95cd488f65089
train_real_11878.jpg,real,train,train,train/real/11878.jpg,26085,37d1345a4b78abcf39ee0a39529230c7,1d1d6032626ca7de
train_real_11924.jpg,real,train,train,train/real/11924.jpg,30588,5f6161d6f48c6c6b0db71b5d8ea2e183,57a0f28bc829c78b
train_real_11932.jpg,real,train,train,train/real/11932.jpg,24525,e7535176911c6e0ef9f7a5680fdc77cc,23502f75a4a587d6
train_real_12024.jpg,real,train,train,train/real/12024.jpg,36118,b536259bfce84e042fb189fc82e80f2d,5e016da28dfad8d0
train_real_12071.jpg,real,train,train,train/real/12071.jpg,30161,8fb73a0efb077ae35f5c3b9bad8adc8b,0e6361be545c9e98
train_real_12082.jpg,real,train,train,train/real/12082.jpg,28071,65871c3e63c3366a945a77b65500f05e,1aea70e0615b479b
train_real_12091.jpg,real,train,train,train/real/12091.jpg,28356,40d467b43d59a8f6ef15d1ef763a455c,5ae3636765e01e90
train_real_12186.jpg,real,train,train,train/real/12186.jpg,29689,a38f9f4b02f9320703888a53e31f1eec,115a2b682657e69e
train_real_12190.jpg,real,train,train,train/real/12190.jpg,34524,e8b1ec1b82adee198603a6dea634794f,077c612c63ccc3ce
train_real_12260.jpg,real,train,train,train/real/12260.jpg,27143,376510d7af33f10f3a8f40132a9b0c04,053f36b07013cb97
train_real_12283.jpg,real,train,train,train/real/12283.jpg,29472,9b295136c0e4f2e9d204c90388f26d66,4a386d773063b68a
train_real_12292.jpg,real,train,train,train/real/12292.jpg,29641,d6d7558f8e666a16ffdb6db9682945a2,294ab4b53636f289
train_real_12327.jpg,real,train,train,train/real/12327.jpg,22092,eb3674a449ae18002d8c75d8cd03f232,6a79a9a6998d84a6
train_real_12330.jpg,real,train,train,train/real/12330.jpg,23721,cb6e3e8bcbeaa75b09b2b86cb96ce099,1e646a66359ada91
train_real_12331.jpg,real,train,train,train/real/12331.jpg,31892,01f78fc40e659f53480cea08598aff90,6a586925717117ab
train_real_12354.jpg,real,train,train,train/real/12354.jpg,32121,577504306ac516158b67a83fe88353c9,1eeb7c21742087d3
train_real_12378.jpg,real,train,train,train/real/12378.jpg,31494,32811542195b137d5756b8849db7caed,5ee021a725dc969c
train_real_12380.jpg,real,train,train,train/real/12380.jpg,29170,7794c48ab407474c3b6cbdb8502294d4,0bb435122b99dd99
train_real_12384.jpg,real,train,train,train/real/12384.jpg,27798,8712e9f99faee8d6597ba76038a7434a,492d7a72704156cf
train_real_12388.jpg,real,train,train,train/real/12388.jpg,26936,fca0d61f4aada64166581d5804afe08a,4ee31cea616de209
train_real_12482.jpg,real,train,train,train/real/12482.jpg,36244,02b1d859c82c856157f962e8c72f07ae,3aec9082a354cadf
train_real_12487.jpg,real,train,train,train/real/12487.jpg,29406,7f9ad5f1e4406a28ae3d37438bc66d3f,5c186a17367023df
train_real_12504.jpg,real,train,train,train/real/12504.jpg,30293,4c3fdf1f532e2232788747f54aceffd1,787063a1c1c39e9b
train_real_12560.jpg,real,train,train,train/real/12560.jpg,27096,67f8b52a8a073a307b6a7010efe19199,0a763cc3740d9adc
train_real_12585.jpg,real,train,train,train/real/12585.jpg,37620,047fe07b59f901e7998f1417d9704dd5,31aea395d8496599
train_real_12587.jpg,real,train,train,train/real/12587.jpg,32084,409730fb43973d8ed4d76ce9cf0321f6,1cf4b5732103939b
train_real_12606.jpg,real,train,train,train/real/12606.jpg,27553,4be77ec3aff51201144a2f34ad2573d5,50e86f61656387c3
train_real_12607.jpg,real,train,train,train/real/12607.jpg,24623,1e80f24c6c7eb807f4b07225281446b1,69a465bb76949292
train_real_12633.jpg,real,train,train,train/real/12633.jpg,33610,acb203c037a97024e16e67d4978a37eb,221030f67332d79f
train_real_12667.jpg,real,train,train,train/real/12667.jpg,23703,266a9761fe2d08113334bf56108eeae5,1a0a7761376936c5
train_real_12682.jpg,real,train,train,train/real/12682.jpg,31479,67225b07515c4d7aeb4acfbd6552937f,2a3db5a15b31d0ca
train_real_12692.jpg,real,train,train,train/real/12692.jpg,28271,d3a0fa53c8d33557a075f10b7b6f2ce2,7a9ae1b15639128d
train_real_12764.jpg,real,train,train,train/real/12764.jpg,36932,b9532b9f37742fcca480b9ff9680c57d,4ab02db324f6c6c6
train_real_12772.jpg,real,train,train,train/real/12772.jpg,21081,5a9849bfad97be9112c0eefc725a6722,36cbf887c026cc9c
train_real_12785.jpg,real,train,train,train/real/12785.jpg,29315,f291bd60204eb6f7b870f1b2c7e08235,027c77aa748d0a8f
train_real_12881.jpg,real,train,train,train/real/12881.jpg,33398,5e162006c52ccd67b503be190f3462bf,6bf4d4c241c38a8f
train_real_12892.jpg,real,train,train,train/real/12892.jpg,28379,d300f1eca2635eb8152e7f2edc3a2524,57e3d242032a4b9f
train_real_12893.jpg,real,train,train,train/real/12893.jpg,29196,a6020f3cc70088b229f8d037afcd1c90,7a96078235499adb
train_real_12907.jpg,real,train,train,train/real/12907.jpg,25478,b23566d5c988c905cd676316df7c64c8,04b636db53998b8c
train_real_12915.jpg,real,train,train,train/real/12915.jpg,22555,65bed04381ae01077720d41e0c3aa64d,1aca25ab2462dadd
train_real_12927.jpg,real,train,train,train/real/12927.jpg,29873,16023e73666207d440747425afacd268,0fd514c3126b978b
train_real_12932.jpg,real,train,train,train/real/12932.jpg,30028,1467a84a5b56ef551390901375dc7c37,6fb914b432e017ca
train_real_12959.jpg,real,train,train,train/real/12959.jpg,35408,305bdff8d6d8e0dcf9c366320bde1efa,4b2534f7c0789378
train_real_13017.jpg,real,train,train,train/real/13017.jpg,28497,ffcf020baec3fcf1f6c1dece98f1883d,4b203d223b35de99
train_real_13028.jpg,real,train,train,train/real/13028.jpg,29191,b8dcfe9a18d308c8e5adbace76968cf8,4c663083537c4edb
train_real_13040.jpg,real,train,train,train/real/13040.jpg,28394,d3464018f398be1c100eaa6daa22c50e,6a710fc5c12f3683
train_real_13042.jpg,real,train,train,train/real/13042.jpg,30749,1d85af9640ed16318b68e263462e8d13,5ae1a987869c969a
train_real_13097.jpg,real,train,train,train/real/13097.jpg,23706,fe158cfaf8131a7687d74789b8a72800,5c6a692725768a9a
train_real_13142.jpg,real,train,train,train/real/13142.jpg,31245,25ae3c821f61fb556257ece0def41616,3a3c0187566dda5a
train_real_13153.jpg,real,train,train,train/real/13153.jpg,28226,92a03377db6f4402afbb1f3b3813fbdf,64919f951de40ed8
train_real_13158.jpg,real,train,train,train/real/13158.jpg,28563,3029fe1aa3f6bd9f03197c3aaeb679bd,4ffe7080c0cbc9cc
train_real_13167.jpg,real,train,train,train/real/13167.jpg,31677,1568dbe4720bfe6a3a10a3a9a5d70bbe,46edeab49918898d
train_real_13324.jpg,real,train,train,train/real/13324.jpg,24372,ee6bbfd3fccc5abf9daf771331f03823,074a78233571b79a
train_real_13342.jpg,real,train,train,train/real/13342.jpg,28296,6ce940086d99c99a46099cbdf567bed9,4a2565e6265c969e
train_real_13365.jpg,real,train,train,train/real/13365.jpg,24899,ec7d2a0d8aa8f8c845cc2d3efca8f062,4d333cf3730800df
train_real_13373.jpg,real,train,train,train/real/13373.jpg,27068,d3eebf09c5be61a76b34de7631662916,5ebc61b32168278d
train_real_13397.jpg,real,train,train,train/real/13397.jpg,24886,d4873e7fcffa58edf85c8ddd6ad438f5,49e4243633333f99
train_real_13428.jpg,real,train,train,train/real/13428.jpg,34291,d607387bb2a9cd5ca312980f34283163,214f56095a164fde
train_real_13537.jpg,real,train,train,train/real/13537.jpg,25031,b1baf61a155e09cf95d4d9cfd4cd09b0,2b0b4f0b2f2d2d94
train_real_13573.jpg,real,train,train,train/real/13573.jpg,23182,6ed589041fe9143d45bd08e1d92454ab,21f4539782c2d8f6
train_real_13594.jpg,real,train,train,train/real/13594.jpg,26719,d25693a71c87b0bcec893f51564db4cf,530b4061356fcbcb
train_real_13606.jpg,real,train,train,train/real/13606.jpg,24211,e46d0ef73d70ea1e57a7b51c486553d8,63f8076d056d9e84
train_real_13618.jpg,real,train,train,train/real/13618.jpg,34117,7b20b037408844f059f9d30041e5d97d,48bd21721293cbcf
train_real_13623.jpg,real,train,train,train/real/13623.jpg,27390,b71db2f8965365a468e20340707168a6,3f2db67eb00086d2
train_real_13685.jpg,real,train,train,train/real/13685.jpg,30818,d4f7e928b8b759ea34c63e70c1df9b64,4a3225d634f866cb
train_real_13764.jpg,real,train,train,train/real/13764.jpg,28942,10413329a7ced2b09d280d32e7b9a270,091a767e3029c7cd
train_real_13774.jpg,real,train,train,train/real/13774.jpg,37355,03d151b380f24cc5821c6a60abb8214e,1ae8607525689e9f
train_real_13797.jpg,real,train,train,train/real/13797.jpg,29503,1da248edbe03a9e3f6bf97f291143945,25be3eb0f09183c9
train_real_13846.jpg,real,train,train,train/real/13846.jpg,24816,871677024189601bb39f72e84590eb27,3f5f7a70787000ac
train_real_13933.jpg,real,train,train,train/real/13933.jpg,22056,8d3bcf580d8e7de9de9eda69e5c5c547,62f8e48784d2da9a
train_real_13941.jpg,real,train,train,train/real/13941.jpg,33951,39679ab2f943f9bf68c12102293c498f,1a6d3867342dd21e
train_real_13946.jpg,real,train,train,train/real/13946.jpg,26133,cf5404d4fd52a76676a95a29e3c1e853,3d8f523476247cc2
train_real_13955.jpg,real,train,train,train/real/13955.jpg,31579,92d410c78ab6a34b0981eb6db4efe5d6,7ec5c1d69e0f9808
train_real_13989.jpg,real,train,train,train/real/13989.jpg,25459,e0c47e439f8c507ad6959907f468c02d,4bd03ca67a358ad8
train_real_14052.jpg,real,train,train,train/real/14052.jpg,24194,d7c85824f834e86f6de78256a7ea610a,709c8fda2a6122f5
train_real_14101.jpg,real,train,train,train/real/14101.jpg,28122,9498bcd45c9263c753faa3b0519fbaeb,44fd44c86b306cdb
train_real_14109.jpg,real,train,train,train/real/14109.jpg,30516,c364da0fe27516ef6a01df4851f4ad49,2fe47497602d66b0
train_real_14133.jpg,real,train,train,train/real/14133.jpg,31840,9e44f747023db005d44230bd4ab47cf4,52fc0bf42d0566c6
train_real_14182.jpg,real,train,train,train/real/14182.jpg,30182,ef7b4437091ee7a3249c722a04fc9196,306b64a1a4f74799
train_real_14210.jpg,real,train,train,train/real/14210.jpg,29005,f90650e7fc9ec6206b382c5c9efbeb5c,1cfe61222568b7ca
train_real_14220.jpg,real,train,train,train/real/14220.jpg,34265,7b77975275b320006154f6dbae317fd0,0a3d61250565decf
train_real_14231.jpg,real,train,train,train/real/14231.jpg,38381,09146558cbe489b26bbb492ebdc6a15e,4b1f7472722072d3
train_real_14296.jpg,real,train,train,train/real/14296.jpg,29997,1fc418262489468a9cc9a97af0ce8c2c,54f513002d7cda9e
train_real_14311.jpg,real,train,train,train/real/14311.jpg,25731,baeb46427043bc985284763c0c6e384f,7ae8252525f4d686
train_real_14332.jpg,real,train,train,train/real/14332.jpg,28418,2c04df10f1de4d5ccf43267fe48b2ee8,1f6561e5258ac687
train_real_14358.jpg,real,train,train,train/real/14358.jpg,28037,32e67ff63f36a4b547406c630125d21d,58117b236562eed4
train_real_14370.jpg,real,train,train,train/real/14370.jpg,25324,fe3ab730994b2dd3872a7f89cda0bf86,09f4e1c2874ecbcc
train_real_14378.jpg,real,train,train,train/real/14378.jpg,30216,6972238feca2d27a81a2c5600ed44f18,039cf0b10723679f
train_real_14381.jpg,real,train,train,train/real/14381.jpg,31259,eca7852cb777c41ecde0c55db1da2fe4,4ee32932b3398e8a
train_real_14468.jpg,real,train,train,train/real/14468.jpg,24413,75e4540210987d68c149a46bd280d097,396c2f612f64c09e
train_real_14536.jpg,real,train,train,train/real/14536.jpg,29820,7f2d33e08f27ba1cefea906121ff3a43,48f01ff27eb39082
train_real_14563.jpg,real,train,train,train/real/14563.jpg,33689,136579dc4844454316ae924b7d9b7a3b,3ee0b5c207f88599
train_real_14640.jpg,real,train,train,train/real/14640.jpg,25917,ab6c30f7b94a26c6924b2523176106cc,4b14eb267bb40a55
train_real_14642.jpg,real,train,train,train/real/14642.jpg,27919,d63cab22cfdcdb5eeb4b8bb3e34eaa17,4a573817f00de78c
train_real_14647.jpg,real,train,train,train/real/14647.jpg,23589,16ca8306ab7e8d31c057d3cf69ef9d85,683867a766260e9e
train_real_14652.jpg,real,train,train,train/real/14652.jpg,28751,3f65e29e3ae98dfbf9527f42ad72d64a,14de63d12e6143ab
train_real_14675.jpg,real,train,train,train/real/14675.jpg,24828,c994048c5008ab7907071f7ef7ec63c6,7ef5b082125e5a70
train_real_14677.jpg,real,train,train,train/real/14677.jpg,27782,f4390e709155d93d263109ab445360ee,500b29e5f5763392
train_real_14692.jpg,real,train,train,train/real/14692.jpg,32318,4215d4e4bb2bd06864a23b1ab71977c9,1a6d39673470b28b
train_real_14753.jpg,real,train,train,train/real/14753.jpg,33514,f193523298e3edff0cc7d9c6a6b66936,00d0f393728b5a5f
train_real_14838.jpg,real,train,train,train/real/14838.jpg,31337,690f3e1da8dd4d6d2fa440f73c8af009,19f4e9e4ec64a492
train_real_14840.jpg,real,train,train,train/real/14840.jpg,28663,b5ba821cfc7b919ac87d831679218338,09b47a9334d994cd
train_real_14856.jpg,real,train,train,train/real/14856.jpg,26055,4f75d186d3219886bce78b4c7cff5b99,5f0d782e657a0623
train_real_14902.jpg,real,train,train,train/real/14902.jpg,31352,42a8ccac944cf905cc79f1279086189e,4b7030cb317972cd
train_real_14913.jpg,real,train,train,train/real/14913.jpg,33260,23cc56a7e37c6cf998715ee683c62152,1ac2a0f5f62c04df
train_real_14993.jpg,real,train,train,train/real/14993.jpg,22455,abc456dc93f3da5a0062ae4f710ef1ef,1a6f616525699693
train_real_15037.jpg,real,train,train,train/real/15037.jpg,26832,e61612972734678c78f60cf3970e6014,1c2aab9594d0d6da
train_real_15050.jpg,real,train,train,train/real/15050.jpg,27933,97f2cbe52f622a3beb3e33c53f824e53,0ac54f47760a8ecd
train_real_15069.jpg,real,train,train,train/real/15069.jpg,45785,dc5154314c2112fa75336acfe4bcfbb3,7a7cc2853f387083
train_real_15087.jpg,real,train,train,train/real/15087.jpg,35727,dd5994be63c48fe9a1cde4779fd51c48,5e3829a5e59e0d98
train_real_15142.jpg,real,train,train,train/real/15142.jpg,22373,38aa2f3cbba08ce74070367c60d80c6d,5e6c6c6525699689
train_real_15148.jpg,real,train,train,train/real/15148.jpg,28140,0773b9e03a0d98319420b3117da238e9,3bb4a1d482d2939b
train_real_15237.jpg,real,train,train,train/real/15237.jpg,29254,9458d7c9120b0865423f971359daf5e9,49147ea2319b83cf
train_real_15371.jpg,real,train,train,train/real/15371.jpg,25312,dc236096b44ba87f145f923594ed4d99,3fbf4876b42052d0
train_real_15426.jpg,real,train,train,train/real/15426.jpg,24350,98986efd231229da8091fcc6688a23f7,4d3c747272418d8f
train_real_15480.jpg,real,train,train,train/real/15480.jpg,32107,1dfb9f866df94f650bbd5fbcc4dc44cf,7a2b25372525d6c4
train_real_15513.jpg,real,train,train,train/real/15513.jpg,23017,f386a533bcc40417e7cdd2852b15b76e,63716b632c619a8e
train_real_15601.jpg,real,train,train,train/real/15601.jpg,21581,b2b4670cac9a53a85938ad50f7bd618d,493d3cf033a111cf
train_real_15612.jpg,real,train,train,train/real/15612.jpg,27451,5542eb91a1fa7a59538b673e83324fa6,4b38677272218fc6
train_real_15625.jpg,real,train,train,train/real/15625.jpg,34948,22e25b7a9b1aa0b396f4e9d5d63014fb,74c0ed42abd40fca
train_real_15654.jpg,real,train,train,train/real/15654.jpg,26780,dfeed64986d8e991a34328712b3a4f3f,5b973d74342486ca
train_real_15692.jpg,real,train,train,train/real/15692.jpg,24431,52455553f9657fdb072cf65c2dcc4fbf,2a2d39a3755897c8
train_real_15706.jpg,real,train,train,train/real/15706.jpg,25176,4d700374fb5fb3e22eba5696f5654eeb,43b34cb54ec68a9a
train_real_15710.jpg,real,train,train,train/real/15710.jpg,33030,c6b5e920dced91d2624921a612104f1a,2aa7f1869ee202cb
train_real_15763.jpg,real,train,train,train/real/15763.jpg,25608,bfde90f75e4ce846f0aba51b96881760,460aa5778f651acc
train_real_15815.jpg,real,train,train,train/real/15815.jpg,29628,606069d72c67aeb9839a575ac047340c,4beb7d34303c2398
train_real_15918.jpg,real,train,train,train/real/15918.jpg,30879,64b287bbe5f8ae12c1fff8dc489e748e,6f87b4e0712223cb
train_real_15919.jpg,real,train,train,train/real/15919.jpg,33445,93a850eca91e6c0b533f021b80a09fcd,4b4f65b57e01128b
train_real_15983.jpg,real,train,train,train/real/15983.jpg,29486,94339a83868b1ac3a876f175e8e7bfb5,1f05786a73398393
train_real_15991.jpg,real,train,train,train/real/15991.jpg,19927,2ee7a78f1306778c81ba809de45ca670,2636dad3d921c6c8
train_real_15994.jpg,real,train,train,train/real/15994.jpg,32217,50e0110380ed67aa77f9c3a0b5bc4b44,6592a68af875ea84
train_real_16045.jpg,real,train,train,train/real/16045.jpg,25571,9e285e7f31b7a3024a7e763d3156d7c0,0a5d2157ce7598c3
train_real_16078.jpg,real,train,train,train/real/16078.jpg,27087,244deeb8cad6221334fac147e8f41b01,2f0d7e34313e02da
train_real_16106.jpg,real,train,train,train/real/16106.jpg,29411,63c19f78856aa8b1397afa26c865c53f,15cadacfd268a309
train_real_16148.jpg,real,train,train,train/real/16148.jpg,42276,f26b2c09646c1585f15c014169ce46c6,7ea007d5ce2d18a3
train_real_16176.jpg,real,train,train,train/real/16176.jpg,26691,44c3c474854f68813e8c28a5b4e7975b,1e0127d88f548bf5
train_real_16244.jpg,real,train,train,train/real/16244.jpg,19141,88dea1e3f6f84d5d7e277064791387d0,37ffd0c0c181c987
train_real_16328.jpg,real,train,train,train/real/16328.jpg,30905,a6701c23f46e1664c6be1dfdfdd435b9,2b32b592d29291db
train_real_16349.jpg,real,train,train,train/real/16349.jpg,33540,5904770a43a6e00ddebf0594d6e58f86,157e6345a750d493
train_real_16381.jpg,real,train,train,train/real/16381.jpg,25937,ec4448839462babcbd719645553a358c,7a6ca58796ca8e88
train_real_16399.jpg,real,train,train,train/real/16399.jpg,25961,839d8c4fd91df27b303005bea657a075,1e6861b5219ea5da
train_real_16406.jpg,real,train,train,train/real/16406.jpg,25203,936b0cbf5f1027f63cbd71b026f5bdb9,2df021f462b7c287
train_real_16432.jpg,real,train,train,train/real/16432.jpg,25401,042eac9f6c562723b6d917f4fcb5d366,50ea278ebc99b219
train_real_16489.jpg,real,train,train,train/real/16489.jpg,25780,19dd4665d8934cc43200c75034f8e723,4dc62606211ff9dc
train_real_16578.jpg,real,train,train,train/real/16578.jpg,28846,0cd18226481b05b44b719eed27cb2b5c,637e16b4b09382cd
train_real_16637.jpg,real,train,train,train/real/16637.jpg,35639,591019384109eaa59ce42ac23db25f3e,2ff570ab032c46cc
train_real_16652.jpg,real,train,train,train/real/16652.jpg,24447,b1ee26c5d6c5f86315f937fe1e401378,565500b449fa87db
train_real_16767.jpg,real,train,train,train/real/16767.jpg,34582,f535ed7c733aa01edc1138e919198df8,5f78042b202df6c7
train_real_16780.jpg,real,train,train,train/real/16780.jpg,27665,c9a3b27f784e23f08ce452e9d63f63ce,7ee83c061fdc818c
train_real_16821.jpg,real,train,train,train/real/16821.jpg,33766,a09498cdc1796d07754dbb4581544045,56d54ec96a0922cf
train_real_16826.jpg,real,train,train,train/real/16826.jpg,34491,9a4c838f8acbc68186c74cf625377b70,1ec5b1d4746a6613
train_real_16842.jpg,real,train,train,train/real/16842.jpg,33541,c51350c02c692e6ad40efbfc14d6901a,182a686567ede691
train_real_16856.jpg,real,train,train,train/real/16856.jpg,26423,90a710be53dd5c5a8d7223020f7791ad,7ee121f505c29693
train_real_16917.jpg,real,train,train,train/real/16917.jpg,35954,e104f2a0d900cd99fa239f78909ef279,5b6321e1a5c8d2f1
train_real_16930.jpg,real,train,train,train/real/16930.jpg,23453,e77c45456ff32b6b83f0cd24f640862e,6256af8d859d9494
train_real_16937.jpg,real,train,train,train/real/16937.jpg,26240,b5c567cdb432fcbc8b9dace33c0573a8,7e0071f633c8c2ce
train_real_16952.jpg,real,train,train,train/real/16952.jpg,28457,3462f858b74c99c5f4f2b867424c8a2b,1a4eb12e51a09bdb
train_real_17235.jpg,real,train,train,train/real/17235.jpg,30069,8a4219051402772656d82c7ce270a89c,35bcf2f0a1a381c9
train_real_17238.jpg,real,train,train,train/real/17238.jpg,33918,f15c4e413411f63b967b70fe1b35ef88,09573bb45278720f
train_real_17243.jpg,real,train,train,train/real/17243.jpg,26004,16a2312c4cd7f4337fb092580ff8c5a1,1ae060a7351a8f9f
train_real_17317.jpg,real,train,train,train/real/17317.jpg,29010,c1729bd1620496a909fa725ef88ccd2d,0f297d77a024da8a
train_real_17335.jpg,real,train,train,train/real/17335.jpg,34853,08f606b014488d17903918e9a95ac44c,0b3c65234075deda
train_real_17336.jpg,real,train,train,train/real/17336.jpg,32461,ab82d013f50113ec494276ccd415ef78,3b9260e162c9f3d2
train_real_17368.jpg,real,train,train,train/real/17368.jpg,31219,2f81c36b9e0437a82eb675b2b3610580,575a2b0165896add
train_real_17370.jpg,real,train,train,train/real/17370.jpg,34509,2b8b951fdd2c20752eb77d67232571d1,093a75e2474ebc8a
train_real_17378.jpg,real,train,train,train/real/17378.jpg,28875,fa2fb0ee876d31116ff2661cfd9489ee,38fea98785c0d2ca
train_real_17405.jpg,real,train,train,train/real/17405.jpg,28620,7b3ce5070d5c2bc479edc52cd2669562,24d6ff042c3cda98
train_real_17423.jpg,real,train,train,train/real/17423.jpg,27275,8f64af911630b8e7598bb43ad3d81f3a,2601763679377619
train_real_17443.jpg,real,train,train,train/real/17443.jpg,23726,99ec763bd925a8a58550d0de66601dda,63a487aaa4ac959e
train_real_17490.jpg,real,train,train,train/real/17490.jpg,29322,c723db97ef60b0b049c1820f8180965a,2aa079c37839f0ce
train_real_17538.jpg,real,train,train,train/real/17538.jpg,33500,c58237e615486c9f6b527d0917f2869e,5c88ab7755265496
train_real_17575.jpg,real,train,train,train/real/17575.jpg,32865,ee19ca9158dbf56fd3136c02e670dda3,4679e15c6170dec2
train_real_17585.jpg,real,train,train,train/real/17585.jpg,24658,2b4865df63a4d5f41aac16320c10f70b,4ef125863c3c319b
train_real_17600.jpg,real,train,train,train/real/17600.jpg,22406,34d6f43c5fce4fb1697677425d34b14d,1c6a65a72654d699
train_real_17636.jpg,real,train,train,train/real/17636.jpg,23388,e86e9dc7de380f05905f86e7fd974c1d,166a6a578d558655
train_real_17676.jpg,real,train,train,train/real/17676.jpg,25865,9ba202136c9c27a74f85a46eafdf874e,0b0a7d57749b8a89
train_real_17743.jpg,real,train,train,train/real/17743.jpg,28212,9967c151f7c70367d349520d2d2a969c,3018eb2d642555bf
train_real_17768.jpg,real,train,train,train/real/17768.jpg,29590,264f8e6900ff15bb6e3200097f221653,4be13dbf2b38d400
train_real_17785.jpg,real,train,train,train/real/17785.jpg,27177,8eca19fd24923a84af6d677cd9c4ae4d,43293efaf94980cc
train_real_17941.jpg,real,train,train,train/real/17941.jpg,27515,85c70ce6cd6c1c568d8ff3a0e585b9f8,2df5d0c2c288978f
train_real_18012.jpg,real,train,train,train/real/18012.jpg,38727,40dc3f3673b1576e3ed42cbae1e31c79,1da668a7266e82ce
train_real_18176.jpg,real,train,train,train/real/18176.jpg,38123,a5561118cfea6668ba87d942a553c87e,7a9da39a27696241
train_real_18218.jpg,real,train,train,train/real/18218.jpg,28722,18739778ca3bf478db160963d619e5a3,7ee820c5f7a080d7
train_real_18226.jpg,real,train,train,train/real/18226.jpg,30766,e21bf9a84e66994f5a3d0770f748a6d8,5ae329a4232ce39e
train_real_18367.jpg,real,train,train,train/real/18367.jpg,30876,02ed5e8e2642965aa3a958a7171474b7,7f7071b3c238aa09
train_real_18395.jpg,real,train,train,train/real/18395.jpg,32430,c6c691193a94842e50999577fdc3aeff,01ade292da62ddca
train_real_18423.jpg,real,train,train,train/real/18423.jpg,29159,728b0c70e4fe327766c8a9123892a730,2d0ef4a4e410f2de
train_real_18437.jpg,real,train,train,train/real/18437.jpg,25933,87bf08f3461f0631ed03111e6a06c5dc,493c3db66003e3cb
train_real_18447.jpg,real,train,train,train/real/18447.jpg,25255,b6d56c846e1a3cd6fcfe1054cb9b518a,352d2e2156f2168f
train_real_18452.jpg,real,train,train,train/real/18452.jpg,21882,5b8d70f51de9ae9430ee3f566cb27bcd,493c6812f0cdcfcc
train_real_18543.jpg,real,train,train,train/real/18543.jpg,24450,64d664ac1accf4786a979c4b800a4251,43783b303537c2c7
train_real_18608.jpg,real,train,train,train/real/18608.jpg,26994,a98734927694886762bf254cd3c52e71,425eec026f0c9fc9
train_real_18615.jpg,real,train,train,train/real/18615.jpg,25800,1de46d97095872ff0564211c4e224568,303aa595d65ada89
train_real_18636.jpg,real,train,train,train/real/18636.jpg,23823,ca0e28697c71d4ad8953ee0fd304279c,4ef93422230dc7ce
train_real_18659.jpg,real,train,train,train/real/18659.jpg,29884,916b2ebf6168fcebbdd89e2d91c72906,3048afc1766f5689
train_real_18764.jpg,real,train,train,train/real/18764.jpg,21812,559a31d9b29dca9b705c60a57968a719,7df825f26426c382
train_real_18836.jpg,real,train,train,train/real/18836.jpg,29273,de0a0b5210942be652076ffe9e4b863d,002f7e9548b40ffa
train_real_18843.jpg,real,train,train,train/real/18843.jpg,31518,025be0aa505f4c967f317f58602868d1,0ad54b023554f2df
train_real_18850.jpg,real,train,train,train/real/18850.jpg,24949,aaf606755bfb497c46886329fc2efe0e,1e719197b53067c2
train_real_18879.jpg,real,train,train,train/real/18879.jpg,24016,29c1cbf3230ebab341aa3cd880279407,0b1f740bf02d97c8
train_real_18894.jpg,real,train,train,train/real/18894.jpg,28850,4307e26a66b4572e1980ae55f52d62c6,5af8e10563ce9689
train_real_19034.jpg,real,train,train,train/real/19034.jpg,35236,06ce44c43ce4c9ce45e87b6ebd06cd0a,09233f3534379696
train_real_19076.jpg,real,train,train,train/real/19076.jpg,28277,04bcad6585e8fa8d1d19b7d17e4f5747,2515a7d15e00df5a
train_real_19102.jpg,real,train,train,train/real/19102.jpg,28210,0b28db955d08f1d7af93857807e7c1be,7ae8e315a55a8c8a
train_real_19135.jpg,real,train,train,train/real/19135.jpg,33308,d48ccb3ee9c44c64b3345137e84d8bbd,1cfcb196e2bac08a
train_real_19231.jpg,real,train,train,train/real/19231.jpg,21878,e2b49f1ffef90e62023dcd8757606694,39c363c01ea56ee4
train_real_19232.jpg,real,train,train,train/real/19232.jpg,25149,a8b1580fcffd65b7ad8c3c3513cd9c0d,212fb70586da8fc1
train_real_19261.jpg,real,train,train,train/real/19261.jpg,25134,6d7e87d9165ba8261f246a1c7ba459f9,7f00acb7d4189399
train_real_19286.jpg,real,train,train,train/real/19286.jpg,31800,bb8a8c535753b62d77abf5c2f218e70b,58d53d5235e836c8
train_real_19327.jpg,real,train,train,train/real/19327.jpg,34327,1bbd5be31266f3f1e587915b7840d406,1ae0638763cc8f8d
train_real_19354.jpg,real,train,train,train/real/19354.jpg,26871,5b5c2d6e237b402caec859338ff23b72,29f4f4f270c1c1c9
train_real_19357.jpg,real,train,train,train/real/19357.jpg,27246,edfe883c9569ce62a9fbcdf14575e454,450f7e247e3442da
train_real_19399.jpg,real,train,train,train/real/19399.jpg,28072,8d405511615ade646cff21c3f7dbb96c,1eeb61c666983299
train_real_19407.jpg,real,train,train,train/real/19407.jpg,27623,ddd5741f73dc03599404824a7e940ac5,564b6007369c179f
train_real_19415.jpg,real,train,train,train/real/19415.jpg,29597,5d47f86eb4ad099693dc08a395360952,0fd2c4c97a65a68c
train_real_19466.jpg,real,train,train,train/real/19466.jpg,40787,7eec63cd9e519827ef33ea9dfd333dbe,65fb2055a05bc68b
train_real_19500.jpg,real,train,train,train/real/19500.jpg,33025,f84ba2cdd83c5b2a99c031f858e34b4e,4fa138a6319bc3cc
train_real_19507.jpg,real,train,train,train/real/19507.jpg,25446,5891c3cd8b9114e094c414927bba0f30,3ff080e003cfcc8f
train_real_19601.jpg,real,train,train,train/real/19601.jpg,29506,b25d55eca70536e909fef20b4557b1f9,480ffc40610ddfcb
train_real_19603.jpg,real,train,train,train/real/19603.jpg,35827,4658d90daa8bd0d5a3d64d085ec497ce,0fa034833b7c93dc
train_real_19606.jpg,real,train,train,train/real/19606.jpg,26474,10d1858fe1e764cdf2d2877e6b136ace,1124e76da54a9ada
train_real_19643.jpg,real,train,train,train/real/19643.jpg,30644,d6654eadd5312f25a5baf2155bdc546c,0a25b796972c16f2
train_real_19657.jpg,real,train,train,train/real/19657.jpg,24331,72aa9ad410b54960991e3c1cee846e98,5c6da514b66392c3
train_real_19668.jpg,real,train,train,train/real/19668.jpg,31074,65e8a25868b6fd8b87fca714e06ac9f1,2fb47390fa81da81
train_real_19678.jpg,real,train,train,train/real/19678.jpg,24405,e764078c4532b011caf6a1738e018dca,10c067516e7553ee
train_real_19680.jpg,real,train,train,train/real/19680.jpg,28316,6f902f64c1a2f8f841a17a4c8abf6b53,1d27692a74427fc1
train_real_19731.jpg,real,train,train,train/real/19731.jpg,30659,dc61ac8d0551b626a27a6600cbaf353e,54614a076d3fe4d8
train_real_19782.jpg,real,train,train,train/real/19782.jpg,31958,a75cbe68354c711399705f99e73e5c03,1dfad5c60a283b89
train_real_19784.jpg,real,train,train,train/real/19784.jpg,24045,3dc65fd9b0f53d0d6bd9b7bc7c50c8bd,6a7a693560a5c297
train_real_19818.jpg,real,train,train,train/real/19818.jpg,28956,f3b313c5deeef99bb516d952d37114fe,4fe2f0c2e328349d
train_real_19831.jpg,real,train,train,train/real/19831.jpg,29042,9b94c211db52108407c7c00709a32586,78582121257d66df
train_real_19871.jpg,real,train,train,train/real/19871.jpg,28608,d772818d4431d6085d5a761d98d52916,6a2965d7474346ca
train_real_19879.jpg,real,train,train,train/real/19879.jpg,35033,3283e1eed560cc5de74baa851becdbf6,7a6885e5858f8794
train_real_19904.jpg,real,train,train,train/real/19904.jpg,29836,f46d25823259f5202b6b5a24bae494b8,70ed6ae3232ac28b
train_real_19932.jpg,real,train,train,train/real/19932.jpg,30759,6bae51e3f7e0a05a0015fdba28f9d9b1,7289e1a01fd49ed2
train_real_20059.jpg,real,train,train,train/real/20059.jpg,25488,913f0a13d3b09f394fe0daa4f6d67016,3f0dfa36f000fa82
train_real_20074.jpg,real,train,train,train/real/20074.jpg,29786,7727575f315bda40c00058ef03a470ab,550b30342f748ecf
train_real_20103.jpg,real,train,train,train/real/20103.jpg,29686,369ae5bbd2b9e8755ea7a4bbfb19144b,1666ea53944a89db
train_real_20124.jpg,real,train,train,train/real/20124.jpg,34068,53ab343816d36dde6cae38c71112c0e5,67fd27301330978a
train_real_20314.jpg,real,train,train,train/real/20314.jpg,23625,701a2d971650c80662a741056faaea2f,0a9474d3b2b9d9c8
train_real_20330.jpg,real,train,train,train/real/20330.jpg,32814,d6ff8aaeecf9a28348c12da7aa27857d,1e2570b2f36803dd
train_real_20331.jpg,real,train,train,train/real/20331.jpg,29980,d3cdcc49973697314453804ced3591a4,4e73240320fdd69e
train_real_20408.jpg,real,train,train,train/real/20408.jpg,33389,6f77818729db7fbaa77936a2c75a5d9b,2917b49ad21fd90a
train_real_20464.jpg,real,train,train,train/real/20464.jpg,33101,0991e92ff355ea59b9949cc2f56583c3,6548eaac4368df46
train_real_20589.jpg,real,train,train,train/real/20589.jpg,27091,a5675ec0230e8a27f24ca0dbc75d5b40,1ae4e162a46a979d
train_real_20623.jpg,real,train,train,train/real/20623.jpg,27818,2c312276b3fc63ee47c8012c99badd30,70182debe41d9399
train_real_20637.jpg,real,train,train,train/real/20637.jpg,29306,fb60f8de17f589aacf7bafedbf85e4b5,0a347936f57096c3
train_real_20649.jpg,real,train,train,train/real/20649.jpg,28340,c956569f1115535ac3118d7dc5291574,26fc14eca94adac4
train_real_20682.jpg,real,train,train,train/real/20682.jpg,33964,5823c2b762f061b6fb039da0e6761fec,2a716da44ebcc3d0
train_real_20727.jpg,real,train,train,train/real/20727.jpg,32433,53d22a0706bd79733b31180aac96ccec,7ee0a5c7948a9a98
train_real_20764.jpg,real,train,train,train/real/20764.jpg,22099,bff8257e8955a48142e4a8c8ffe951e9,4ecb3c64303d36d1
train_real_20784.jpg,real,train,train,train/real/20784.jpg,27061,ef9594c3b1813ccbb849321171185af5,532d7d607062b4cb
train_real_20785.jpg,real,train,train,train/real/20785.jpg,28057,d8da846051b5795288195a70f510f735,42bd3ef2704d818e
train_real_20786.jpg,real,train,train,train/real/20786.jpg,25293,770db8c468042bf3a961dca04da1c769,3f7525dad20147c8
train_real_20828.jpg,real,train,train,train/real/20828.jpg,29205,c26b37c669113bee82bed538c65f083e,282b2af717a80adb
train_real_20833.jpg,real,train,train,train/real/20833.jpg,29040,0d3d8a7d24d4ceb99b19e6f50efb6d80,2821e187975e3736
train_real_20849.jpg,real,train,train,train/real/20849.jpg,34305,6ad2883e56870ac9289ce8322cf669cd,4b103d32708f47dd
train_real_20921.jpg,real,train,train,train/real/20921.jpg,26235,bd8d7c45824cd68133fde14e0c1b1f00,47149bf4f031f0e1
train_real_20959.jpg,real,train,train,train/real/20959.jpg,26763,32c366d3b23c4e5e0c81edd59b8b95c1,7aa0a1dfc521d683
train_real_21011.jpg,real,train,train,train/real/21011.jpg,36259,617ed486eae2e0fe525a4ff46f177575,4b632474b265d78a
train_real_21029.jpg,real,train,train,train/real/21029.jpg,31187,9224347db7fdc505030567a6a62faffc,2e84ad960aacdaf1
train_real_21086.jpg,real,train,train,train/real/21086.jpg,28986,ed674e9f8fc66052f7461550afb225bb,6b2a23a5e1a59e58
train_real_21185.jpg,real,train,train,train/real/21185.jpg,33535,5a1f78968169a914b0e75691ce61dc1a,030e7e7d693d3070
train_real_21233.jpg,real,train,train,train/real/21233.jpg,29468,7e09ae88248cac82de28d95cf995ebe4,5fe31e273037009d
train_real_21245.jpg,real,train,train,train/real/21245.jpg,28951,ee35829a5b306888f40d150e482ad89e,5ae1166bf209898f
train_real_21246.jpg,real,train,train,train/real/21246.jpg,33649,3d494ce54843dc7b6e885e59b34ba9da,6be164e72626568a
train_real_21307.jpg,real,train,train,train/real/21307.jpg,27404,31e6a4876e22c61de6d3c6f87038fad2,78e1a196ed7ee400
train_real_21328.jpg,real,train,train,train/real/21328.jpg,26160,4d5b644d3b18d7def21e91fd009339da,7d8fc2944b91d183
train_real_21356.jpg,real,train,train,train/real/21356.jpg,23588,17301b1b4e14f8135a48b41b4a3de553,1f06693a2579c68d
train_real_21364.jpg,real,train,train,train/real/21364.jpg,24368,f9d216da3483a2e4e5163cce0056865c,1336796aa569e650
train_real_21384.jpg,real,train,train,train/real/21384.jpg,34557,87bc4da49476d330a7ab9a3c6c545739,6b5657a52a2914da
train_real_21440.jpg,real,train,train,train/real/21440.jpg,26720,3f0b19f8aa4ea9dfcd0b2cf6e552f981,185a67bba43e448b
train_real_21449.jpg,real,train,train,train/real/21449.jpg,25762,b553be400d1994916de4e553ee5b2fc6,5bfc2d722410b2cb
train_real_21487.jpg,real,train,train,train/real/21487.jpg,31259,7fee8e7a303af2542553441bfbf05659,2bbdf5d2c080f08b
train_real_21534.jpg,real,train,train,train/real/21534.jpg,30156,8667ef52dc1f7bcc740042d184730e9f,157863a56e468e8e
train_real_21547.jpg,real,train,train,train/real/21547.jpg,31747,eb058fb32d305404733a7aae8a59a11b,5e1e6923276896c3
train_real_21548.jpg,real,train,train,train/real/21548.jpg,26786,1b94ad7fb054748b25b642ebd18c9f17,02e87727616dc794
train_real_21581.jpg,real,train,train,train/real/21581.jpg,33222,3ccf483acbe27639cb03ff07e194a7a2,4a7229d23193f399
train_real_21585.jpg,real,train,train,train/real/21585.jpg,31434,4f27b92756ac32178665b446d37b7b77,0f3c2c7261396a9d
train_real_21650.jpg,real,train,train,train/real/21650.jpg,28315,18a26ac4691375e911e164e33da32b93,0fada0d698985a9d
train_real_21656.jpg,real,train,train,train/real/21656.jpg,32034,ad8be42b4e51bd220b5a7a057a2a6cb6,087425e736d296d6
train_real_21658.jpg,real,train,train,train/real/21658.jpg,30015,dfccab35a5368093db1aa0d251afc35d,78950594bedc9ac1
train_real_21670.jpg,real,train,train,train/real/21670.jpg,32987,d5cfe6e1583fa2b9b6a900f89cea79e0,1ef83960f46d82a6
train_real_21674.jpg,real,train,train,train/real/21674.jpg,32035,bcfb8319ad0af3910d9f3a414e711a66,68e12495d29e9e8e
train_real_21684.jpg,real,train,train,train/real/21684.jpg,41767,169fa5cd71eab79c3afc2db5f21b23b6,646db090d99da68e
train_real_21722.jpg,real,train,train,train/real/21722.jpg,29988,944012027e834dc59a06a77852acbc5e,491f263e743032db
train_real_21749.jpg,real,train,train,train/real/21749.jpg,27002,bb7513cc7f07852c810730d7773a68d5,606aafa78e458dc4
train_real_21800.jpg,real,train,train,train/real/21800.jpg,26446,e6273ac44eac46161fdfb95fa38dcadb,35b5dad1b1c141c9
train_real_21817.jpg,real,train,train,train/real/21817.jpg,24148,718bf1ebb7a49d8fb9c9fdc680871b8f,58e72186f30ccf8c
train_real_21953.jpg,real,train,train,train/real/21953.jpg,28540,99d6151c53637e944c982a5d8d1c2e1d,0b423d9751f083cf
train_real_21967.jpg,real,train,train,train/real/21967.jpg,26271,196dc36049a792e24584d0beb90bea38,1e68218e97788775
train_real_22031.jpg,real,train,train,train/real/22031.jpg,40358,ba1bdc7060b785a8de69aeb9a8cce3af,3111229b647dd68f
train_real_22069.jpg,real,train,train,train/real/22069.jpg,29293,4b663465142ca5988aef7d936a3d65ad,0bba76c3261da199
train_real_22110.jpg,real,train,train,train/real/22110.jpg,36410,f8309134d8e6442a5a010972162941ed,3fc1a09f0f07da09
train_real_22129.jpg,real,train,train,train/real/22129.jpg,32540,37ed427d23ba5b365f3bf410c6794c73,1356bf4978f88892
train_real_22204.jpg,real,train,train,train/real/22204.jpg,25358,4f55a9f181a0fad61bf54ab32a1147d3,192a7aa2a27acb8b
train_real_22222.jpg,real,train,train,train/real/22222.jpg,30295,60ef4120b4245f1af3e2e6f84d271689,7868e317476196c3
train_real_22255.jpg,real,train,train,train/real/22255.jpg,29733,528aa79a2f1ec1285c29212f27a51b04,06786f7862692f8c
train_real_22316.jpg,real,train,train,train/real/22316.jpg,27247,d15087a46f980b57111f659075ab19d7,43a8617e313f8a99
train_real_22321.jpg,real,train,train,train/real/22321.jpg,31967,22ea95663a796fc7ea4f6f4acbb723ef,026da35ec33c6297
train_real_22324.jpg,real,train,train,train/real/22324.jpg,38634,f0dcef078ae55c9f4ec27e46cf739f3c,30a885c7a78f8adc
train_real_22331.jpg,real,train,train,train/real/22331.jpg,27683,4e8bad2fa7a2352353c7b13fd394e0ea,5e2175437709d689
train_real_22365.jpg,real,train,train,train/real/22365.jpg,28998,c43f5d01e8b775d63d519290da5310f7,4c377c13f06986cc
train_real_22385.jpg,real,train,train,train/real/22385.jpg,36221,de09ab361a0e9ef54825e666d6c645bd,6a6061e105fe859f
train_real_22421.jpg,real,train,train,train/real/22421.jpg,24527,eefbef8449cc8e713c86543261d8a967,50702b773520bbc7
train_real_22480.jpg,real,train,train,train/real/22480.jpg,28641,5e0e6698d72147fff2014e2fcdb31fc1,0c517903e57792da
train_real_22557.jpg,real,train,train,train/real/22557.jpg,29464,126f053579272ffac2273386bae288a7,41959d82fcd2f0c3
train_real_22561.jpg,real,train,train,train/real/22561.jpg,22895,6fd4bdc85439de981152d1c23f728c90,2d944af44bf8708b
train_real_22596.jpg,real,train,train,train/real/22596.jpg,22564,acea6fc7df93bcbea620a9f9c38e0d2a,25dd92dcc1ccc3c8
train_real_22602.jpg,real,train,train,train/real/22602.jpg,34977,403ee73ec4424c59257fa3e0e65a4d4a,7a5e57d0f4303a03
train_real_22607.jpg,real,train,train,train/real/22607.jpg,33131,4715adfb35908d633d00c64ff07439de,778514dcd07a0f19
train_real_22652.jpg,real,train,train,train/real/22652.jpg,24355,c40fd897684e5b430e0365f0b191658d,6f5a17808b96078f
train_real_22656.jpg,real,train,train,train/real/22656.jpg,29338,39f707f4af0240d09fb1c73cfcb1c2d6,34057a62f1c2cb9d
train_real_22658.jpg,real,train,train,train/real/22658.jpg,25087,162897ca75b2ade952a20387bf268193,41873e363031b3de
train_real_22685.jpg,real,train,train,train/real/22685.jpg,29150,6f8238b0ba8bd3f729e6d1bf8345091e,4b0c2d7c7021967f
train_real_22717.jpg,real,train,train,train/real/22717.jpg,24561,1c6ac9d1e531a3fc1b42b45633947b0f,3f4ff0848bc84c8d
train_real_22748.jpg,real,train,train,train/real/22748.jpg,33395,27936f156e2c9737eae0578bb668aa3c,71e2c3ee6c62849c
train_real_22781.jpg,real,train,train,train/real/22781.jpg,26370,8a3ccde63276e9efe0c76a09af4dd7bb,636358a704ee85dc
train_real_22807.jpg,real,train,train,train/real/22807.jpg,29479,9498a71f7eaf0dea0b49f2c33d0f0a55,4da8f2a6a12d8796
train_real_22854.jpg,real,train,train,train/real/22854.jpg,34016,6b134e97788a86462580ce5d50b3262d,01d2bbe10ee03e9e
train_real_22880.jpg,real,train,train,train/real/22880.jpg,33324,8bcf5fcb4ae1ac1ee96625001ef1ad5c,0895c5c38ee19ea7
train_real_22992.jpg,real,train,train,train/real/22992.jpg,29591,43d41783f193aac98d72e8d80f96a821,6aec359057ccc6c2
train_real_23029.jpg,real,train,train,train/real/23029.jpg,36906,6cca66c8edb8312f54997bf337973bca,5f4268132739cecc
train_real_23038.jpg,real,train,train,train/real/23038.jpg,32608,09716309dfa1af71182b1b79de857092,493f74707225d6c8
train_real_23068.jpg,real,train,train,train/real/23068.jpg,23221,5086667eada3a2f1dc3f196dfdf7c8fa,4f3d25722529878e
train_real_23085.jpg,real,train,train,train/real/23085.jpg,22561,05ba8d6c18649935f8035eb815fea9ae,784a61a9276d9687
train_real_23110.jpg,real,train,train,train/real/23110.jpg,25065,0c6c62ab2414c827a7d1a358ec89dfd2,0bd435325339c9cd
train_real_23136.jpg,real,train,train,train/real/23136.jpg,32188,0f6ae9633f6d1e606e44a429be91f709,32e9029d5ce8a78b
train_real_23165.jpg,real,train,train,train/real/23165.jpg,33013,530dd122e34d2991485ce5efd1fc0e8c,154869d6a49a9dd9
train_real_23168.jpg,real,train,train,train/real/23168.jpg,29867,ff9a2c18fdce7f5c616f3d18232fb8fe,3ff020d3c10bcccd
train_real_23183.jpg,real,train,train,train/real/23183.jpg,29879,a2608b1aaf25c4283a0c13f67dcd5e21,5ee169c701183f96
train_real_23207.jpg,real,train,train,train/real/23207.jpg,32491,f6cf792565a65b062622e6509ff8f299,68a7a5c671781393
train_real_23213.jpg,real,train,train,train/real/23213.jpg,27312,c783dd9c0b49bdfa755f4441730c4c60,59e820e732c99b8e
train_real_23214.jpg,real,train,train,train/real/23214.jpg,29146,56a244bd38efb99b258f88b2bcb97035,1e4b3a21202cdfde
train_real_23237.jpg,real,train,train,train/real/23237.jpg,31523,fcac738545edb22ac7b26fa5ad19687d,4bf465f02281d6ce
train_real_23256.jpg,real,train,train,train/real/23256.jpg,26228,42b2b2375cfdc6fa4e98477e11dc3868,0bb02db07c7dc2d8
train_real_23293.jpg,real,train,train,train/real/23293.jpg,24555,6130a5768b304e43a298d3c23000ee56,14aa33533259d78b
train_real_23363.jpg,real,train,train,train/real/23363.jpg,26842,e82afd30fab24159c848c0f1f807beba,70432385a7dc9e99
train_real_23366.jpg,real,train,train,train/real/23366.jpg,26252,6c3a61b24861730f7531b0b9ee288713,28e4b0b25bdf8f08
train_real_23381.jpg,real,train,train,train/real/23381.jpg,25492,62b4510ae4a3c61e0c9035ccc5577443,3ce835075355c98e
train_real_23519.jpg,real,train,train,train/real/23519.jpg,30602,c3afd3b104d041af7e0ae984ebb691ca,1efa3d27241a929a
train_real_23585.jpg,real,train,train,train/real/23585.jpg,32264,0a1d8f673fd24e3a23465f104c45c54c,3e1560e03de09f9c
train_real_23609.jpg,real,train,train,train/real/23609.jpg,21817,7e80595456539ffb4ed1ceaf047a8972,4b642d37342c739a
train_real_23626.jpg,real,train,train,train/real/23626.jpg,31896,768a799e78f04abffdfaa70f2e5e1b23,376234b2f897818e
train_real_23670.jpg,real,train,train,train/real/23670.jpg,26724,821fb5b8624e5a5f8c5478cdb6efcb82,551e6ba1a46742da
train_real_23694.jpg,real,train,train,train/real/23694.jpg,23855,7a80e8f08285ea792bcb41fe0028d05b,1ae121a7d69e90da
train_real_23720.jpg,real,train,train,train/real/23720.jpg,27530,543729befeffcaef3119693fd99c1d86,56713ec7d06b2690
train_real_23819.jpg,real,train,train,train/real/23819.jpg,29248,3981a94c00be41aab52ff3339775225f,6aafd0831f381a9c
train_real_23825.jpg,real,train,train,train/real/23825.jpg,33641,4cc90ef8b3653f1aeb958593fad3a929,1fac7432329989cb
train_real_23845.jpg,real,train,train,train/real/23845.jpg,27752,144a407d805bf3b0633e53e1c268bc89,2d25f686b604f21e
train_real_23862.jpg,real,train,train,train/real/23862.jpg,30376,1af391a088ba767fc3f4af80780eb9f8,43f13d5d70a0c3c9
train_real_23892.jpg,real,train,train,train/real/23892.jpg,29762,68704517c16426ee124e61635c39ec65,0becd6e2f25381c1
train_real_23911.jpg,real,train,train,train/real/23911.jpg,26738,633e5633960f383d0786c89de9d31496,171a314a2129eefd
train_real_23949.jpg,real,train,train,train/real/23949.jpg,26545,29fd65f300ab55237a44d08dbb93045d,51666b856c6c639c
train_real_23952.jpg,real,train,train,train/real/23952.jpg,28072,7598e1cb023df7387791a04187556738,43092c073677f6cc
train_real_23990.jpg,real,train,train,train/real/23990.jpg,29278,e58090055946cd02fa0b5509ba6af20a,056c73b8b569cc86
train_real_24032.jpg,real,train,train,train/real/24032.jpg,31645,10e09d1be672feb8d127a787b2735632,1a2929e7274ec6ca
train_real_24062.jpg,real,train,train,train/real/24062.jpg,35377,7e328f809ad789f485d4a6d052bfa204,5fe079a125fe028c
train_real_24063.jpg,real,train,train,train/real/24063.jpg,33851,d4326657ab7d88f296d9a83e2ee824fa,1cd2e4c384c9cbd9
train_real_24094.jpg,real,train,train,train/real/24094.jpg,29239,14b8c61677f03486eebea6074a12cfc3,6a49b4277b36811b
train_real_24100.jpg,real,train,train,train/real/24100.jpg,21454,3527f595e407510e0fc8d3e2f6f500b8,031f3cf031c3c3ce
train_real_24108.jpg,real,train,train,train/real/24108.jpg,26731,5403b0789183997fc9ce17638981298a,3c828b978585969f
train_real_24117.jpg,real,train,train,train/real/24117.jpg,26450,e0e82297ffb73f7f4e238b7eac031e9f,03717e37701d5e81
train_real_24154.jpg,real,train,train,train/real/24154.jpg,25937,d091172c2bdb519ee0172f55526fa9f8,5f7c2940814563fd
train_real_24231.jpg,real,train,train,train/real/24231.jpg,28443,2a4c84e3b910cb83a77faa589db2a46f,4add2d323418279f
train_real_24262.jpg,real,train,train,train/real/24262.jpg,29100,609098821ac0424030a541491b463278,1ea13c23b47e868e
train_real_24274.jpg,real,train,train,train/real/24274.jpg,28189,2095d8cde4aee4d5fe40f043010cff8d,5c0e69a7843adc9a
train_real_24342.jpg,real,train,train,train/real/24342.jpg,38710,3cb728d561bfa513bb8017889ea9afac,2052f797d859096b
train_real_24452.jpg,real,train,train,train/real/24452.jpg,24696,1b6d69048a422493e534ad168ec9f4aa,5a6c612523fc87d4
train_real_24557.jpg,real,train,train,train/real/24557.jpg,30197,41e3984b24cf7a44630ac461593b917b,25b7387afaa0d0c2
train_real_24560.jpg,real,train,train,train/real/24560.jpg,31139,f52595cafe408f8660f9b7580382e34e,0a6a25b7f71c8649
train_real_24562.jpg,real,train,train,train/real/24562.jpg,27918,7a55494fcc6d5cac4fecf4b10bfdb868,493e2736732c838e
train_real_24581.jpg,real,train,train,train/real/24581.jpg,37655,e5eaae6846d8010b9b3f3396eff1493d,580649f24d0fe4d7
train_real_24583.jpg,real,train,train,train/real/24583.jpg,40331,96f273eb2155ea041c6776360534d780,5cfb82c2286a8bdc
train_real_24591.jpg,real,train,train,train/real/24591.jpg,27064,19c12ce379b20fff093262072b554d35,275b5af4a909c8cc
train_real_24649.jpg,real,train,train,train/real/24649.jpg,32623,c7d086436fe621888f744f193541efa8,1b4875627630fd92
train_real_24656.jpg,real,train,train,train/real/24656.jpg,21416,ecd05c5c485396b80f0c7b0072d34452,1b2d7426f60392cd
train_real_24662.jpg,real,train,train,train/real/24662.jpg,25773,a619a5a235e73c2958b67119d8db5294,20bf52a156cb94cb
train_real_24664.jpg,real,train,train,train/real/24664.jpg,28579,cf69ac4a03c7a92fb7cb6cee8c96c234,1af165c7249e9698
train_real_24758.jpg,real,train,train,train/real/24758.jpg,35600,04db1f725f662ee249940a62171e8010,5a7760c3afc021da
train_real_24779.jpg,real,train,train,train/real/24779.jpg,27473,d41c0940ee8943ad8291e82196c43e31,055e6d6031636e8f
train_real_24784.jpg,real,train,train,train/real/24784.jpg,28778,a1e4550c922382de4320b7370d0eae60,2ab4adb270e2d2d1
train_real_24831.jpg,real,train,train,train/real/24831.jpg,30720,2e5499ae784542c209727621467b23ce,127e69212723e78e
train_real_24900.jpg,real,train,train,train/real/24900.jpg,32153,7f06c2709286b5e36649007926d7b023,5e3d24b3b28d898c
train_real_24915.jpg,real,train,train,train/real/24915.jpg,29936,2190d122b928637c97a91b36e0b67c00,6ab7213d25393598
train_real_24988.jpg,real,train,train,train/real/24988.jpg,37041,02bcba8d7c8421946b0964bea304b268,0f4835f625628e97
train_real_25001.jpg,real,train,train,train/real/25001.jpg,30174,96253cb34b6e0b49f365cdd61a8a16f1,30f26b03648fc6da
train_real_25007.jpg,real,train,train,train/real/25007.jpg,38439,1bd121a1a64ea2238634581c8e8335f6,4eb1b4b2b129e2ca
train_real_25065.jpg,real,train,train,train/real/25065.jpg,37423,27d51ff0d7db3cae77606f25542811f8,2d4176a773948a96
train_real_25147.jpg,real,train,train,train/real/25147.jpg,27037,18959cbf638ccad60dd4ca24a1819159,3fa54af72450bc84
train_real_25230.jpg,real,train,train,train/real/25230.jpg,32512,57efa26c09ade51e6115a24c0990082a,17c8b1c5e879c455
train_real_25232.jpg,real,train,train,train/real/25232.jpg,30391,0a3f31c57e0a3573bf6e54d890fe0180,4f2934e7a3848bd4
train_real_25234.jpg,real,train,train,train/real/25234.jpg,31167,04846b626c6f60ad0898546def3f319d,18f8e172e0663ed8
train_real_25246.jpg,real,train,train,train/real/25246.jpg,30798,7a4da6ac4e9531f7ff5f66fde0aed97f,43933e78796046cd
train_real_25250.jpg,real,train,train,train/real/25250.jpg,33069,7aa8f82132f170cc2022fb583e5ea3bc,5dc14eea4448ede8
train_real_25284.jpg,real,train,train,train/real/25284.jpg,26129,a63a4f8ca457f15dfe7a91ff8609b920,78292be31da59ab0
train_real_25305.jpg,real,train,train,train/real/25305.jpg,32412,4ea2444682d3675e478fe5579fab7043,08857d2b2f78a68d
train_real_25321.jpg,real,train,train,train/real/25321.jpg,30120,3aaa70cbd533fa3ceffdd4484d4b756d,5ea828b2b1f1e1c5
train_real_25331.jpg,real,train,train,train/real/25331.jpg,29464,507fa901651f74b2248f3b52f9df96dd,0b16fcb2f05f80d8
train_real_25334.jpg,real,train,train,train/real/25334.jpg,33693,b4d186e92ecaed48baceeafcbf91a562,07913a33318e6d9e
train_real_25383.jpg,real,train,train,train/real/25383.jpg,30469,213e20753723611d8988adc385bff82c,33ccd9cb93296454
train_real_25400.jpg,real,train,train,train/real/25400.jpg,25859,1ed58f6cf7112564e6f3e49f780d5aa3,15ea356725a4d685
train_real_25403.jpg,real,train,train,train/real/25403.jpg,22261,47c649400641c038fc011f444c0acf9e,2dd00af60b96cb95
train_real_25478.jpg,real,train,train,train/real/25478.jpg,38032,21b3f32371b34076faefe1791067c2bc,5fa820f662a7d283
train_real_25497.jpg,real,train,train,train/real/25497.jpg,34434,1b92af8e63a7a9397d20c9778cc0ba6e,0df47c767a505285
train_real_25511.jpg,real,train,train,train/real/25511.jpg,27634,a829fc00f11f4cf14d5fc608d14dabc3,5c906ba12e746f8a
train_real_25531.jpg,real,train,train,train/real/25531.jpg,23934,a69d0219f97a55c0cc6e4c43bd523732,0ff53cf670a090d2
train_real_25561.jpg,real,train,train,train/real/25561.jpg,23047,0efbd31458ed09afef6fb6b3e286653a,331cfcf0e391c88c
train_real_25599.jpg,real,train,train,train/real/25599.jpg,34010,8cd39fd7fc2b0b4dc8f16ecfe84067e3,0a0d76a73479cb8a
train_real_25609.jpg,real,train,train,train/real/25609.jpg,18563,0137c5da36263a7f78d36cc00cc20dfa,535a2aae8c8e9999
train_real_25622.jpg,real,train,train,train/real/25622.jpg,30963,5f9dd0ed19d1ccf08ee6ba7af79a34e4,1cdc3153a658d69a
train_real_25646.jpg,real,train,train,train/real/25646.jpg,28252,385166bf01b3d7545aea780dfbf412c1,1e6d21307739d28b
train_real_25648.jpg,real,train,train,train/real/25648.jpg,26396,a9ac51b4bfdc9933b8fc7e17a48b8149,203e1eb09ed09eda
train_real_25675.jpg,real,train,train,train/real/25675.jpg,26937,cbb0ac0ee717828ce441ef31b0416f9e,405e672666688fdc
train_real_25685.jpg,real,train,train,train/real/25685.jpg,29813,e2119d5367830a8160e236de9ffd165d,159bd058ea19fa49
train_real_25824.jpg,real,train,train,train/real/25824.jpg,23867,2924d1e259bfeed632b2448cd86f2679,38a347e50edc8a99
train_real_25837.jpg,real,train,train,train/real/25837.jpg,38309,2d853c1df2bd07a397940eee6b781f3d,03ad8bf42d50fca2
train_real_25861.jpg,real,train,train,train/real/25861.jpg,29714,2815319a4fb11772da5724a3f99b8067,06bf28dacbd480d5
train_real_25903.jpg,real,train,train,train/real/25903.jpg,30808,9927fc52a1562149f0ac25df79c6ee73,1c864b4f620aefd8
train_real_26035.jpg,real,train,train,train/real/26035.jpg,32727,016ee583f89fc322a91b314b92814c95,007e75038f5d0ead
train_real_26068.jpg,real,train,train,train/real/26068.jpg,23290,2924fbfb92d4d1e3284f72178da3e254,2ff025d7829ec298
train_real_26105.jpg,real,train,train,train/real/26105.jpg,29828,753652663f80f08d33ecce6fcc75257d,010f36f6715117dc
train_real_26151.jpg,real,train,train,train/real/26151.jpg,23229,d924a770f99c55ed6fe64ac6c9aa0c08,3a6d0ac702d15add
train_real_26155.jpg,real,train,train,train/real/26155.jpg,35845,13673a45319e73fcc8a3a6f79408371e,4e30f496d20fba0b
train_real_26167.jpg,real,train,train,train/real/26167.jpg,26493,1c60d3b79f30d8eb753ba1c1f4aea28d,6c8316a91edc895e
train_real_26264.jpg,real,train,train,train/real/26264.jpg,23888,d5c4b04ac87504bb5fa01951faaec4b5,4b1e2d52a7c987c8
train_real_26304.jpg,real,train,train,train/real/26304.jpg,24688,70de1308fc5534c367f3165ce1c81056,5f4bb44132b513ca
train_real_26332.jpg,real,train,train,train/real/26332.jpg,25725,328a13254848d91fbf2b0414a4062ab3,56493d3630fb02cd
train_real_26367.jpg,real,train,train,train/real/26367.jpg,28928,de92a4dc3bb3ceac59bb5df2dd15028f,2dd680f083cb0dcf
train_real_26388.jpg,real,train,train,train/real/26388.jpg,29754,a7fb96ae91b49269b85b5c189d682de5,0bbc7df27073a088
train_real_26446.jpg,real,train,train,train/real/26446.jpg,32642,071dfb958f6cd274481b59c1cf213213,7c43613e5058d2bd
train_real_26448.jpg,real,train,train,train/real/26448.jpg,29634,5cc3a9147f7d5237ee1bf66de799fb00,4f392cf23119c29b
train_real_26469.jpg,real,train,train,train/real/26469.jpg,25288,c8c7d52a281b6221fe016dd9c08dc312,1a2570a336899f8f
train_real_26616.jpg,real,train,train,train/real/26616.jpg,31312,da4be56e065e61ca7dae89e00442d89f,4b3c2423a16f97ca
train_real_26690.jpg,real,train,train,train/real/26690.jpg,29884,715629335108441b85f3fa10f06ad22e,2bb4d6da79c8c0c8
train_real_26702.jpg,real,train,train,train/real/26702.jpg,32458,8156051b8b03215f59dc402952fae7c6,080f7a626139a3df
train_real_26806.jpg,real,train,train,train/real/26806.jpg,22154,10e85e80987edc835b44f5bd23b37c54,17b7bc5af0249258
train_real_26834.jpg,real,train,train,train/real/26834.jpg,26374,89234be85931cf3a51696c085577b315,120dbaf2f120d7c3
train_real_26978.jpg,real,train,train,train/real/26978.jpg,21798,ea88b1b211b6b4e01e0e0d0bdb427a74,40627563356997cb
train_real_26999.jpg,real,train,train,train/real/26999.jpg,29792,880222f6caa3597ad33e55163b0756a8,47697c78b0219bc3
train_real_27034.jpg,real,train,train,train/real/27034.jpg,30769,4ede2d909ff15a7fe6b106257ed98df2,41c00fafb50bb15b
train_real_27060.jpg,real,train,train,train/real/27060.jpg,29593,e6e31dcc86acb227ea8dc02d1ef42966,3d4e2133b11b82cf
train_real_27086.jpg,real,train,train,train/real/27086.jpg,30278,4bddd95e3c95abea9d5613e844ba3dc4,5cb120b3875f8cc6
train_real_27098.jpg,real,train,train,train/real/27098.jpg,31810,4bb4fface322bdc206c6c76eb1bfac4a,43d8052f1c3c3cde
train_real_27109.jpg,real,train,train,train/real/27109.jpg,31147,7c79b7178df8ee3bb84b42794b370c65,70f02fc0398d13cf
train_real_27194.jpg,real,train,train,train/real/27194.jpg,30294,df6722774076aa576912379b09ebc558,0a6520e7f7949a9a
train_real_27204.jpg,real,train,train,train/real/27204.jpg,24931,7026dad8ff8e9e710d48881b74ef0798,60bf82a90359f8ce
train_real_27253.jpg,real,train,train,train/real/27253.jpg,30049,5db7011a5c783be4a145c7c1f136c226,135ef426c228cfb8
train_real_27314.jpg,real,train,train,train/real/27314.jpg,30569,2ff190bd876a309b8081bb8cc6776516,3e7e21b1f2834389
train_real_27525.jpg,real,train,train,train/real/27525.jpg,28184,5560bf0d536249f1db676c98c29ba8f8,16693e7831384b3d
train_real_27546.jpg,real,train,train,train/real/27546.jpg,31353,39924af460ec6e4af079c24ce59a95ae,3fd3bc80684ad3c4
train_real_27554.jpg,real,train,train,train/real/27554.jpg,32151,e9093f0eeedcd7f9db2e292bdcf21954,4a95d8f2693b8781
train_real_27579.jpg,real,train,train,train/real/27579.jpg,33842,c1e7ba941d74434236c8b438e31627ed,483f78b6f009889f
train_real_27595.jpg,real,train,train,train/real/27595.jpg,31127,f6d7ecfc1413572ce0ec5831271f73f4,16e074f3f1c18399
train_real_27613.jpg,real,train,train,train/real/27613.jpg,24429,2eab50895471b3d3b6b30aac7b1ece97,45596e612560b7ab
train_real_27636.jpg,real,train,train,train/real/27636.jpg,39637,442c62d574159df8ae79943f3a0499f2,491e60b3a19f569c
train_real_27640.jpg,real,train,train,train/real/27640.jpg,25877,96b78fea20d390f6ab7ce8374ac31b7b,3fac94d69085c2d3
train_real_27729.jpg,real,train,train,train/real/27729.jpg,27505,24505954e7dc9b43d225ab73365b40c8,4f703552a15a8cde
train_real_27805.jpg,real,train,train,train/real/27805.jpg,33391,1e9fca0888b355a234eea41b2bd5960d,78e027a5d6c49e98
train_real_27864.jpg,real,train,train,train/real/27864.jpg,30608,0faf0f4b048924e2692662a7f5f83783,65c892b54a355e8b
train_real_27895.jpg,real,train,train,train/real/27895.jpg,29357,59d261c9488d7c44f5ca46371ab54ae7,1f50bed7404bd309
train_real_27928.jpg,real,train,train,train/real/27928.jpg,32796,68e2da5a1e469089aea0d5bbed54e7a9,14ccaa45a7617a9d
train_real_27987.jpg,real,train,train,train/real/27987.jpg,29796,22a8a4719f2f194bcc39c43397ed4f5f,0eca7126236cb2de
train_real_27995.jpg,real,train,train,train/real/27995.jpg,21856,1bb32c866d28c51e750570b7732bd854,528e2e8bf6e4d058
train_real_28006.jpg,real,train,train,train/real/28006.jpg,20831,e0e116c1afe8c3ea1b58b11267536642,4b3f7112e10bfc0c
train_real_28012.jpg,real,train,train,train/real/28012.jpg,27133,63e2f11b6bc921167d3ed95f5e0e7233,1cea61a5a5acce89
train_real_28062.jpg,real,train,train,train/real/28062.jpg,34737,164b75e67b3754526355d17e37d0156c,0fe93556c258cbd0
train_real_28075.jpg,real,train,train,train/real/28075.jpg,25958,3d7f6c4a103a90d37cd01a8e72800268,7028a77508774faa
train_real_28124.jpg,real,train,train,train/real/28124.jpg,32282,047788dbbfc7795d015fa1de74baf5bb,450a8357ab33aac7
train_real_28174.jpg,real,train,train,train/real/28174.jpg,31096,e7ae93bf6b8fd03bd79e3df9e954b4d8,38a1f98765838799
train_real_28186.jpg,real,train,train,train/real/28186.jpg,26294,734142cd746ceff668ad495efd663f43,296ba096f135959a
train_real_28214.jpg,real,train,train,train/real/28214.jpg,24411,2bbe0fa1beeb069abd30eaaeba9587b4,24973e38732193cb
train_real_28249.jpg,real,train,train,train/real/28249.jpg,26896,e9136bac858023085a2bc0a0dd9cd0e2,582fa71794949e98
train_real_28274.jpg,real,train,train,train/real/28274.jpg,27359,72c5beed3a7358a419e2ed083ad1d314,14653d9f387891d8
train_real_28330.jpg,real,train,train,train/real/28330.jpg,33604,42cbc4830d1acdc980470434d943faa6,38bf149293f9428b
train_real_28333.jpg,real,train,train,train/real/28333.jpg,33346,19489985bb7be8a1157300546085f33a,180f9cd1627927cd
train_real_28334.jpg,real,train,train,train/real/28334.jpg,36499,ab28df32f8f7a30a85faa67c24cc66cd,5879617b246cd293
train_real_28340.jpg,real,train,train,train/real/28340.jpg,25807,84c556de585a7ce4da5a1c96b5094ada,359f92f64930c3c8
train_real_28343.jpg,real,train,train,train/real/28343.jpg,28961,06e684bdd1c758bb8d3cebaacf20c667,6fa474a6723093d2
train_real_28350.jpg,real,train,train,train/real/28350.jpg,33453,3c37dfa1f2c32e4092f7381a322503c8,18619bc29e6837f2
train_real_28365.jpg,real,train,train,train/real/28365.jpg,29473,46d3b2f9d97d305e6925fa2464f2f2fc,3cfeb20271b78a82
train_real_28446.jpg,real,train,train,train/real/28446.jpg,28686,7f73e9f02eb41a3742feb3d30c19c607,2cf8c613b460cf96
train_real_28474.jpg,real,train,train,train/real/28474.jpg,26975,11ffed6d4bfef2f95c8476a981f6e3f6,0a6520f730d687de
train_real_28477.jpg,real,train,train,train/real/28477.jpg,25999,17bf813c3f203b969bf406a42de7aab6,057665566a29d2e9
train_real_28526.jpg,real,train,train,train/real/28526.jpg,27682,3588750d5797f442d82a4cac6e481fa5,41832c3f7c3c30de
train_real_28559.jpg,real,train,train,train/real/28559.jpg,30282,7ec0ce86f6f29c78039d9b0dd6b1cf96,1a5c60e16f60679e
train_real_28699.jpg,real,train,train,train/real/28699.jpg,28504,e9c8ba58e058482c2d9eb4658dd8c431,385aa1e896a8f897
train_real_28719.jpg,real,train,train,train/real/28719.jpg,22153,5a90c1a799eac92114b89352e0e132fb,0c7134c3877833db
train_real_28747.jpg,real,train,train,train/real/28747.jpg,34683,452ac0109376248fb9f0080f4a5366eb,251352b37131d3cb
train_real_28887.jpg,real,train,train,train/real/28887.jpg,30833,e9ab361c615c7eb7c6aa07380f6ef42e,4bba2df2205a85cd
train_real_29046.jpg,real,train,train,train/real/29046.jpg,35260,80f3d68e393e0053b78da034521a4eb4,791ee115666116cb
train_real_29048.jpg,real,train,train,train/real/29048.jpg,27911,011b54c13a7e100908c331559867dc3f,0b50a487db3f63d0
train_real_29061.jpg,real,train,train,train/real/29061.jpg,32480,14a243a101f90f3813107f72086190fe,78fa6be0e51dc082
train_real_29079.jpg,real,train,train,train/real/29079.jpg,30228,30e1dcfe9f5d4b90d9c147ca0f9eac19,5ad9e966e5616482
train_real_29087.jpg,real,train,train,train/real/29087.jpg,30777,a41eada8c7168e1441b806eb5838c00a,532c76c29e5932c9
train_real_29092.jpg,real,train,train,train/real/29092.jpg,26659,3856cd8909768c01d0b21dc05a8df07b,14e24bed2eacac8c
train_real_29096.jpg,real,train,train,train/real/29096.jpg,27283,105612ee79e17762cf36e07023b8d3ac,0fc2203f753870dd
train_real_29154.jpg,real,train,train,train/real/29154.jpg,30241,a35982c9ea95e860c6ce78b270239134,49ad250646267ebe
train_real_29298.jpg,real,train,train,train/real/29298.jpg,30519,8a034bbeb4a805a61ad4843d1203f391,6f3b05bc70307784
train_real_29307.jpg,real,train,train,train/real/29307.jpg,24737,d21de1acd91f66e387b744f9a31fac97,033431d2b309dbdb
train_real_29329.jpg,real,train,train,train/real/29329.jpg,38061,aeb295ed67ddc8e6334a27b4bed61efb,6f7a350fcba508c0
train_real_29371.jpg,real,train,train,train/real/29371.jpg,31589,524f78f63329009554dbca69e71e7e75,605abd55252d22db
train_real_29391.jpg,real,train,train,train/real/29391.jpg,24291,27c02973306885c9cc9b1d1582b142a2,781a2f79e1691287
train_real_29523.jpg,real,train,train,train/real/29523.jpg,27251,7c92af6ffcd6f452515041f16659fb35,7e6b41c66cd81199
train_real_29614.jpg,real,train,train,train/real/29614.jpg,26851,38fc0e9148011f03a91cf1e63a2a0d33,161c63256857b8de
train_real_29615.jpg,real,train,train,train/real/29615.jpg,31988,3afb9e9bb646804482f6e5db4a2253d3,6d829a3b3976e2c0
train_real_29618.jpg,real,train,train,train/real/29618.jpg,29269,5a73e0239ed4622d22c2d79f5d94d0b4,5ff22db7422c8a81
train_real_29647.jpg,real,train,train,train/real/29647.jpg,27136,00b05b512156f554fa7029887516a902,0af62d727430d2d3
train_real_29650.jpg,real,train,train,train/real/29650.jpg,25541,be4d398b68a9989ae5a93ab97469cf06,4a0f6d2325f3528b
train_real_29740.jpg,real,train,train,train/real/29740.jpg,26410,f43f772ed653b39a273570aa587f0b0a,0fa129a121fd42df
train_real_29784.jpg,real,train,train,train/real/29784.jpg,29435,b197b59864e1cc6cccf283a71284190b,104a672f745c979a
train_real_29806.jpg,real,train,train,train/real/29806.jpg,27109,595fe5786d9e80976e47017b10175e44,4ffe4503284b6f88
train_real_29826.jpg,real,train,train,train/real/29826.jpg,29627,a2158b8937d62eee2da037fa5b16edeb,1deb21a4a7948ace
train_real_29836.jpg,real,train,train,train/real/29836.jpg,30758,5d4fd2d18f763746fe1e3d8b095ef5be,05323e7b40cc5fcc
train_real_29857.jpg,real,train,train,train/real/29857.jpg,28513,069ebb41dfd186834aa210e19cad6f4a,3e6834b632c297c9
train_real_29944.jpg,real,train,train,train/real/29944.jpg,29104,17eabd6271c211eccc8ff910218aca42,42537f7278782549
train_real_29978.jpg,real,train,train,train/real/29978.jpg,27186,64a6b65dd7f16ff3de40f3c386eb91bd,452f7c10d00ddf8e
train_real_30080.jpg,real,train,train,train/real/30080.jpg,30179,9c93a1b022e322d15c2cac72693a17ab,3ce1818f0c369797
train_real_30145.jpg,real,train,train,train/real/30145.jpg,24395,8efa9240c0cf687b1195b0c372331337,2d7b30f030f103cf
train_real_30152.jpg,real,train,train,train/real/30152.jpg,25163,abf341c291063333e7c01ab1c34d3f38,7a6c638aa6898e99
train_real_30160.jpg,real,train,train,train/real/30160.jpg,31304,25dfff50402bedeae483ccf012b7fa96,1eeb6a252d449d86
train_real_30219.jpg,real,train,train,train/real/30219.jpg,26408,26fef9612c599c47532a05f11be78b70,0b6d3eae703216d2
train_real_30235.jpg,real,train,train,train/real/30235.jpg,23675,3773a29b69688e79fbf626cc93e3c722,28f065a572ad8787
train_real_30266.jpg,real,train,train,train/real/30266.jpg,34867,4266c1ecdc3dc4ce613d6f3091f5f74e,6daa08c57a1c71ce
train_real_30267.jpg,real,train,train,train/real/30267.jpg,29456,d8d7026b8aef72f0ac30baf7f67eff27,6c950397151fdc8c
train_real_30275.jpg,real,train,train,train/real/30275.jpg,28886,f062e6ec50a113324176113ee0263620,156a34c3cb2d3e15
train_real_30376.jpg,real,train,train,train/real/30376.jpg,25952,8db6f7a321cbed7e8cb9a5beb417aade,6a2865a137f0a5cd
train_real_30438.jpg,real,train,train,train/real/30438.jpg,25069,71fe6f9f73a4ec1ff314b498030c8d2e,0e161cf0783af2d9
train_real_30476.jpg,real,train,train,train/real/30476.jpg,29916,374f63a6e4c59702918665c63c813d6c,1e1f7b2d2570648a
train_real_30498.jpg,real,train,train,train/real/30498.jpg,24501,e93fd59e248aa6845ac644243c0d63c5,3e683587c23492f6
train_real_30535.jpg,real,train,train,train/real/30535.jpg,30562,d81d0b9bb73285615514feae219acd87,7d7c50726a6989c1
train_real_30559.jpg,real,train,train,train/real/30559.jpg,26860,067f0055d8525ba319ff63c644251f8d,3fe3a4c486ca8b89
train_real_30583.jpg,real,train,train,train/real/30583.jpg,29632,c2f6c866cbce01a9dc1444281a6d4b85,3ff470f2f002aa89
train_real_30593.jpg,real,train,train,train/real/30593.jpg,28374,8c09d619ab858343afe128f85e2e14f1,5e3070a353898bcf
train_real_30612.jpg,real,train,train,train/real/30612.jpg,24376,2d5c97f603a30ad702269cbdb380d2b1,53e97e21346827d2
train_real_30659.jpg,real,train,train,train/real/30659.jpg,35081,1628fe01d318cb553e547c2f332b8a4b,5ab5ad50a41b8acb
train_real_30678.jpg,real,train,train,train/real/30678.jpg,35125,74d2a90f57cdfad7e718f086b649da34,6f7ea09a92689e82
train_real_30741.jpg,real,train,train,train/real/30741.jpg,32903,c735c33ec2b56b5ce0052c3b839ebed8,42ad7d2f607d804e
train_real_30796.jpg,real,train,train,train/real/30796.jpg,24127,b212a775842d11fb9abf4d96a70fd3aa,7aa1a19795cc8696
train_real_30822.jpg,real,train,train,train/real/30822.jpg,29312,dbb78e1524e0ff70bdb5d37e0a312846,1c4731ea625d678a
train_real_30924.jpg,real,train,train,train/real/30924.jpg,25292,7b2d3c83b3b76b3017bf1ba8d34a4101,043f38db83db1c1c
train_real_30934.jpg,real,train,train,train/real/30934.jpg,26293,c38eab2092e3eab4120a6766eb570d71,7e7a29a025e08797
train_real_30949.jpg,real,train,train,train/real/30949.jpg,29187,a5b0861e2c0ce3067470fcdda9e67ac8,158a58235c76ba97
train_real_30960.jpg,real,train,train,train/real/30960.jpg,27465,3ba5aa01b1b8d24ddc0a37876d0c49e5,08dd3c212269f6cf
train_real_30979.jpg,real,train,train,train/real/30979.jpg,26458,0309b19c82e7794264abd01ae3fa3ca8,3fb060d30287d3cb
train_real_30999.jpg,real,train,train,train/real/30999.jpg,28837,44f3508d20ccb7d4e131216a805a301a,15f5ab97949c5428
train_real_31001.jpg,real,train,train,train/real/31001.jpg,33097,211c7b78e57544be4969736e24e00dcd,431a6a236c2fe4da
train_real_31037.jpg,real,train,train,train/real/31037.jpg,30676,197a00aa3df33fcef52ed18bc84b7cca,05abb2beb1b083d8
train_real_31050.jpg,real,train,train,train/real/31050.jpg,32080,91d72c49eaaad9ec41c53a81176a4d85,6fa0bcd15176c28a
train_real_31082.jpg,real,train,train,train/real/31082.jpg,30339,61478e5f59d64eb2578b0b70992dfd13,43c817a90a3da78f
train_real_31083.jpg,real,train,train,train/real/31083.jpg,26437,4073e5d6c5383f3ddec5bc7c026b627c,5b7af87a2d290a81
train_real_31097.jpg,real,train,train,train/real/31097.jpg,24782,a6225ef83dd95fbf8fa976189355bc59,1c6d69676524c696
train_real_31152.jpg,real,train,train,train/real/31152.jpg,25505,62d585b8126e07f2544ecb059a7f0ac9,7ac5a5d61c698cc8
train_real_31157.jpg,real,train,train,train/real/31157.jpg,37036,dbd563cb3eb373d8a3b6532a350fd364,7247a7943438f398
train_real_31192.jpg,real,train,train,train/real/31192.jpg,30973,4aa2f1bff7762ade397c21ea40f7a192,5cf4838688dec1da
train_real_31194.jpg,real,train,train,train/real/31194.jpg,38775,4f92c01408e84375e4cddeaa20d11eda,18d50b4a6969657b
train_real_31225.jpg,real,train,train,train/real/31225.jpg,26063,c82464868cffb381f79bdfc2395e043d,392d772476c09cd2
train_real_31307.jpg,real,train,train,train/real/31307.jpg,32190,99a662c6450fe78ce63c48d4353a52a5,4907243f703ec1de
train_real_31363.jpg,real,train,train,train/real/31363.jpg,35226,23ad7dd3c5ff8f949821284bff5ac6b6,69bc70d2d185c25e
train_real_31364.jpg,real,train,train,train/real/31364.jpg,29008,e880145e49ea0f408796c3d00ecbc158,5af8d2c3068b9699
train_real_31373.jpg,real,train,train,train/real/31373.jpg,27441,f393c952a64f74b32949ab3db75495bd,0b6e6c726421fb8a
train_real_31388.jpg,real,train,train,train/real/31388.jpg,21819,ccd58c310faaa3694658104b0332ee10,384961a5e276d783
train_real_31419.jpg,real,train,train,train/real/31419.jpg,27109,37890def205c384ef8f5b384f984deda,43292fb0343933de
train_real_31477.jpg,real,train,train,train/real/31477.jpg,34233,08e95260bf4941ec39f393a0b3168bd2,0e916693d2cd999c
train_real_31555.jpg,real,train,train,train/real/31555.jpg,28644,e4631bfb3d56b3934674368f0ed24297,404f3c3e323472db
train_real_31575.jpg,real,train,train,train/real/31575.jpg,21778,c7f07bf224607b07c6d4f505d01a0ded,076a3c61a538d3a7
train_real_31588.jpg,real,train,train,train/real/31588.jpg,39259,3b20393e45968e1165805019466c7a26,4c8a2af7a1318f8d
train_real_31602.jpg,real,train,train,train/real/31602.jpg,28438,e57fd50d99d5a1bda98ab35a7dbffa83,5fec21e2f405938a
train_real_31636.jpg,real,train,train,train/real/31636.jpg,21644,724130d81f3a268a80110b4ff096d3f2,41ded0420b273ff4
train_real_31665.jpg,real,train,train,train/real/31665.jpg,31461,137af007afdb67c1ba9b13c986ed31eb,2e7a32d0fd8348c6
train_real_31753.jpg,real,train,train,train/real/31753.jpg,28691,b91ecc7342cbe7ed5407ea3110097fb0,0f4a7c23a25d82dd
train_real_31890.jpg,real,train,train,train/real/31890.jpg,28321,6ee6be1a563643c9aa291f33d9db3bdb,6ba324f870c1c3d6
train_real_31934.jpg,real,train,train,train/real/31934.jpg,26873,14cb05f1f3c9120ecdd2b4b505714a15,1fbe4a8069a7acd0
train_real_31975.jpg,real,train,train,train/real/31975.jpg,28254,51b1769b63dd49cf2e44c67bb375b396,1ef1690725d4a69c
train_real_32006.jpg,real,train,train,train/real/32006.jpg,28584,73a891fbad54bc433cf0855364098d63,490b3d76707782c6
train_real_32047.jpg,real,train,train,train/real/32047.jpg,36714,78c9d905ad99f06df4a28b014c02dfaf,4fb440d7cb8d850d
train_real_32090.jpg,real,train,train,train/real/32090.jpg,32368,5a00d9229ba02c63a64209b314db60b9,161e8a70fc67af02
train_real_32095.jpg,real,train,train,train/real/32095.jpg,28990,a3965e2e52f017e26e8edca4b3f61df2,0fb03472f279d388
train_real_32109.jpg,real,train,train,train/real/32109.jpg,30387,977d41a570c8f112d06e66835e53d69e,13d20dc7a10f6acb
train_real_32110.jpg,real,train,train,train/real/32110.jpg,28996,68567d773e8932eee525a7c3301bb8ca,1c7a612f6534a69a
train_real_32143.jpg,real,train,train,train/real/32143.jpg,28817,e0f27e2c65a5f73332589abf80b7c5b2,1cec61342678e5da
train_real_32179.jpg,real,train,train,train/real/32179.jpg,27045,7215bf33e0b9b99be2d9c5d908f3ae26,68a754a4b5a297c6
train_real_32188.jpg,real,train,train,train/real/32188.jpg,24204,b734513d75a8e9fc3f715ad1189de7c5,207fb4c5825adac9
train_real_32385.jpg,real,train,train,train/real/32385.jpg,28781,73fdaff57fc0802f030fd9158e9d4814,35d5d2a9a54b848b
train_real_32398.jpg,real,train,train,train/real/32398.jpg,32890,447f631b3f41aa31e3687bd8f39183ca,1aa37565145e9ab8
train_real_32434.jpg,real,train,train,train/real/32434.jpg,28964,c791a2efe15f217e91df2bec3f8dc267,1e1ce3712f61d01b
train_real_32507.jpg,real,train,train,train/real/32507.jpg,25642,1680dc9c29c939c33bb0f3f5335e07a5,21bed2a0d0cb95cb
train_real_32514.jpg,real,train,train,train/real/32514.jpg,28507,f510cd3e20fa2b66f3117016acd37885,6aa825a113b3a7dc
train_real_32554.jpg,real,train,train,train/real/32554.jpg,30155,c5baa7be4e64ebaf17af7be425182aa7,1a9b08ad7172339b
train_real_32562.jpg,real,train,train,train/real/32562.jpg,28419,55ef2a6f7e773b3612f1c17418906262,0a3a2d72e11bc58f
train_real_32644.jpg,real,train,train,train/real/32644.jpg,33921,131a9b06a70a473c8d89cdb0e9ace89f,0b3af50fd2293d21
train_real_32679.jpg,real,train,train,train/real/32679.jpg,31822,07aa1656ac4aa77f14c7830a255a94ca,7ed0e0aa35a5a28e
train_real_32700.jpg,real,train,train,train/real/32700.jpg,33357,66d3b728fc33b705afbf4ca7c513da62,412cbce2f15303bd
train_real_32732.jpg,real,train,train,train/real/32732.jpg,22984,5039d3896c4b79af9dfc75764ef85a13,1f2d34743070d3d3
train_real_32761.jpg,real,train,train,train/real/32761.jpg,30185,edfb12c47a311b2542c0fed3e5c55c4e,440d7ab8f1b08bce
train_real_32779.jpg,real,train,train,train/real/32779.jpg,24133,b785100e4ffb8d3c9089c24c60fe8a21,558aa763646a439e
train_real_32805.jpg,real,train,train,train/real/32805.jpg,31046,fe7880435c0b2930b8b659b86f0b93c5,6d2da0ecb445da94
train_real_32856.jpg,real,train,train,train/real/32856.jpg,33416,75ce8ea03ab259383a6b487e1b1c2c6b,14c127e61d379a36
train_real_32892.jpg,real,train,train,train/real/32892.jpg,28534,c8fbf132dcc0c4ab9e5c8d7d7dc2f22b,3f27e0b6c2c083cb
train_real_32940.jpg,real,train,train,train/real/32940.jpg,29743,28a992aca725843263862c45a4286ed0,7ee0879d8414f29c
train_real_32950.jpg,real,train,train,train/real/32950.jpg,32599,37bd2043b9f00a3827864b87cb7f2e64,054c7a65a34cfe8a
train_real_32979.jpg,real,train,train,train/real/32979.jpg,38994,c16b470db20923dd37947e07a951abb6,6f5be0dcb7883022
train_real_32988.jpg,real,train,train,train/real/32988.jpg,36243,5ab42b5ac4887cffbb06bb3e3e0f19d8,416961d2e35c565d
train_real_33027.jpg,real,train,train,train/real/33027.jpg,27547,164901ee460526833f8f3dee41def387,55cd7acd3149c18c
train_real_33038.jpg,real,train,train,train/real/33038.jpg,31125,ede13c7abbbfc785e33750a031f13966,1df0740ba37885da
train_real_33049.jpg,real,train,train,train/real/33049.jpg,37332,f8ce8d55f28b0a687a11e6bf91ce8d00,3aa661b7849a929b
train_real_33054.jpg,real,train,train,train/real/33054.jpg,27660,745c6b8f09ac44e91c2831e51e07276c,28a9b5a796cac64a
train_real_33068.jpg,real,train,train,train/real/33068.jpg,26149,33ea183bacad68cb5121bc4954c9f908,260e76367334a2dc
train_real_33092.jpg,real,train,train,train/real/33092.jpg,26028,0c237de0f67905a6c23f2a8a8e7161ab,4b3f24f26561c689
train_real_33094.jpg,real,train,train,train/real/33094.jpg,31387,e59f96f39c20122392fe4dba2b8bf05c,436d2d78a4499ecc
train_real_33100.jpg,real,train,train,train/real/33100.jpg,31907,d8adb6f8f5d897703b049e35b9f90f70,4bb835a2b35d44c9
train_real_33110.jpg,real,train,train,train/real/33110.jpg,25023,16c87c26e020bd1286f0c5f8c84ad6e2,2fb47ef47022d0c2
train_real_33115.jpg,real,train,train,train/real/33115.jpg,33583,2905ed77901dcb6bc8c1a3e5757dea50,1a347077f0df828a
train_real_33125.jpg,real,train,train,train/real/33125.jpg,35374,41e791d6d2eb53cd63a72bf62726992a,78532ba3a662ae8a
train_real_33197.jpg,real,train,train,train/real/33197.jpg,22408,2bc8b1f49af50416013296dd8236d993,243f36f0a0d276b4
train_real_33227.jpg,real,train,train,train/real/33227.jpg,27755,a7a818724f44a23ce280184818ae7103,581d0f63656162dd
train_real_33462.jpg,real,train,train,train/real/33462.jpg,29899,d142dd45faed747b5ac7b56d46bc4dac,06b47094747a769b
train_real_33473.jpg,real,train,train,train/real/33473.jpg,26506,00d38e0b8cb7abb1bb3c816fad3af16d,60b9bf0323789297
train_real_33485.jpg,real,train,train,train/real/33485.jpg,28142,6f242e8ecb3ff89385d2b6c9fe84c6ab,36bf3ed851878888
train_real_33510.jpg,real,train,train,train/real/33510.jpg,28651,d18bca5947ebe138f784b61b1e31b750,25ee5489d9096ec6
train_real_33539.jpg,real,train,train,train/real/33539.jpg,30635,eadc6e512268cab52a7b4c64dcdf5b9d,5a1e61f02527b6e1
train_real_33579.jpg,real,train,train,train/real/33579.jpg,26682,bfe10081695951a387679e2f61f1b2a5,0a852e7a751427de
train_real_33636.jpg,real,train,train,train/real/33636.jpg,35118,5282b8fe6419b5313cf55edcf3092464,1a2975533228d7cd
train_real_33646.jpg,real,train,train,train/real/33646.jpg,23466,78287226f1011b29b80f6cddd887bdc6,565ea063e2354bca
train_real_33687.jpg,real,train,train,train/real/33687.jpg,30716,64b0d9743248be4dce07406b3bf9f219,0be288c2292f2ddf
train_real_33720.jpg,real,train,train,train/real/33720.jpg,38898,a1bc9f05495de5d4f4496d0cfb41c0be,706f659e86a1e099
train_real_33751.jpg,real,train,train,train/real/33751.jpg,31135,28bc113adab3b13936651a1254b9efea,7ef029e325680799
train_real_33817.jpg,real,train,train,train/real/33817.jpg,35595,c182279c08115cc9f7838c42b9b57076,49cdedc3a501e545
train_real_33843.jpg,real,train,train,train/real/33843.jpg,30322,2ae21d0b5ba871b1928fc46a87a3d40c,7078e1f1a56183cd
train_real_33853.jpg,real,train,train,train/real/33853.jpg,34958,e9c8f1a85e70e88dbd1fcbf7b905739c,0d2d61038398dfdb
train_real_33953.jpg,real,train,train,train/real/33953.jpg,37758,4fab17599dbbe1a03cd532ea330733ef,3a697f0464d48b99
train_real_33966.jpg,real,train,train,train/real/33966.jpg,33072,a9d84fe6298a37a91e0e6ca0d7af78d2,157e790d2145c69e
train_real_33970.jpg,real,train,train,train/real/33970.jpg,32109,9df45097fe196e28253c64a187d4d47a,63cd76283135d398
train_real_33995.jpg,real,train,train,train/real/33995.jpg,24841,b4307be323267e5aec4c5c13b1b1a26d,71fae32c240586cf
train_real_34021.jpg,real,train,train,train/real/34021.jpg,25770,71f686b2f55e99a69bafdba525fb9b54,2494e99679d0698f
train_real_34064.jpg,real,train,train,train/real/34064.jpg,24922,ec0b7f5cc80d2705ba3d1da0a8369cdd,3f2d7c7030f4d282
train_real_34108.jpg,real,train,train,train/real/34108.jpg,23734,8493f65e360547ded3abaf0ce34a8654,24b756fa80124b9f
train_real_34172.jpg,real,train,train,train/real/34172.jpg,36613,afae7768418f46c7cbc7d0fa36db7b37,6d1f70f250a0c3dc
train_real_34184.jpg,real,train,train,train/real/34184.jpg,28961,3ab8b85802e693db78d85e80a54529a2,78a92d7070a587dc
train_real_34286.jpg,real,train,train,train/real/34286.jpg,35009,f9f51fd85909800d8fdacdecbe34c7fc,1a6561b555a85ed2
train_real_34339.jpg,real,train,train,train/real/34339.jpg,30733,0fc9b3ba403f4a040f0a57c2d0294578,1ce96907251c7e1d
train_real_34430.jpg,real,train,train,train/real/34430.jpg,32390,02376e5195eeb71777c0693e7fb80d47,0f552872373b5689
train_real_34434.jpg,real,train,train,train/real/34434.jpg,39513,cab12ce48f65683910f6227ad3df0ece,3a8661fb252dd684
train_real_34458.jpg,real,train,train,train/real/34458.jpg,26462,2c2c71529030472d0de4d51471c716c6,2dfd14fc1064f2c2
train_real_34534.jpg,real,train,train,train/real/34534.jpg,28338,6bd8c24a5517218b894f898650b6953e,1282e94b6d4ba5da
train_real_34557.jpg,real,train,train,train/real/34557.jpg,31978,91649049cfd42c6d53b67d11b20d194c,427e6cafa50a8e98
train_real_34568.jpg,real,train,train,train/real/34568.jpg,26152,7a9cb37af66491391f3b0aaec210ade9,1c70639bb49554cb
train_real_34617.jpg,real,train,train,train/real/34617.jpg,35205,d38a7223e9d8da02c77fd4327dac7e07,0f3b35c29d187398
train_real_34640.jpg,real,train,train,train/real/34640.jpg,26759,b0fbddcc8b66a7d1e913f76775075075,156c7066235e738d
train_real_34743.jpg,real,train,train,train/real/34743.jpg,34810,2f8ff880f02e8682b0e56da7d42f0bcb,5e65687ba1588758
train_real_34749.jpg,real,train,train,train/real/34749.jpg,32238,e958de351c2558558663daab21cd66f1,49853e56327e329a
train_real_34897.jpg,real,train,train,train/real/34897.jpg,30763,3edf7a61b3725f749c0dbe6930d6b535,7f0560bd657406d4
train_real_34939.jpg,real,train,train,train/real/34939.jpg,25574,4078af5983a95268e0867df1ab1fbc2a,748280977c79aa97
train_real_34965.jpg,real,train,train,train/real/34965.jpg,28926,9faca2df2238353dcb75170992126d58,5e6f70257114d389
train_real_35008.jpg,real,train,train,train/real/35008.jpg,25298,76ccabac9ec7401ff8fbff25ee09f613,5e9869626724b798
train_real_35063.jpg,real,train,train,train/real/35063.jpg,29245,2271ec1cfa629d1854ac614d8ebfceff,7d5edc855422076a
train_real_35082.jpg,real,train,train,train/real/35082.jpg,35529,14c1d83cd36e570d2f42f686da357ed3,59c1dad601d7850f
train_real_35097.jpg,real,train,train,train/real/35097.jpg,27476,37c7322d3d09ede25a937a40688c02cf,491ea16116efc0de
train_real_35126.jpg,real,train,train,train/real/35126.jpg,27263,5f99ed056afba3b727a148f4e22fd837,7db0a792c79c82c8
train_real_35127.jpg,real,train,train,train/real/35127.jpg,25626,59d425734dbd932d8a2e3f8416289419,029fbb1cb678da80
train_real_35142.jpg,real,train,train,train/real/35142.jpg,31417,76c4574021b70135a79757b0c5abb8a5,621daa2aa12cc7f6
train_real_35148.jpg,real,train,train,train/real/35148.jpg,25924,7e6274adc31fa190ee2dbdafffe61d4e,5ae169a72560378d
train_real_35179.jpg,real,train,train,train/real/35179.jpg,26407,d4c1dbc9135f0249f8ac440f75ad778e,3fb468c34586d28b
train_real_35184.jpg,real,train,train,train/real/35184.jpg,28519,ff9b640b03bbbb99000706b916091afc,0303fc2507ac5abf
train_real_35217.jpg,real,train,train,train/real/35217.jpg,37576,08969789b6f98a1ae2eaedc736d66963,6c9fd49a3c40e6c2
train_real_35219.jpg,real,train,train,train/real/35219.jpg,34476,7b66cda26dbce0479b1a0307cd6bc92d,1e6ba157a556829a
train_real_35223.jpg,real,train,train,train/real/35223.jpg,28694,4a901a48f8010322f538e3802d30b548,2601365f783cd3cc
train_real_35415.jpg,real,train,train,train/real/35415.jpg,33854,4244f423f6af6cf8565d52615b658697,067c07435e6b38ec
train_real_35558.jpg,real,train,train,train/real/35558.jpg,27526,4aee23e836e3c7e54c8c89684b0379be,0ba17d37345c839a
train_real_35694.jpg,real,train,train,train/real/35694.jpg,33133,0190436b24497da0c77b816ba1f1baa9,4bf574b6702aaa82
train_real_35706.jpg,real,train,train,train/real/35706.jpg,27405,e99881887fca034ddbea3f9df6e85d96,709f230e266c1ed9
train_real_35708.jpg,real,train,train,train/real/35708.jpg,26842,fd117ddb32201362c71a7f67196c1ac0,3dfbf42164a0d780
train_real_35739.jpg,real,train,train,train/real/35739.jpg,32209,82787226bd62d77f11ff9a7322db0a6d,1fb6f082e421f689
train_real_35742.jpg,real,train,train,train/real/35742.jpg,31798,a8997c8f034f8ba847defc62d9803258,21b57e26743853d2
train_real_35817.jpg,real,train,train,train/real/35817.jpg,29953,bd35f4a1202cdd274cc22e0fe6802497,5e01386fa061c7de
train_real_35881.jpg,real,train,train,train/real/35881.jpg,39344,5d22c5f59cd35301c6fa75224a4aca26,431e34367039d2db
train_real_35960.jpg,real,train,train,train/real/35960.jpg,19156,4e8a484fe59f70f7483903f7ccabeb43,2dd002f64bad528f
train_real_35977.jpg,real,train,train,train/real/35977.jpg,25017,d79343eaab4102a9ec112e9488e6b253,41b25f78307a9e83
train_real_36035.jpg,real,train,train,train/real/36035.jpg,22921,e05ccf37a01bacc7a8072b1313e473b9,3a4f61456554939b
train_real_36050.jpg,real,train,train,train/real/36050.jpg,31805,995ea6d347db55de49264a179465d827,3ff450c2c189c3ce
train_real_36071.jpg,real,train,train,train/real/36071.jpg,22789,100c09e8d90be1fed3a33a12cbf97a8e,1e4423b5a359cdac
train_real_36131.jpg,real,train,train,train/real/36131.jpg,32644,2ddd279d473c084438d5b5b54cee37c8,0ab4e5d2a60adacb
train_real_36206.jpg,real,train,train,train/real/36206.jpg,30837,5bfb48ab71f56df05436cc0dfc3931b9,3d49c2a0819e4fbe
train_real_36212.jpg,real,train,train,train/real/36212.jpg,27726,f44f21fb04b9d9ecfb89d63ba81eddfe,425b3f20793683da
train_real_36318.jpg,real,train,train,train/real/36318.jpg,31682,5ba4f46a5201ae27e01a5e7460c9c8a1,1dad285c732d02de
train_real_36343.jpg,real,train,train,train/real/36343.jpg,26613,4d1a226771a6e0806791a1bb0a4d1813,706263676c44ded8
train_real_36398.jpg,real,train,train,train/real/36398.jpg,28044,822dc437a9155c0b848e53605e301015,56f7f01ee118e908
train_real_36447.jpg,real,train,train,train/real/36447.jpg,22347,76bc4b8b9153496685358374e8cc6787,615543326b2c66cf
train_real_36456.jpg,real,train,train,train/real/36456.jpg,29763,ecd1f21b7532488f7165b8769c80430d,0a0f3e64f2ee838c
train_real_36470.jpg,real,train,train,train/real/36470.jpg,26813,c5266f2853d68663e459ddd85e093cc4,1a2b7146a5589bd9
train_real_36472.jpg,real,train,train,train/real/36472.jpg,20974,fc104496da1bcd66f4e2206d210c1c6c,6dd087f00bf401f6
train_real_36477.jpg,real,train,train,train/real/36477.jpg,26342,3f06d19e799649fb91c0a7ecfd0159e6,63d8ae2ba429958d
train_real_36480.jpg,real,train,train,train/real/36480.jpg,28665,7a2e899c55919297b2bfbb7427180b71,29acd6c280c6ccdf
train_real_36550.jpg,real,train,train,train/real/36550.jpg,34539,6b7fb4d991839b9cc7605edff7236b15,01a556f0718fc7c9
train_real_36604.jpg,real,train,train,train/real/36604.jpg,33528,35ed13169829679e8fc2ad00f148a653,4b473c38343bc3c9
train_real_36634.jpg,real,train,train,train/real/36634.jpg,26391,939d3451614a958aef1c37900c692c0b,6e8115c35ea9d689
train_real_36692.jpg,real,train,train,train/real/36692.jpg,28517,db8c95936df05544f06df6babde287df,0b7c3d707228c2cf
train_real_36815.jpg,real,train,train,train/real/36815.jpg,25287,fccb6db603afc81338f913a7ea0e9a72,4eab2d16958ed08b
train_real_36816.jpg,real,train,train,train/real/36816.jpg,24598,345f4b459a7c496f5fb599a682a6e5e6,3a9ee1a1276a829e
train_real_36834.jpg,real,train,train,train/real/36834.jpg,28976,c64e7125f57b18db3a69a29b8c1e9ba3,409a1da32c61f7cb
train_real_36956.jpg,real,train,train,train/real/36956.jpg,34602,1b095d6828448d50dd10fa4be734d541,45022e762e6d8ade
train_real_36964.jpg,real,train,train,train/real/36964.jpg,32898,b97abce6f59b7ac0847c89d36e509f68,4f6c6022a1b7d5cc
train_real_36985.jpg,real,train,train,train/real/36985.jpg,31808,98608bd80ad26c116150a6726b3baac0,5f69f8a760128393
train_real_37002.jpg,real,train,train,train/real/37002.jpg,31890,8640dbab3655fd0ccfe87d202cefad4f,0a096567652dda97
train_real_37045.jpg,real,train,train,train/real/37045.jpg,26847,48ce65acf7a72797a809f1595e6a9b2f,09b621b67359e3c8
train_real_37071.jpg,real,train,train,train/real/37071.jpg,35468,96791160578637d5d25f74a7c44c9e41,7d5934a4f420719d
train_real_37073.jpg,real,train,train,train/real/37073.jpg,26835,ce55ba6dcff0cd06cf2b24abc3fd028e,13372de46494c29f
train_real_37075.jpg,real,train,train,train/real/37075.jpg,27955,a47492eba796de85f34ebe02aab3cb43,3a8fa5c7a04381db
train_real_37131.jpg,real,train,train,train/real/37131.jpg,27658,8c9ea7e6714edd70759762645c6b65eb,0bb03c22f027f38f
train_real_37139.jpg,real,train,train,train/real/37139.jpg,29154,aa714b2c5cf1bae36221cdc7d79631f1,2fb576b2702292d2
train_real_37148.jpg,real,train,train,train/real/37148.jpg,33587,29f3706e84116eb2c9e3f612b955f851,1f2233ca85aaa2dd
train_real_37265.jpg,real,train,train,train/real/37265.jpg,23223,6924847f33b2f1b06c4b26acd39ffe32,6c9fd2904b89ca8d
train_real_37274.jpg,real,train,train,train/real/37274.jpg,24937,96f827f1bb4b93aa868a6dc6f9dde95d,0b522c87709da3dd
train_real_37325.jpg,real,train,train,train/real/37325.jpg,30132,aa0a982336ef76ba6d4a9650d8cbfb76,6e7830a0f34f0f8c
train_real_37343.jpg,real,train,train,train/real/37343.jpg,34832,b5ad8d9e8005f933b1b0dacb8698fd13,3aacedd1409602df
train_real_37371.jpg,real,train,train,train/real/37371.jpg,22012,65a2e8d6080cec65ba7162d45cfc4613,2f38f0c2c09d9bd8
train_real_37383.jpg,real,train,train,train/real/37383.jpg,33980,ccdd2b8bedfbb87ae89e105d6e341ef3,360fa017d6a65a78
train_real_37400.jpg,real,train,train,train/real/37400.jpg,29585,8bbe291f3f12fc13f5f602994cb13dea,5257e1ce9c089799
train_real_37443.jpg,real,train,train,train/real/37443.jpg,23567,f50a9a33a7608b2555aea9b4e1e2d35d,1a616167b664569d
train_real_37480.jpg,real,train,train,train/real/37480.jpg,26921,22d5ee51da2998517b0585f7f235f4e2,0dbd70b222da83cb
train_real_37508.jpg,real,train,train,train/real/37508.jpg,31545,157da4750fcae563edd275d24bf5b49c,0d3d2af2d6c854cc
train_real_37559.jpg,real,train,train,train/real/37559.jpg,32507,3b8f563ae0ba92dcffb089fb74dabe33,3ab0ec8146ce8bda
train_real_37567.jpg,real,train,train,train/real/37567.jpg,25025,b7613a36edf245ca3953543db9c0240a,4a2f745423d8cbcc
train_real_37601.jpg,real,train,train,train/real/37601.jpg,30299,fdcc376acb99fae17b4b8eedad8b98f7,7a08e1f1078bb4cd
train_real_37628.jpg,real,train,train,train/real/37628.jpg,27200,5bfd6da1ef40a0d0ffe63c96b314a437,072a2515b4f89e9d
train_real_37637.jpg,real,train,train,train/real/37637.jpg,24722,b84170d11dd881b0163bdd11d45eb39a,1c526b2a2d25b5dc
train_real_37667.jpg,real,train,train,train/real/37667.jpg,30833,465139f5b3e90a2e99a70ebe8d16ad10,4a3d74f27049e0ce
train_real_37675.jpg,real,train,train,train/real/37675.jpg,27497,5ee098bf1bd0c9ea4dfdca06e27296bd,4a416aa717e88e9d
train_real_37762.jpg,real,train,train,train/real/37762.jpg,27511,5c7a46f38961faeb9f53de5f42a19528,0a3ae501cedddb81
train_real_37793.jpg,real,train,train,train/real/37793.jpg,29178,4ab8f8a347488c99d3bc674e6ec73b80,6a38a1b5b582da9a
train_real_37829.jpg,real,train,train,train/real/37829.jpg,28051,e1e15e9b21a6b8f0e855f2266099881a,0f507462ff7482d8
train_real_37834.jpg,real,train,train,train/real/37834.jpg,31332,7ef694b357927e155519ba403fbd3761,5ea028a595d6969e
train_real_37920.jpg,real,train,train,train/real/37920.jpg,25625,5a68445849cb40ff066a3e23c165c231,181f61376255e69a
train_real_37927.jpg,real,train,train,train/real/37927.jpg,29639,1e0bd11fb1ac2f40a6b84ee953f331e2,5e20e1b487d8978d
train_real_37940.jpg,real,train,train,train/real/37940.jpg,32641,845806193cd5a17038cf344ed096ddcf,0eb574f0607c46da
train_real_37976.jpg,real,train,train,train/real/37976.jpg,32531,a7bf9af4c78f787c7538d1d3dbea7e07,6094cfdd4c7043cb
train_real_37995.jpg,real,train,train,train/real/37995.jpg,24945,1d80b3a3748ca5ce31b44b35537fbb0a,0a21e1c3c1e9f3d3
train_real_38056.jpg,real,train,train,train/real/38056.jpg,37164,eea9d45b54bda3720a7d05dc96181f44,5e7f210120d8de9b
train_real_38061.jpg,real,train,train,train/real/38061.jpg,24498,b7d347eabc00e0aab1ef5994b72170df,2ff27403e125e383
train_real_38120.jpg,real,train,train,train/real/38120.jpg,30545,444ebb6212a2b6b3dd86257be01dc3dc,0db4b4f2d2c9c9c8
train_real_38154.jpg,real,train,train,train/real/38154.jpg,24528,0ea7d5efb15096183ef16011cc3be975,2f1b30b0338bc3cb
train_real_38160.jpg,real,train,train,train/real/38160.jpg,24754,b1d3872c17e57959e4688c04bb7741cb,093c36e2922df8d9
train_real_38190.jpg,real,train,train,train/real/38190.jpg,29755,03e7c54412aabe8705cc636c882fbdfa,1e1a6123656ca7cb
train_real_38224.jpg,real,train,train,train/real/38224.jpg,25971,ee968f7322ae44821f8f937adab123eb,1e6b3967256a4698
train_real_38248.jpg,real,train,train,train/real/38248.jpg,26842,20968d8544d89d7854e77e27eaa3759c,715e8991e45b360b
train_real_38283.jpg,real,train,train,train/real/38283.jpg,24816,54cf3aba8c51f651de5472bcce20f550,176a6063a1799e8d
train_real_38317.jpg,real,train,train,train/real/38317.jpg,24160,df41d705909efd0a98dfb95301fc2faa,2436fab2e19550d9
train_real_38325.jpg,real,train,train,train/real/38325.jpg,35632,ac627f176b2e9f8e6137f27f4b9a8c7b,187a2137a293978f
train_real_38341.jpg,real,train,train,train/real/38341.jpg,35614,231fd89728ca3f78765d9c21f17d6dea,58b02134a5e7e6d6
train_real_38368.jpg,real,train,train,train/real/38368.jpg,27801,8afd07d47de7eab20ec65c343b6dfc09,49003e3f3141f3cf
train_real_38373.jpg,real,train,train,train/real/38373.jpg,26168,47397fe210d63f26362093a92f89cb16,3879216374a6dbd0
train_real_38423.jpg,real,train,train,train/real/38423.jpg,25693,5a6b77d7de1bbbf650d2bf3183ef64f0,13cc7476650963cb
train_real_38479.jpg,real,train,train,train/real/38479.jpg,27050,67fa1afa990f41123b1bf531dccfe2c6,1af061c7275a9e98
train_real_38482.jpg,real,train,train,train/real/38482.jpg,29858,438a448e12fc9aa71dee4673642bf3d8,493f1ea4d88883de
train_real_38487.jpg,real,train,train,train/real/38487.jpg,27953,86f6adf6c26da5ac1b428f9b48c51d25,7c74411a6ef8829b
train_real_38507.jpg,real,train,train,train/real/38507.jpg,34540,7428e7f50250fbf473def7b7691b1909,38f033db80e9d293
train_real_38546.jpg,real,train,train,train/real/38546.jpg,28707,ca24ebc1080cbc10fe1d5f02a4833d76,2bb4c01b387d66e1
train_real_38743.jpg,real,train,train,train/real/38743.jpg,26239,82ded13b91d6c92c6164470cfc34567a,2a4f60b73039d38d
train_real_38781.jpg,real,train,train,train/real/38781.jpg,34339,2a69c2f00a4562ddf71eaac55913931c,15de60eb3d612287
train_real_38782.jpg,real,train,train,train/real/38782.jpg,30940,18fc2c96a9a39c93ee4d96ec9a60d433,4f873d02f30983da
train_real_38784.jpg,real,train,train,train/real/38784.jpg,27705,021958fc968697a8933104f3fac5f7f2,49bf3e413143968e
train_real_38911.jpg,real,train,train,train/real/38911.jpg,34447,fc49e3768ba5f8ae63cd7142fe3867ee,0c6b2aaba07d839e
train_real_38940.jpg,real,train,train,train/real/38940.jpg,39739,9f84d048ffe2d58bdc24addb01212430,1bc4fde8f025818b
train_real_38954.jpg,real,train,train,train/real/38954.jpg,28219,376072c2117d7ddb9c9ce27e832e680c,6ee1a08696ce968b
train_real_38995.jpg,real,train,train,train/real/38995.jpg,31538,5bf82be5475e7b0dc48dfcd56b93046d,3da4d0d2abd18b8c
train_real_38997.jpg,real,train,train,train/real/38997.jpg,26138,79f982535d5e35e34095ada9a974fed6,6ab1b487d12f508d
train_real_39014.jpg,real,train,train,train/real/39014.jpg,30209,0c76f027c1f6058f2f23ab8ff4d0a38c,1e6a2962296cae97
train_real_39090.jpg,real,train,train,train/real/39090.jpg,32120,41c75dc2a62c56991d3021825378c2b8,28a0a2ffd59dd608
train_real_39111.jpg,real,train,train,train/real/39111.jpg,23810,cfe89f3ca13b45c4bdbbba6284de9432,28f156a34266d7ca
train_real_39164.jpg,real,train,train,train/real/39164.jpg,26323,a0fd8823497359ffedb8b8e883a45e67,69b19786d68196ca
train_real_39184.jpg,real,train,train,train/real/39184.jpg,26937,9779b48239e7ad92eb6b5f1fe1c5baa8,3a64a196c16ce796
train_real_39215.jpg,real,train,train,train/real/39215.jpg,32922,1a4af556d1b1a00602eb384a952bda86,0d01fad78b2e6c8c
train_real_39235.jpg,real,train,train,train/real/39235.jpg,28065,016ea5194104a2a5ce012b7a03643c84,1fa374979c4a608d
train_real_39274.jpg,real,train,train,train/real/39274.jpg,27620,e806166fdd90ae5150fa5a83b0bcde96,18787b6126276ad5
train_real_39297.jpg,real,train,train,train/real/39297.jpg,27128,f67d89d38f91e5d450e42f574bf63b5d,17576a5a681e7289
train_real_39331.jpg,real,train,train,train/real/39331.jpg,39162,bc815b98edeaed00554e1d0a196f0832,25965e316832a7a7
train_real_39364.jpg,real,train,train,train/real/39364.jpg,30811,1ab85fd921f09b916a95451a9461803f,78167981cb67e886
train_real_39426.jpg,real,train,train,train/real/39426.jpg,25883,5aa004d2f0bbdca58fcce152f35bb5d6,6af88727e404d68e
train_real_39439.jpg,real,train,train,train/real/39439.jpg,29440,553de90015fb8ba1bca7dcdc5777cd10,34007a9f723c66ad
train_real_39445.jpg,real,train,train,train/real/39445.jpg,31825,8e32a33a449bc1174dfff6aaa9f3f2cb,493d74f2e1c9c2c8
train_real_39461.jpg,real,train,train,train/real/39461.jpg,30736,68d4ad03959906b9de15a1f7b5295f54,678c18d829f5b08f
train_real_39468.jpg,real,train,train,train/real/39468.jpg,32284,aa326f1b1f02daa4cd5031874db4f6bf,05e93eb232dac389
train_real_39477.jpg,real,train,train,train/real/39477.jpg,25682,5bbd29d5d0fbdbf44eda3b1b48fb8926,5a41696727aa8787
train_real_39482.jpg,real,train,train,train/real/39482.jpg,29575,f34e442a362c3dc7d8879432b6a9c0d2,0e7168f2662726cb
train_real_39493.jpg,real,train,train,train/real/39493.jpg,31305,825250effc319dc35e20f1b6bd83dd42,7a28e163a1599799
train_real_39502.jpg,real,train,train,train/real/39502.jpg,23537,784e1781fea473ab0e3d8a935a262f30,61939f9288c3cac7
train_real_39504.jpg,real,train,train,train/real/39504.jpg,33474,bf53643cda08b55cdd9fdfdfa789a278,1e386527b4e29a9c
train_real_39508.jpg,real,train,train,train/real/39508.jpg,24612,6b01717c5591a10fb596c4e8f1732062,2da47ca560fd1788
train_real_39567.jpg,real,train,train,train/real/39567.jpg,28421,1bb6bd312b04e6803f763fd9e316e7d5,282d366ab4e59e85
train_real_39579.jpg,real,train,train,train/real/39579.jpg,31187,abbb849a6feaceddb6fad35389a9dddf,5ee8eb07e414949a
train_real_39612.jpg,real,train,train,train/real/39612.jpg,25756,ef9a38f9955fa0d96060b697de8b0f39,0d373ef2b29083d8
train_real_39626.jpg,real,train,train,train/real/39626.jpg,26448,9005b00e015222ae39cee9c078ece4f6,2fffb450b42c9620
train_real_39648.jpg,real,train,train,train/real/39648.jpg,28205,4166024056c6a9a8805eca1ee7f157c4,054f3e787130e38e
train_real_39667.jpg,real,train,train,train/real/39667.jpg,26727,763c062bc14b4aa9d2fe91551702eb78,7a6a35217118db9c
train_real_39752.jpg,real,train,train,train/real/39752.jpg,24997,9f0bbcb5a9a5654d7101fd09328bfb79,465b387721756326
train_real_39794.jpg,real,train,train,train/real/39794.jpg,26761,621d194e7a68c2afa5f6a4cf9fc167b6,6cf025e5430fd2aa
train_real_39796.jpg,real,train,train,train/real/39796.jpg,27303,bac6515e70e485b748f05678a8190cd9,0a1c75e323fd8a1a
train_real_39834.jpg,real,train,train,train/real/39834.jpg,35051,8bcfbc2aee7a76394f8b8feafd8a0e8f,09b83ee222b5aa9d
train_real_39850.jpg,real,train,train,train/real/39850.jpg,31716,c4aa5fbbca3e13aa8e377beb51b4ad88,78c027ff24239e8c
train_real_39855.jpg,real,train,train,train/real/39855.jpg,29271,48346723cc932c9d5742d7a4edecad8e,0937522af13dd368
train_real_39879.jpg,real,train,train,train/real/39879.jpg,24590,d133abaeae1d9562fea018f6b6e95e09,1507c8f0fc7171d2
train_real_39958.jpg,real,train,train,train/real/39958.jpg,32077,876e2e1eab775b396156d5ec2f3ad5e3,74d063a541e79b91
train_real_39981.jpg,real,train,train,train/real/39981.jpg,36183,0c4e037d58d40a49b713c3c177f743fe,72e765961c18709b
train_real_39998.jpg,real,train,train,train/real/39998.jpg,35210,3e837a1bff2c1e7dd09f7e741e8f3a2f,4c3c6013fb1bf780
train_real_40046.jpg,real,train,train,train/real/40046.jpg,30253,7190084c752d3649bf0b3632322c75af,502c27e3940f9ef8
train_real_40072.jpg,real,train,train,train/real/40072.jpg,32321,c06e26a4ff2bae9c444c4670c8240891,4e352013737bc38e
train_real_40091.jpg,real,train,train,train/real/40091.jpg,31225,36aedb0fb3002042d7604b9393dba612,1867616775588799
train_real_40122.jpg,real,train,train,train/real/40122.jpg,26739,98aca610ff4a0351980b09c64ecfc799,5b3c6cc28498cdda
train_real_40141.jpg,real,train,train,train/real/40141.jpg,29140,bfa5a4675481b8e59278e7fca47cd6b0,1df400425b8fafcc
train_real_40144.jpg,real,train,train,train/real/40144.jpg,22083,70bae91db856ee9af5d99d1691f1acc2,7aa597d60ac89cc8
train_real_40147.jpg,real,train,train,train/real/40147.jpg,26035,5d3dfc32c03a7473a68c4f3002a9108c,51aaebc6a52c4ba4
train_real_40193.jpg,real,train,train,train/real/40193.jpg,35749,75ef4ad6525d9e41a8c8baebfd00671e,35988acfad4aa6c2
train_real_40224.jpg,real,train,train,train/real/40224.jpg,24033,bfface63d089bd58d234f2b190d8009c,3ea9fe41f620609a
train_real_40231.jpg,real,train,train,train/real/40231.jpg,34992,b15c826a3918ad0e054cacd63e14e7b7,5c8223e66474c39f
train_real_40244.jpg,real,train,train,train/real/40244.jpg,22975,acbabf32f1dbf26d005be466bfcc0427,0d6a3572b27c4b94
train_real_40273.jpg,real,train,train,train/real/40273.jpg,28379,95051744a20529f0457a5ee010aa7044,411924b33b259bcf
train_real_40286.jpg,real,train,train,train/real/40286.jpg,27205,1a4dc69a53766ad3cdd69cc15d889b95,00777a76387819d9
train_real_40349.jpg,real,train,train,train/real/40349.jpg,19169,b276254228e81d98bcd0d804e9c7d045,3ccbd2cd3d706083
train_real_40460.jpg,real,train,train,train/real/40460.jpg,28816,0add8695af9cebf8b19d8a0c7c4f7da3,7af5218524d68e8b
train_real_40491.jpg,real,train,train,train/real/40491.jpg,24149,388476803d9ca8d8db45d0859266e2d3,36b30ab5d15cd2c2
train_real_40526.jpg,real,train,train,train/real/40526.jpg,32351,d981a96f75bd34e1bf9019c2cb08addd,5e213c237507e49e
train_real_40568.jpg,real,train,train,train/real/40568.jpg,28131,87034a578d87c1cbaeffa93df934cc4d,42a830b5b15bdb9c
train_real_40673.jpg,real,train,train,train/real/40673.jpg,31787,4288800932e384ebda1fbc93045029fd,0db6745232b992d9
train_real_40681.jpg,real,train,train,train/real/40681.jpg,28961,330e512fe70988a5788bfb47ee9fbc0d,55565a863b2c538e
train_real_40702.jpg,real,train,train,train/real/40702.jpg,30681,5dcffda92992e2bfa6b321411df224f2,7afca0f241b560c9
train_real_40704.jpg,real,train,train,train/real/40704.jpg,28988,06ab79a25e694e9dbf4da4433d6c4445,0a4a5254b7752b97
train_real_40798.jpg,real,train,train,train/real/40798.jpg,27416,ced7ae63fa902c55b2e356cd6946255e,1a7c6365252dd28d
train_real_40854.jpg,real,train,train,train/real/40854.jpg,26002,b9236ad51a989ebf7f8609f4e89132aa,682147e7c74686d6
train_real_40855.jpg,real,train,train,train/real/40855.jpg,40423,41cf1182ab0dcf8b916d5138179fea3c,4e216e87c53e269c
train_real_40871.jpg,real,train,train,train/real/40871.jpg,26529,c8e0c8d704598a86b59431ae486da73c,620663372d2334bf
train_real_40879.jpg,real,train,train,train/real/40879.jpg,24758,e89d28f9166f7e19a42d00c068ceb428,0c2e34f37103cf9c
train_real_40906.jpg,real,train,train,train/real/40906.jpg,31770,b33efaa10410d3e83199c2bfaa23fe41,4a2a29e5a4fc9cc9
train_real_40946.jpg,real,train,train,train/real/40946.jpg,29958,25630ac0ff51b72dfc5a5bda903aea9a,1ad603a1fc7622da
train_real_40961.jpg,real,train,train,train/real/40961.jpg,27287,477450114952404ff5a2e718593be5dd,78f9292875755581
train_real_40980.jpg,real,train,train,train/real/40980.jpg,26528,20431dc38dfd16576b5296e7cf19e392,5f4b3472233513b2
train_real_40986.jpg,real,train,train,train/real/40986.jpg,23663,b4bb8cc08acb8832f0f03ae043f03218,5c6271b7720a43ce
train_real_40997.jpg,real,train,train,train/real/40997.jpg,24910,3db6fa8a431aaa39f9ea2d1dcd4c79a7,1c0f600ffc18bb99
train_real_41009.jpg,real,train,train,train/real/41009.jpg,26049,f34f5b80bf1162cdf7a8fb9509e1f1e5,5e786a61612067cf
train_real_41029.jpg,real,train,train,train/real/41029.jpg,34962,b3e04f3cc5c1be2bc12b65726c29a2ff,36adb2c051d5898f
train_real_41057.jpg,real,train,train,train/real/41057.jpg,29791,2faabab5e21fa1a23d5862dd3a98712d,4a312c7227dbc28f
train_real_41061.jpg,real,train,train,train/real/41061.jpg,29078,dbf29f3f4368045da0dc41f52f7cafd1,6ee120a377d6828e
train_real_41070.jpg,real,train,train,train/real/41070.jpg,30070,b224bf139fe2b50a766cf30108525012,18a9bf8464b6929b
train_real_41100.jpg,real,train,train,train/real/41100.jpg,27479,be6733dbc5ce53abf26364e2af6c4cd9,528469aa2578a7dd
train_real_41108.jpg,real,train,train,train/real/41108.jpg,23780,06e5ba4f74ed74b1e88ad4992e796568,7f2d70f4a4929390
train_real_41158.jpg,real,train,train,train/real/41158.jpg,30927,162e868e7432727084bb53b164f4309d,4beaaae08059955f
train_real_41173.jpg,real,train,train,train/real/41173.jpg,33096,3aef7c62f93b82f1e6804823c9f3e6fa,287c732162a78b9e
train_real_41178.jpg,real,train,train,train/real/41178.jpg,35902,3f50d441e228963ebb68a6a4c3773ed1,5cf465b69e4a4a0a
train_real_41228.jpg,real,train,train,train/real/41228.jpg,23577,de620f8594d505766c676f2f6b767271,0e693c66314e87dc
train_real_41241.jpg,real,train,train,train/real/41241.jpg,25606,6972cb59bb4d42fe863229aee7a7d216,3a7e05f50eb0ba82
train_real_41276.jpg,real,train,train,train/real/41276.jpg,32172,5baea963ed544849e1b21da524cd8ef5,2de9e203333e42d9
train_real_41338.jpg,real,train,train,train/real/41338.jpg,27730,8f6cff2c5199a856f158b0bb3576a0e2,1e6051a5ad1e969d
train_real_41435.jpg,real,train,train,train/real/41435.jpg,25443,1119ff8aac16d3b00df0bc704aafedfe,6503072c772e39b6
train_real_41464.jpg,real,train,train,train/real/41464.jpg,27595,6f1e38a0cf85d43422722a43943020af,5a6861a5e69e869c
train_real_41571.jpg,real,train,train,train/real/41571.jpg,32914,b614bbedbbd11e205a71024de0221eec,58a5e2a76809ded8
train_real_41592.jpg,real,train,train,train/real/41592.jpg,30395,947c1c6fd9efe1362c9bdf0e277aec1f,27973ab079d9c0c8
train_real_41607.jpg,real,train,train,train/real/41607.jpg,30926,8fcbf96f23773a62f359565876091f6c,2fb4f0d2d03827d1
train_real_41686.jpg,real,train,train,train/real/41686.jpg,30627,7b216fb7ddb21c351b09baa2d396e159,5e672930a539da8a
train_real_41705.jpg,real,train,train,train/real/41705.jpg,30567,d725aa74306552cf6cec249c7e3c8b19,4e2128c6c5c89fde
train_real_41712.jpg,real,train,train,train/real/41712.jpg,30323,df978a26809667fd8e60e952beea261e,4a1f7423367117ca
train_real_41725.jpg,real,train,train,train/real/41725.jpg,27157,b8d037553314b4426f130a8e6daeab4a,166961a7e5dc81d8
train_real_41751.jpg,real,train,train,train/real/41751.jpg,24263,d02b8551fd25917af2ae4fd4adafd6db,2902b4f676fc2383
train_real_41754.jpg,real,train,train,train/real/41754.jpg,33389,60f5ea85b14bc03d83003c3d6ce29467,3192b597a89b9a8a
train_real_41900.jpg,real,train,train,train/real/41900.jpg,27124,a665b7b79209aaa9d91cb3d483ba7eea,1ff105e35809788f
train_real_41901.jpg,real,train,train,train/real/41901.jpg,30981,37f10830a9c6e8b94ba8e15507d810a0,1facbcd6d0d84419
train_real_41912.jpg,real,train,train,train/real/41912.jpg,30213,300fd6c8440ff6e67f7b77d11c85b0b5,2a6ee1a1b5159ad1
train_real_41959.jpg,real,train,train,train/real/41959.jpg,26393,65f97be12c98e29bff94e7b0e1a31cc2,2bf474a06492d2db
train_real_42025.jpg,real,train,train,train/real/42025.jpg,34818,2aed618373ae508ea4c8c85abdb2f8e8,353152cea34d6d94
train_real_42149.jpg,real,train,train,train/real/42149.jpg,29251,060a4e7f9cd2e69b03951c7cd5aae409,522ff4623562b6c2
train_real_42196.jpg,real,train,train,train/real/42196.jpg,31122,bd892c3640fb096111433613463e5b4b,1ee860876cdcd89c
train_real_42212.jpg,real,train,train,train/real/42212.jpg,30793,5dd7bbb7a28929ac2de4fac84c5e6b1e,61a74941a50fbd8e
train_real_42238.jpg,real,train,train,train/real/42238.jpg,28255,5b6a2569197fc5e0233a5aee69a947b1,411eb156a958a7dc
train_real_42263.jpg,real,train,train,train/real/42263.jpg,23269,df1602fa655875025b5719ed34b7cca4,443b60cf392d66cc
train_real_42339.jpg,real,train,train,train/real/42339.jpg,26537,b00531a1355bac3634059085f4604cc8,78e117a517d2829e
train_real_42374.jpg,real,train,train,train/real/42374.jpg,26155,37023a77d4267248eb349fa1ba99a89f,4f2874d37389ae88
train_real_42395.jpg,real,train,train,train/real/42395.jpg,32834,73a9dd7e5049f3651d498daf32c03e8b,212ff415d08db7a8
train_real_42414.jpg,real,train,train,train/real/42414.jpg,27324,1a5a72469a9c74d8477d2eca1cbf7078,71ef87988c919591
train_real_42450.jpg,real,train,train,train/real/42450.jpg,29906,6529df0746df133dfe04ee952fbdf2bc,0e78a129653de297
train_real_42471.jpg,real,train,train,train/real/42471.jpg,32648,50dbdddd6cfb2dd0e384f382dcc3fe46,0ef520b271b3a3c9
train_real_42479.jpg,real,train,train,train/real/42479.jpg,27476,d5bf7a05eee37eb6f02f6240a6b25b59,1dc140a83f45f78d
train_real_42495.jpg,real,train,train,train/real/42495.jpg,27270,e00e8bdee836004c783642a2e7cf19ff,4a217031746d87df
train_real_42559.jpg,real,train,train,train/real/42559.jpg,31099,bed2c83519e052f6bce9d775efbaeb5a,54e51ac4f19f8392
train_real_42663.jpg,real,train,train,train/real/42663.jpg,35727,297c96eacd54c58e7433f888d4f84409,0be7b5b232317891
train_real_42760.jpg,real,train,train,train/real/42760.jpg,32741,7a7c9c0ed10ec271cbb4ec83bddc79ca,05c2658f67a44f96
train_real_42774.jpg,real,train,train,train/real/42774.jpg,35400,83500f72f006d36f7e12a75bc3826cc6,48542d7774aad28d
train_real_42815.jpg,real,train,train,train/real/42815.jpg,27252,3b0acc09833361f51fc8bde36069bac3,689fdd203560b3d2
train_real_42855.jpg,real,train,train,train/real/42855.jpg,27246,f485e09125929d4867fb792f10b4bce8,58e3e3a724889f98
train_real_42865.jpg,real,train,train,train/real/42865.jpg,19725,1ed21a6cbb028ac1b58aef1d45448590,654648eb8c6a9ed8
train_real_42892.jpg,real,train,train,train/real/42892.jpg,30227,1c686c14e731df825312a8daa9cead39,0f3c7b5251b5c548
train_real_42954.jpg,real,train,train,train/real/42954.jpg,35780,04ae4aa1eaf66f3ec0b3e3cdf5c4b1bb,5683f8d62b296a89
train_real_43052.jpg,real,train,train,train/real/43052.jpg,28350,d686007bd3556f86b63046d1947c6afc,2fb9f0b0c183c38b
train_real_43057.jpg,real,train,train,train/real/43057.jpg,22394,67cc08017f7edb2c2fa468c0b3c6a319,6081aca735645f9b
train_real_43062.jpg,real,train,train,train/real/43062.jpg,26109,d3a61ad0a5aa2d9f78d2a7b69cbd6a5c,0ee93c3161783793
train_real_43087.jpg,real,train,train,train/real/43087.jpg,27921,3ef1a44b19977620c13ecf8e0218020e,62e835a714c585de
train_real_43108.jpg,real,train,train,train/real/43108.jpg,32614,aa6b35ad264771a29d6984c4dd18a420,2bfdb42c6334039a
train_real_43125.jpg,real,train,train,train/real/43125.jpg,30567,b93f91e3c01520c34dde37793adcc733,43396967e00ed29b
train_real_43169.jpg,real,train,train,train/real/43169.jpg,25540,22df14a4ac4483cd33ab821fd79d06b0,644c39925ad80fed
train_real_43180.jpg,real,train,train,train/real/43180.jpg,27551,7bcfd1c22e596fc7d68f236af07da211,2db597923013c3da
train_real_43183.jpg,real,train,train,train/real/43183.jpg,25942,b35dc9b01e41e00e8faf9cf64d05d5c7,1ae863e7256e9688
train_real_43241.jpg,real,train,train,train/real/43241.jpg,23717,bc26c5d26da85fdfc9c625b87f9bdc21,411f3e707c2312cf
train_real_43252.jpg,real,train,train,train/real/43252.jpg,39019,e4470467a06c4d24e2b7a0e872ecd1ec,49875d81fa30b71c
train_real_43265.jpg,real,train,train,train/real/43265.jpg,23509,b38fe1331b58325dc4622e2896eae1e4,15225f217e260fdc
train_real_43291.jpg,real,train,train,train/real/43291.jpg,27390,1da5d7a348c4bba6fda38d1d1d499cb8,1ba53adc40efc2c4
train_real_43302.jpg,real,train,train,train/real/43302.jpg,28048,9272965e21ae40d84b6c78c2369d4975,5ee021a725f4aa8e
train_real_43309.jpg,real,train,train,train/real/43309.jpg,28311,24901116884fc66e1f417a21d172f4a7,0d357253fb09a4ca
train_real_43327.jpg,real,train,train,train/real/43327.jpg,36849,b2068be39b258399c0aaa051528f7d5f,3fafe0c0d049d2ca
train_real_43388.jpg,real,train,train,train/real/43388.jpg,30038,bf264845c63edf5c19e314950b93cad2,78f83fa1403652da
train_real_43476.jpg,real,train,train,train/real/43476.jpg,25272,49e4b5e2c60d8ef75b83303753c9d542,5c6f20633568b785
train_real_43489.jpg,real,train,train,train/real/43489.jpg,31620,646a26ef74bd967e374c0edf91fd3eab,4f4e20783829ebd5
train_real_43558.jpg,real,train,train,train/real/43558.jpg,27700,54d05fa6a109c28d1415191e49615aca,3f3472fad009d498
train_real_43561.jpg,real,train,train,train/real/43561.jpg,34755,b5a87d0dee847fa36f21c1219fa0fe63,3eb1e9e5a5a68290
train_real_43575.jpg,real,train,train,train/real/43575.jpg,20540,df27d0f18b269b3a5bdf3557d87994ec,68a527a706de82da
train_real_43641.jpg,real,train,train,train/real/43641.jpg,29656,e8f4f3ca77c233a7b4bc8e60dc197b98,6894c3971b7c5c8c
train_real_43665.jpg,real,train,train,train/real/43665.jpg,33319,9a56dc2997cdee7e6a50f02912eff2f7,75bc3ab5fc0a8a80
train_real_43726.jpg,real,train,train,train/real/43726.jpg,40691,7d969b26f481a1889ef6ad4c84fa8e57,1e9cf110f1215a5f
train_real_43791.jpg,real,train,train,train/real/43791.jpg,27396,8df66d9b3abb8a00e2104cd45aad8e16,1c8e5f9570147a9c
train_real_43799.jpg,real,train,train,train/real/43799.jpg,36040,a50ea12e3c3b72960c16247e381240b2,29b4f4c36269e293
train_real_43869.jpg,real,train,train,train/real/43869.jpg,31910,7b09007b3d268081ffc85aee3260091f,0480bd0b20d5fbdf
train_real_43960.jpg,real,train,train,train/real/43960.jpg,27315,6291ecbc5ce924ba08c97186e89b856b,0f66b43238b1a3cb
train_real_43968.jpg,real,train,train,train/real/43968.jpg,28723,155d3c27fc54f120a90899c35fc52ae3,0ea5d76e12307d92
train_real_44011.jpg,real,train,train,train/real/44011.jpg,30845,88d433f0266836d89a7e566691dd85c2,68a925787221eacf
train_real_44150.jpg,real,train,train,train/real/44150.jpg,26289,3a191cbc6d255e848ff79336e94bee56,1c1e696b61713393
train_real_44155.jpg,real,train,train,train/real/44155.jpg,36081,bf2e526d51d6a9aecfcd67c30d11882a,7044c3874b8adb4f
train_real_44163.jpg,real,train,train,train/real/44163.jpg,30059,ab354dca9fabfeeaa3a062e0d7560c90,58e8efe1a550869a
train_real_44187.jpg,real,train,train,train/real/44187.jpg,26829,ef520734358ff51dddb2e53be286bbba,2a7ab5a56d249694
train_real_44195.jpg,real,train,train,train/real/44195.jpg,29583,10612335bc93969ec2738cbefc31dde1,5e9f216a666874c8
train_real_44198.jpg,real,train,train,train/real/44198.jpg,31358,3f5e88e5ea905a9ff13d153151283b13,5be061e36109e3ce
train_real_44201.jpg,real,train,train,train/real/44201.jpg,32774,024500e8c081614b058321a888f54a69,4eb1f5f2c55a8842
train_real_44207.jpg,real,train,train,train/real/44207.jpg,37351,f13f71c6ba06347fa21d69f5a70fc2d5,3821d2c0ce5acddb
train_real_44224.jpg,real,train,train,train/real/44224.jpg,30302,2bb97f3448968638a6c2bd7764d4c09e,2da485d2c2cb8bd9
train_real_44310.jpg,real,train,train,train/real/44310.jpg,26413,dd008c296547616f232ee2e8f500f5eb,5f0f782b5621aa85
train_real_44314.jpg,real,train,train,train/real/44314.jpg,26568,a685806be7bdae5c716731ed857a5ca9,7f7ce0a367028782
train_real_44328.jpg,real,train,train,train/real/44328.jpg,26617,2620663cab7c8f5adbbd55381525f85e,7a7ae16105250f8f
train_real_44331.jpg,real,train,train,train/real/44331.jpg,26202,27c31cd92c04f72ecdee44c831127de3,4d2d2530765557d4
train_real_44353.jpg,real,train,train,train/real/44353.jpg,31458,8ea312ef296bc155ddae2292b5a36f9e,47b0bcf2b4a19e81
train_real_44398.jpg,real,train,train,train/real/44398.jpg,27158,953e1d5e08ed0e51350dbfe39c173366,153f683f6188878d
train_real_44533.jpg,real,train,train,train/real/44533.jpg,26482,c8f98f7b49c9fa6de66245c120e5b2f1,4b65347a3069b6ca
train_real_44539.jpg,real,train,train,train/real/44539.jpg,30797,c95e5ed6509a960a69a4ba1b9f67f8cb,1a65676764c4969a
train_real_44608.jpg,real,train,train,train/real/44608.jpg,38866,4e9bdcca5623fcd2de3a8880e6544bf5,6a2174c2a55ba7d2
train_real_44644.jpg,real,train,train,train/real/44644.jpg,27525,714a1f8543f902dfe6cbe403c5a530f6,1dc2bdc0271bc6c9
train_real_44651.jpg,real,train,train,train/real/44651.jpg,29338,268ae78fb9e74fe89c3285539d74a638,0b3157521a5a9adb
train_real_44703.jpg,real,train,train,train/real/44703.jpg,29150,6d3df24e7cf8fedb7b12e07ce53be48a,0a2e2125efa5fcc8
train_real_44707.jpg,real,train,train,train/real/44707.jpg,26876,8af407aa1ec0316ee8383c310386583a,151572526a6a6b6b
train_real_44709.jpg,real,train,train,train/real/44709.jpg,22429,a2c6d841ee0fa813a909377f7e8ed30b,3fd042f043b4439f
train_real_44758.jpg,real,train,train,train/real/44758.jpg,39023,88372631f2fd14d51a09db4ddd68c0dc,5da6e08b3f1cd20a
train_real_44761.jpg,real,train,train,train/real/44761.jpg,33491,15435fd7b5f28175cbf274aae180f822,06f238d3fa44e0cd
train_real_44772.jpg,real,train,train,train/real/44772.jpg,30297,7224914e7c04ac61743f9342408a62bb,1e6f61c2e4687299
train_real_44781.jpg,real,train,train,train/real/44781.jpg,31577,44cff3edf79a2eddf8d3cc8b32bb07f1,0bd47a66b2635389
train_real_44798.jpg,real,train,train,train/real/44798.jpg,28694,dbc109b31f4257c5f8b4dbc37f3cbff3,4b3d35f0701b22da
train_real_44835.jpg,real,train,train,train/real/44835.jpg,23119,54aad0ce8bf59f1e693c03394f48825d,6a9a45a535e121d7
train_real_44867.jpg,real,train,train,train/real/44867.jpg,32823,23fd9903cf439817c6791e1f813507ab,4b8aead7130bc18d
train_real_44901.jpg,real,train,train,train/real/44901.jpg,25541,37dede45c564dd06a9980ba348f01a22,038fa9a76544b4dc
train_real_44913.jpg,real,train,train,train/real/44913.jpg,29416,197b60f82334a2759a006c5e45d7284b,3cb456e18764c1d6
train_real_44945.jpg,real,train,train,train/real/44945.jpg,28444,16b460d3475cd0393c2f2a2e4e0f14c3,16daa9572115f88d
train_real_44972.jpg,real,train,train,train/real/44972.jpg,23419,f2565b53f8f6b4e2bb2c6a5f31ef1189,60e06b83e1ed8f86
train_real_44990.jpg,real,train,train,train/real/44990.jpg,36849,d573acdec89ac8f4f90b1ba26d5c0fce,51e043975f4a9e89
train_real_45024.jpg,real,train,train,train/real/45024.jpg,31655,4718d4d5f6914ae885caa3d1b858b0fb,0ac3a4d68ad89f99
train_real_45043.jpg,real,train,train,train/real/45043.jpg,34687,d78e0c23fca1ecd550fad97e2f77e697,1aa1f196d788ca8b
train_real_45073.jpg,real,train,train,train/real/45073.jpg,29976,8d4105fab2d6657cd6339da7025e4f5c,0e942d92bb8d728d
train_real_45103.jpg,real,train,train,train/real/45103.jpg,24589,c5e27a073b6992abf1b16ea9713aafbd,4151eb17e11ad789
train_real_45111.jpg,real,train,train,train/real/45111.jpg,26337,f19f5ae90e6e4fdbe93fac8d40b68345,3d3d32f49294c196
train_real_45143.jpg,real,train,train,train/real/45143.jpg,27973,c37f73c95012ffe00587d868f4cdfd0c,0b3d3577b00b86ca
train_real_45206.jpg,real,train,train,train/real/45206.jpg,34039,7d174f80295db2167a4930d5dce6c840,5aaba0c70fcc31c9
train_real_45210.jpg,real,train,train,train/real/45210.jpg,26035,d402ea83b01d113f7b1c2ce0ba01bbf3,003e7f70346907de
train_real_45221.jpg,real,train,train,train/real/45221.jpg,34981,1de7f7e46d4a9577636f3a3430f8435a,53de32803e1f9e82
train_real_45228.jpg,real,train,train,train/real/45228.jpg,33744,973ee38b4c8128375b94f5707b64eeee,47d0a2db46051f9b
train_real_45244.jpg,real,train,train,train/real/45244.jpg,29751,b187ff0e386ed0e999b10b59c99d625f,24c296c091efd98f
train_real_45297.jpg,real,train,train,train/real/45297.jpg,31697,533d4cf48fbdfff73af0dd76199d10a4,45273c17f888e2ce
train_real_45333.jpg,real,train,train,train/real/45333.jpg,29822,a9567bdb0063a8c0c2362d342b958c90,52e52faec58c9415
train_real_45334.jpg,real,train,train,train/real/45334.jpg,32854,e98440dd4f9e710d32f9c3849ba5b775,086d71a55795d29c
train_real_45377.jpg,real,train,train,train/real/45377.jpg,30914,52d6edb6f64c454af8015a2586379f3a,5efd0ac03f08249f
train_real_45404.jpg,real,train,train,train/real/45404.jpg,20370,88b9b71074d47e263489ae331a2cc4c2,683a6535623cc799
train_real_45440.jpg,real,train,train,train/real/45440.jpg,27099,83040a1ba41ef10802c6ba50f699e68e,5f6078b2314bcb85
train_real_45483.jpg,real,train,train,train/real/45483.jpg,29471,8589f438e3c3aeafbfad6eb311e06fbf,10a7e9d75621caaa
train_real_45555.jpg,real,train,train,train/real/45555.jpg,26576,905a5fe3c4c91c55927d40d5cac63264,5e4b6931277407d1
train_real_45578.jpg,real,train,train,train/real/45578.jpg,26518,8b144e9b4fe56910f52b8166cee2a7b7,0b2b7c7670788b83
train_real_45604.jpg,real,train,train,train/real/45604.jpg,26750,01d26702bf541bb30b1c622f747fbef0,39f760b360d2c293
train_real_45635.jpg,real,train,train,train/real/45635.jpg,26861,cc54ce7a96b8862207cf8edc56e213b4,0dfabf403429d28d
train_real_45698.jpg,real,train,train,train/real/45698.jpg,30846,27105df9964f49ab0cb2f48a5f6ff3ff,6f2da050d0f4979c
train_real_45743.jpg,real,train,train,train/real/45743.jpg,22836,bd09909a067fda448b6b576b11744401,3f80c8eb5b7f0250
train_real_45792.jpg,real,train,train,train/real/45792.jpg,26593,2f4b73dae5e8ba9f4e78d5d7c449cc3f,07252825f41ddf9c
train_real_45823.jpg,real,train,train,train/real/45823.jpg,32667,ffd61bde0e1f2c6aee4e61c0ff976f86,6de92cd4c0858b9e
train_real_45867.jpg,real,train,train,train/real/45867.jpg,28525,31d9d32cf9fe27a2f0827b5d2ea95cc4,69610dfc70e2478e
train_real_45891.jpg,real,train,train,train/real/45891.jpg,27388,7673bb591b7666d93a8596cfe82b908e,0ff23062334d93ce
train_real_45905.jpg,real,train,train,train/real/45905.jpg,25113,db4ea746e0d8d9ea50413aa9f687372d,25b33eb23093c3c9
train_real_45973.jpg,real,train,train,train/real/45973.jpg,22193,f9f615458a1ae2f1488792697bc97036,692443a6d69a8eda
train_real_46045.jpg,real,train,train,train/real/46045.jpg,20382,87c21e6d0484e0e72e5d2d27c708530e,5a6465a5149a9eda
train_real_46077.jpg,real,train,train,train/real/46077.jpg,29276,2786e850505223dc2bdd147c10f2480f,5af061a784988f9b
train_real_46104.jpg,real,train,train,train/real/46104.jpg,25726,1bb69bb8fba22e561790d179271c2978,7fa0f496829b898c
train_real_46129.jpg,real,train,train,train/real/46129.jpg,25079,5ee043110150614e7a0e48f144359833,040b3a167b01f3df
train_real_46168.jpg,real,train,train,train/real/46168.jpg,38433,ed5893b72e19406f2de678b3dca368c0,5aa55c16307bb383
train_real_46177.jpg,real,train,train,train/real/46177.jpg,28829,9b5094f49d0b76ff718f828868726db6,3be8c01fab16f888
train_real_46202.jpg,real,train,train,train/real/46202.jpg,29185,3153a834fe70dc61748234f7f1ced34e,5e2cf0118109fecf
train_real_46205.jpg,real,train,train,train/real/46205.jpg,29217,ba7ff81ba1359d5b97fb438c297ac407,78e12396dc0363cb
train_real_46222.jpg,real,train,train,train/real/46222.jpg,34168,ef0814598d2918bc96a453a679fe47ff,5f5070a552e98dc3
train_real_46281.jpg,real,train,train,train/real/46281.jpg,27734,8fd65002bca40e3aaab86e4b27763a47,0399fa776070b3d0
train_real_46287.jpg,real,train,train,train/real/46287.jpg,31639,7ff88e2be461851e8eec8f467e607aba,17859d963a68a785
train_real_46289.jpg,real,train,train,train/real/46289.jpg,23870,ab26e2a8d138d2bfff00e77beadefde2,165ae15ba515fa05
train_real_46300.jpg,real,train,train,train/real/46300.jpg,25762,d60272741ab92e33a5587c48c3f62022,6b3f70a472a194ca
train_real_46302.jpg,real,train,train,train/real/46302.jpg,30266,e31c7063845b5416df47d5d0fb3f0db9,0ff464b221d9d299
train_real_46368.jpg,real,train,train,train/real/46368.jpg,26139,f61bd30d755776b871949f2b99c805b0,1ee92187169e9e98
train_real_46414.jpg,real,train,train,train/real/46414.jpg,26095,15e155f63b316de90d12e00f0c9ab627,254b2e7a7861909f
train_real_46469.jpg,real,train,train,train/real/46469.jpg,26132,4db3dd8c361a295c326d86dfcc5072ff,490b357283d8cf87
train_real_46501.jpg,real,train,train,train/real/46501.jpg,34255,90844b14aae95e97d7a18e87ae09f766,1bb2b3931d4b4c8a
train_real_46535.jpg,real,train,train,train/real/46535.jpg,26034,550ade1018f6fe46fa68b9d93328b2c6,5a073d20f98987dc
train_real_46568.jpg,real,train,train,train/real/46568.jpg,28168,1a1f76e64952c3581903a242c9748ac2,5a6168c3875d135d
train_real_46580.jpg,real,train,train,train/real/46580.jpg,28700,5efc7697a5e3c8b04ca919ab414cb7ca,1a3c63972cd30d99
train_real_46587.jpg,real,train,train,train/real/46587.jpg,28642,686d237b648309fbce0c797f7d900b3f,586961a32763e28f
train_real_46607.jpg,real,train,train,train/real/46607.jpg,28181,898aec0c990c85eacc05c497eac4df27,1ee469e5a49a8ad8
train_real_46624.jpg,real,train,train,train/real/46624.jpg,23962,94106725d3387fd1788cdc2b01d447ed,0a746395c66ca793
train_real_46629.jpg,real,train,train,train/real/46629.jpg,23781,e4963450cd41fce4037c0931ee4ef93d,167e6865606ae69a
train_real_46656.jpg,real,train,train,train/real/46656.jpg,19531,09f4c67b262983f5ca82132e6a031636,78c6859e96589a99
train_real_46723.jpg,real,train,train,train/real/46723.jpg,30845,08dfee55ec3cda3643dba2a8885ed21f,4b07704031f5d7d5
train_real_46832.jpg,real,train,train,train/real/46832.jpg,30543,996c352c741dda0a84dddfad6314435b,163d68e5a95af809
train_real_46857.jpg,real,train,train,train/real/46857.jpg,29498,6278fd62cc87810a9001844ea04962cc,70ed2bc40d9c9798
train_real_46877.jpg,real,train,train,train/real/46877.jpg,30050,1b449a6b717ee1750c84675ce9267857,3ac141c7d61e02df
train_real_46901.jpg,real,train,train,train/real/46901.jpg,24688,000d39a8041e771128f698f8b6342d79,1fbe34b2e089ca89
train_real_46973.jpg,real,train,train,train/real/46973.jpg,29933,9be1d7815b168b5d8de310c3cc66d1f4,0f282d30b574db99
train_real_47049.jpg,real,train,train,train/real/47049.jpg,30988,33144c507b57ffe96df170fb4764eecd,3d8ed24456a5c393
train_real_47079.jpg,real,train,train,train/real/47079.jpg,31215,6a05b39e2c1535e73617ef2cc03cc83e,1a2779c71eea2154
train_real_47097.jpg,real,train,train,train/real/47097.jpg,27092,acf216fcb44f5d362803e2963e8bf07e,2d0af007eb6c077c
train_real_47211.jpg,real,train,train,train/real/47211.jpg,30048,e57ff9665ee2f805234191a7dd638e50,4b25247620bdd3d6
train_real_47213.jpg,real,train,train,train/real/47213.jpg,31157,f0948d8a98d253dc86bc23981395e2e8,6c30b5f5d7971082
train_real_47247.jpg,real,train,train,train/real/47247.jpg,25451,53c43abffc2498f564b056eb4f7fea7e,1e6178d759586a85
train_real_47313.jpg,real,train,train,train/real/47313.jpg,26385,0cbd6711f93776aa7ce49e2d8de3718a,5e7a71636540978a
train_real_47317.jpg,real,train,train,train/real/47317.jpg,25572,02b095f43b0412439a2526df8ad19eba,49203cf6f5898bca
train_real_47334.jpg,real,train,train,train/real/47334.jpg,30249,cfe37b123f2f753e7675dd7a936249cd,05b6bcb2303972da
train_real_47466.jpg,real,train,train,train/real/47466.jpg,32248,ac241d501e4b343566b666b5d7cdffa0,0fd9b663302dc29c
train_real_47481.jpg,real,train,train,train/real/47481.jpg,25299,171c2770c5194c02e6197d7213726416,092ff027f264de48
train_real_47511.jpg,real,train,train,train/real/47511.jpg,29849,17f03f8dffc8605ece9f9b6c790c2fbc,69cbc935206af287
train_real_47529.jpg,real,train,train,train/real/47529.jpg,31841,293f2637e2051dd56cdb7eb0bc000590,14666aaa698b6bd8
train_real_47649.jpg,real,train,train,train/real/47649.jpg,24397,4962f07c814761b581a5446534c67c5d,19dcacf66421d2c9
train_real_47660.jpg,real,train,train,train/real/47660.jpg,32060,0c2fee136ef0953263c733251358f5bb,5aa73587925d7068
train_real_47698.jpg,real,train,train,train/real/47698.jpg,26142,78fe8aca36f8bc5eace7b2d05663c2d5,49073ef03363fb08
train_real_47703.jpg,real,train,train,train/real/47703.jpg,29627,d27d82c35a6b068e08bc22f8c23646a2,0aa1e597d27d02cb
train_real_47717.jpg,real,train,train,train/real/47717.jpg,26157,c7fe489ea7c4f9c3ea46267e77ad66bf,5f0f21b46331329b
train_real_47751.jpg,real,train,train,train/real/47751.jpg,26464,5366f67af200f4b7eb364ed7c4d72e8a,243f3270b3b2c1d3
train_real_47776.jpg,real,train,train,train/real/47776.jpg,27237,3ad949645a9703fc3342e8a34b8c42a5,4743bc781125fa47
train_real_47796.jpg,real,train,train,train/real/47796.jpg,27097,d86e5c6cc20f4725eb40b15603315375,692f7e307a02c7c4
train_real_47814.jpg,real,train,train,train/real/47814.jpg,27742,07a0f662aaf64dbcdf788c96908715a5,5a1a296a756f1558
train_real_47833.jpg,real,train,train,train/real/47833.jpg,28809,b1583396674c5ac510b6602d1b19dd96,29fcf0c0a557a057
train_real_47839.jpg,real,train,train,train/real/47839.jpg,29594,ae403b5793dc8d9f5c60f2549440c260,04f1a2f6f5a2ca89
train_real_47940.jpg,real,train,train,train/real/47940.jpg,28882,606fc9a467ec1c4d710fc458f35e220c,18e269e3e4e4e6c2
train_real_47999.jpg,real,train,train,train/real/47999.jpg,24369,7db50a321f97b8b8759a805488ede68f,7a878fbc04b1231d
train_real_48009.jpg,real,train,train,train/real/48009.jpg,29434,229bc16934a3502f3d88297fe4ba147e,1e7c6a7f2038a29a
train_real_48062.jpg,real,train,train,train/real/48062.jpg,32245,0294b4922443a652508e019813efa35f,0e6f28a731d6f188
train_real_48110.jpg,real,train,train,train/real/48110.jpg,27549,2ef97865a84854bca1dab21ec9d914ac,7d2d70b472b0c2d2
train_real_48117.jpg,real,train,train,train/real/48117.jpg,45005,792ed4b9ae6c365d83f1d11e9d46e4c7,788787c31415f9d8
train_real_48195.jpg,real,train,train,train/real/48195.jpg,31169,d5ffad8b398c9e88a5665bacebee12c1,40bcf18a6449f68f
train_real_48250.jpg,real,train,train,train/real/48250.jpg,30796,13eb30a58f2f4ead641100aaba3bcc6b,50606faf270cc7d8
train_real_48318.jpg,real,train,train,train/real/48318.jpg,31792,73d55baad822a8a2678331435b7700e6,4e7e25b23329e28c
train_real_48344.jpg,real,train,train,train/real/48344.jpg,27637,b541ebce140d8e37cc34a6e0d6205fa3,2fb57ab452189a8a
train_real_48349.jpg,real,train,train,train/real/48349.jpg,28513,5e6d3683b5b18dd3d3ab1d1bf75a7df6,0f782d32651ac39b
train_real_48374.jpg,real,train,train,train/real/48374.jpg,24449,a21d1744e2f9eae01065eb38d5cb0b8d,16697a612569c787
train_real_48413.jpg,real,train,train,train/real/48413.jpg,27211,c988c1ee6e34e67e8b01138d3a1b02d8,4f3065b2071ccecd
train_real_48444.jpg,real,train,train,train/real/48444.jpg,27954,979e4befb94110f94b85293f718869c9,743143875eb35287
train_real_48534.jpg,real,train,train,train/real/48534.jpg,35354,620ba6aefcbc4cc8b02a8fba9dd6fb86,28808fc12bafdbc9
train_real_48622.jpg,real,train,train,train/real/48622.jpg,28376,c3f4501f70a9716163b0c77be2bacd12,4b3678326359c3c9
train_real_48628.jpg,real,train,train,train/real/48628.jpg,26831,ec5c8c6dc436ccf118cac405d6f22b20,498fcd0dc46d80ee
train_real_48634.jpg,real,train,train,train/real/48634.jpg,24901,93bcd2023c27ac87af038c7afa60ead1,7d94d0d2cac981cd
train_real_48688.jpg,real,train,train,train/real/48688.jpg,29220,84383008bd7fc61bc4a002c0917c5365,16b0774bb2fa8988
train_real_48729.jpg,real,train,train,train/real/48729.jpg,26776,ab9e7052b1da579101ca1c47315aa6d4,5a412576b678c34d
train_real_48732.jpg,real,train,train,train/real/48732.jpg,28969,4482706f81a1e19b6ed607a00abab7fc,530bb47a91702b9e
train_real_48777.jpg,real,train,train,train/real/48777.jpg,27970,eb58f8af03507286a8ff74d69a9e59f1,0f8834f0b07fd2cc
train_real_48791.jpg,real,train,train,train/real/48791.jpg,32152,7853f54adb3260f8b87bbc0c34b91130,6e3a2f928195a5b8
train_real_48795.jpg,real,train,train,train/real/48795.jpg,33795,5c19a7b42cc9bad6ead0e4a256fb4ceb,520d6917e415fe85
train_real_48798.jpg,real,train,train,train/real/48798.jpg,23847,f14401633fd6468d260afb5b14c788f7,1bc9ce654066173b
train_real_48837.jpg,real,train,train,train/real/48837.jpg,23552,025d706c9a568cd23aa6e3e3a950cc6d,4c49c8a7347cdb8a
train_real_48840.jpg,real,train,train,train/real/48840.jpg,25925,a8a1c54fe56a2082e05446abdbd445ab,25373692489b65d5
train_real_48845.jpg,real,train,train,train/real/48845.jpg,32348,99d9ae73127492f175ea212e5cb3af6c,4afff0247120729b
train_real_48880.jpg,real,train,train,train/real/48880.jpg,32432,ff2d832bff16d669339b0f61d1ae1d8e,56651ce614da99d8
train_real_48899.jpg,real,train,train,train/real/48899.jpg,25030,f875178d0327f4e4e25d7bebba9b4a99,25f77ad04089c38f
train_real_48925.jpg,real,train,train,train/real/48925.jpg,25763,8ac09c16f2ea8e7f4a1e3452ff65ec61,1e65786336c0b1da
train_real_48966.jpg,real,train,train,train/real/48966.jpg,29543,f216a5889a915d2c88d083ca86f05f7b,1341fc86d9354b56
train_real_48968.jpg,real,train,train,train/real/48968.jpg,26672,ff8af73c967ea3b9b806081fe584f126,49417e273d2a10df
train_real_48969.jpg,real,train,train,train/real/48969.jpg,33503,4a48e775531cab0491c81426a9bb197a,0b433cb6303073df
train_real_48980.jpg,real,train,train,train/real/48980.jpg,32190,541faf2b3216e9a7d37fe6c6048420d7,41537ea13423cbcd
train_real_49025.jpg,real,train,train,train/real/49025.jpg,25782,265fa34b6c5cfa0eb85c3d4a38b5bff3,0e653172b5718ed4
train_real_49104.jpg,real,train,train,train/real/49104.jpg,29194,507420a6f8ac98eedd64331be112283f,4dfa44d20f4c65d4
train_real_49118.jpg,real,train,train,train/real/49118.jpg,27433,0261b12268e82201f73d952ca92901db,0b32744ae03dd79c
train_real_49151.jpg,real,train,train,train/real/49151.jpg,30702,3c55754646cb284f9030ef775ac0273d,4fd454b450a19bcb
train_real_49156.jpg,real,train,train,train/real/49156.jpg,33406,8158422a2d2942214f9e661e3fdc0afe,567b3878e0c1c3c3
train_real_49166.jpg,real,train,train,train/real/49166.jpg,33624,e2c51d76d3f56742ec28e36aba49027f,1a6e68e12658a59f
train_real_49176.jpg,real,train,train,train/real/49176.jpg,22080,7e5e1e174d370c7a8e9f72eaa0d8f863,6a9525a776a914c6
train_real_49233.jpg,real,train,train,train/real/49233.jpg,19677,c52b9eb0e307fa1abc0548f299f67f7d,4bac2de664237683
train_real_49274.jpg,real,train,train,train/real/49274.jpg,30037,7bb4bf3c9f12e63c6039d14ffaac0cc8,1f7f68232568c683
train_real_49341.jpg,real,train,train,train/real/49341.jpg,26609,7600ea2af5348c43d410063a8fc86ced,0ea038743565d3dd
train_real_49353.jpg,real,train,train,train/real/49353.jpg,27094,11b40fc5ff1b634df480273f3b9ba954,1cfe39232161278f
train_real_49356.jpg,real,train,train,train/real/49356.jpg,22212,26e26bdc55562a5c8ac094160dd65166,5b2460b66099d7cb
train_real_49385.jpg,real,train,train,train/real/49385.jpg,32106,ce6b8fe398e45e0031cfcee7cfa9fb31,32565e97d00cd35a
train_real_49408.jpg,real,train,train,train/real/49408.jpg,29871,cd5917598f2e1a9047815923c5273e4f,1896635334b5769c
train_real_49474.jpg,real,train,train,train/real/49474.jpg,25663,1eb88a14f1c051cfafe8af0a9e4498c6,053462b34fbd91c9
train_real_49481.jpg,real,train,train,train/real/49481.jpg,27068,7249dd0b99b864c8d652a90ba226b5d9,4e5a257235792e85
train_real_49518.jpg,real,train,train,train/real/49518.jpg,28258,59bdbda5ab372f5eb82b66c25543010f,546e7fe000a30fd6
train_real_49571.jpg,real,train,train,train/real/49571.jpg,27305,88c3cf29edc2ca00fc14c3776f81d131,0b79b475b5c99148
train_real_49602.jpg,real,train,train,train/real/49602.jpg,27439,e35c268e0b38b483228c058de558df19,3a5c65e86748869e
train_real_49765.jpg,real,train,train,train/real/49765.jpg,28312,5b206563c6065f9b072933833650e23b,38420747d67dc25e
train_real_49855.jpg,real,train,train,train/real/49855.jpg,26358,44389e0fe9f358533c7663008eb6cddc,422ffcd2e17903c4
train_real_49884.jpg,real,train,train,train/real/49884.jpg,22713,c17dbd29c7420ad203f7e10af94aa010,075f2074300fdecd
train_real_49902.jpg,real,train,train,train/real/49902.jpg,31292,73735d6d4289fae481ab1c40781ac04b,0578aad3a22d678e
train_real_49903.jpg,real,train,train,train/real/49903.jpg,26680,dceef15c22c10235aef06b23abb23b3b,5a3520c59f38738e
train_real_49917.jpg,real,train,train,train/real/49917.jpg,20869,4f7b06d96f6de7b0f378c1d64de1c956,4a9578b672a9538a
train_real_49959.jpg,real,train,train,train/real/49959.jpg,26134,cfa2843d63afab617a799948d910b54a,7ae1a587248d869d
train_real_49983.jpg,real,train,train,train/real/49983.jpg,32646,c3624f470d89e16c2945e25d73455b4f,5c6029e12567abce
train_real_49984.jpg,real,train,train,train/real/49984.jpg,27017,d06749c0b3ea30560e8188285245ab99,0bcd2256352df2ca
train_real_50018.jpg,real,train,train,train/real/50018.jpg,27410,2043e93413056a1735e19662a0235c3d,7a582523a463b6f8
train_real_50021.jpg,real,train,train,train/real/50021.jpg,22272,df34d15e04b469953d2417b511dc29db,2ba9565e747043c6
train_real_50063.jpg,real,train,train,train/real/50063.jpg,24601,29f25569c014a18163cefcacb457ad78,4c71292337ccc6ce
train_real_50073.jpg,real,train,train,train/real/50073.jpg,27184,20479938bc60bf5c2eaaf769965df26c,5c826be624eca69c
train_real_50074.jpg,real,train,train,train/real/50074.jpg,32485,84821e56d3a14179e2e19700abea9aaa,2badc0d7e82b7248
train_real_50247.jpg,real,train,train,train/real/50247.jpg,33155,12d487dd84a8d183b8cd7ade39706a86,2ae878a5e14ad599
train_real_50274.jpg,real,train,train,train/real/50274.jpg,27260,dce17d3dc06a7b713e59a074c21e4caf,68d2c3a33c2be3c1
train_real_50307.jpg,real,train,train,train/real/50307.jpg,29777,3f57793c8d8aeff0b7c7ef4970982899,5e9a5c72285a718b
train_real_50361.jpg,real,train,train,train/real/50361.jpg,31313,9f630bd35e6964c29ce5cbac96293894,348243ec6a79669b
train_real_50404.jpg,real,train,train,train/real/50404.jpg,28225,424eac651712c9a39b81f4d6980201a8,60d320f8a1e61fdc
train_real_50414.jpg,real,train,train,train/real/50414.jpg,31647,d057ebedcff63bb59560c89a49d84d35,204b3fbc3874a7c2
train_real_50418.jpg,real,train,train,train/real/50418.jpg,24111,01e3cbe06a993fa2161087539194fa7b,2aab359496d8f09a
train_real_50461.jpg,real,train,train,train/real/50461.jpg,33462,59987a93341939cf072ab1b4bd7923dd,4f313c93135d2e4c
train_real_50462.jpg,real,train,train,train/real/50462.jpg,29320,52cc0042487ad7a80766246130576032,1780685e242e6fdd
train_real_50478.jpg,real,train,train,train/real/50478.jpg,22692,56ebc7d957ce582ae6e803712f94d30d,5e2931b596928e8b
train_real_50515.jpg,real,train,train,train/real/50515.jpg,27195,56e9e2ea81f217b85e58300f3d49ab0f,29f41787dad88b88
train_real_50567.jpg,real,train,train,train/real/50567.jpg,35135,3105bb3e8db1100d8f6e71a3432c8cf2,540f20f64334f74b
train_real_50611.jpg,real,train,train,train/real/50611.jpg,24406,64d24928f2ad29827c7870a93cd9b775,47d33c16311f1b4c
train_real_50612.jpg,real,train,train,train/real/50612.jpg,28459,66f658d2626baa5defec7794aca11bfa,4b387cd2a0c9c6ce
train_real_50622.jpg,real,train,train,train/real/50622.jpg,28902,81ca26ca05de0b48c99c9eb482b1b17f,17c7617426ad5e03
train_real_50640.jpg,real,train,train,train/real/50640.jpg,26751,899949107e2fbe1de6cb5b3da1665262,6aa95da125d087dc
train_real_50655.jpg,real,train,train,train/real/50655.jpg,30389,40c540f21ce65178b85dac9fd1edbedd,4f3430b051dbc3ce
train_real_50660.jpg,real,train,train,train/real/50660.jpg,22452,300b3c6b76b60db5d2f320cecda16647,4b3634d31329778c
train_real_50666.jpg,real,train,train,train/real/50666.jpg,23966,b52d7ab5de793844a35470ed44196617,3de472b043b0c38f
train_real_50674.jpg,real,train,train,train/real/50674.jpg,23683,1f1b77b5a1872e64b00d5369d7744d90,2ddca0f203e2c2cf
train_real_50686.jpg,real,train,train,train/real/50686.jpg,34559,1ee8d3f225fd2b353495e6d3f6e66f7a,3fa4e0f70602e399
train_real_50746.jpg,real,train,train,train/real/50746.jpg,25694,ba9ebdd61b23d5a5fe3b85561b593892,6c325be1c7c183e1
train_real_50776.jpg,real,train,train,train/real/50776.jpg,34630,51ff8a754f23ab4114902e4fd761f2f7,418bbe6a9102a7cf
train_real_50817.jpg,real,train,train,train/real/50817.jpg,23640,a8ce137f28c126965fe94e6e5218853d,6a3e61256525a6c7
train_real_50846.jpg,real,train,train,train/real/50846.jpg,27964,522a4f76f49460d1fc6324a9098d5c55,432d3c6ab07987d2
train_real_50876.jpg,real,train,train,train/real/50876.jpg,25790,130e2ba8a34b8d809d4038ea523ba42c,14b4fd81a10bd38f
train_real_50951.jpg,real,train,train,train/real/50951.jpg,35293,c07699e46a6040cfcf86c100e836db1f,02af7c2f245ca2da
train_real_50959.jpg,real,train,train,train/real/50959.jpg,26608,512b1eb79af2faeb5d0f41fe73ebdb9c,0a2d6536b73ac989
train_real_51043.jpg,real,train,train,train/real/51043.jpg,29688,6882e2f94b77b04e621338af1ecd408b,1f292877e54cc4d8
train_real_51114.jpg,real,train,train,train/real/51114.jpg,26411,6a3d2f5d0ea0b63b179daefa62eb7514,1fa048fbe0dd3690
train_real_51127.jpg,real,train,train,train/real/51127.jpg,24546,ebef6958130f9a6d915e2acf8b98cd27,491b7654722d85ec
train_real_51135.jpg,real,train,train,train/real/51135.jpg,28038,b9742de2e6371260c3e56118ebbe7de4,257f36f67c3000d8
train_real_51161.jpg,real,train,train,train/real/51161.jpg,28123,fb3c1a771502e0b2b79c79cff5823049,6fb869f064518587
train_real_51279.jpg,real,train,train,train/real/51279.jpg,39897,1c37f83b9c7338995284653d342dc375,5bd46db6a6985098
train_real_51311.jpg,real,train,train,train/real/51311.jpg,32505,dcd05332aea3803af7fa420ecd4c14ba,5f3eeca27061d091
train_real_51402.jpg,real,train,train,train/real/51402.jpg,29036,92e64048ee69ddf055ecf5ad7dcd881d,455a26f772a183ca
train_real_51403.jpg,real,train,train,train/real/51403.jpg,25704,29998d02831db4a5180b662c9db7ec8f,12402f656f7c24de
train_real_51405.jpg,real,train,train,train/real/51405.jpg,26465,bc5d592decf866568190d1ff67f071a1,1b552c77a6c1b28c
train_real_51422.jpg,real,train,train,train/real/51422.jpg,33231,4fe9b9ee2afea06a59a0fa9c161ac7d1,15df6a5a687a2291
train_real_51497.jpg,real,train,train,train/real/51497.jpg,23978,ce8a32b06c8cfab9d85605a8271f9e4f,4ee138f331b0639a
train_real_51511.jpg,real,train,train,train/real/51511.jpg,29579,2b250d5ba9fbc1180479cbc415be020a,4fbd2620b52b9586
train_real_51665.jpg,real,train,train,train/real/51665.jpg,38063,b1a583183fad18ab0b1c62c327731e03,2dcb5249076d2f85
train_real_51666.jpg,real,train,train,train/real/51666.jpg,31138,4d100e327054ae35205fb56eb5f0c6e6,50c06b836d63af99
train_real_51673.jpg,real,train,train,train/real/51673.jpg,29520,125b9549be0861da16bc628518ed00b8,6bc18e0b3961879e
train_real_51694.jpg,real,train,train,train/real/51694.jpg,26223,9da41c4191a29782f74e7ac4dbd5e20e,7a6a61e162e55689
train_real_51705.jpg,real,train,train,train/real/51705.jpg,29597,0ce7650866108ebb4350f5a3a763713b,4b513cd3f0832d9c
train_real_51741.jpg,real,train,train,train/real/51741.jpg,26661,5db09c7a4c7724c2f5bd8a0ccf58a405,50c8f22df1075ace
train_real_51751.jpg,real,train,train,train/real/51751.jpg,26299,9dfc0b3c9597583846738df2e7630249,49be253e2d3c0798
train_real_51783.jpg,real,train,train,train/real/51783.jpg,29615,06c5b9620db75bb4f4c1e23c283866fa,1b357456f08b82d9
train_real_51913.jpg,real,train,train,train/real/51913.jpg,23271,c80b033ede902ef9a27c46df67d3e9a6,4f1864337609f6ca
train_real_51925.jpg,real,train,train,train/real/51925.jpg,23043,a89a0e3230b90ebf67b32a2e5b9e4e3b,698617a7307a869e
train_real_51935.jpg,real,train,train,train/real/51935.jpg,27173,a585706f8418233fab05c0c669449623,4609e396bc2c2f8d
train_real_51999.jpg,real,train,train,train/real/51999.jpg,32797,00a2f177747fd997e96b3bdef1c614e5,6d0b5a34352d63ca
train_real_52024.jpg,real,train,train,train/real/52024.jpg,26955,b2b6d3ad1fa8a771957fca787370fa75,1e7d2336ed1c8388
train_real_52028.jpg,real,train,train,train/real/52028.jpg,34471,a56db4f1954881b3162d48e7be5762e8,09367ca3ca5fd484
train_real_52088.jpg,real,train,train,train/real/52088.jpg,27441,836635f763e43ac1699b6870db3570db,5be725c8e30d033c
train_real_52094.jpg,real,train,train,train/real/52094.jpg,28283,8a2be944743e8f341a6ce7647aadb55c,493ef072e1330e99
train_real_52137.jpg,real,train,train,train/real/52137.jpg,26429,35ec5bb5d59fcf0ddcde54ce916113e3,4c237c02df0df538
train_real_52168.jpg,real,train,train,train/real/52168.jpg,26347,c05cff2a4a234fcd4eab780bd5994745,1d0ea1176355fe21
train_real_52216.jpg,real,train,train,train/real/52216.jpg,32128,3eed84aaad3364f5ffa1a169dedfa1e3,600b16bd3b24779c
train_real_52223.jpg,real,train,train,train/real/52223.jpg,26882,d4c1fa7a4db157023631a457c2c0b7f9,0189bf1555a832df
train_real_52247.jpg,real,train,train,train/real/52247.jpg,28266,203def1c7b21d62a3e452dce3f073ae3,671c0a1f1a7b390e
train_real_52250.jpg,real,train,train,train/real/52250.jpg,32887,73a526c54e72072847929e52b0995b53,15d4e315e372839a
train_real_52256.jpg,real,train,train,train/real/52256.jpg,32697,508fc35d51e19ac895ac81e85974ba92,1f1f6178226856d9
train_real_52286.jpg,real,train,train,train/real/52286.jpg,26705,8ba3181d8b551c78a73b2b1274ce64ee,0a6b958f8e782754
train_real_52339.jpg,real,train,train,train/real/52339.jpg,33154,26da0d78142e5194e0a8f0dd97d69b53,045617a57a9f909e
train_real_52344.jpg,real,train,train,train/real/52344.jpg,30430,2ecd2786d852323b912dea0b9e3aebe7,18247447367cca9f
train_real_52389.jpg,real,train,train,train/real/52389.jpg,34107,005c5a474a7f729b07091856e68dfc3e,4b2330caf44c87de
train_real_52439.jpg,real,train,train,train/real/52439.jpg,29289,d23f260fed7032d1dd601f0047e809da,43ef02931999fd88
train_real_52612.jpg,real,train,train,train/real/52612.jpg,29986,e1246312200dcfde597eb00693edef37,32eeefa525028696
train_real_52619.jpg,real,train,train,train/real/52619.jpg,23806,ed6fa546fc7b24d75273de104326931d,4a3f3075707186cb
train_real_52631.jpg,real,train,train,train/real/52631.jpg,27824,a84fcb338d61b339dae1a62753b81edc,0df87503b15a9b98
train_real_52698.jpg,real,train,train,train/real/52698.jpg,28541,9b28e307ad0f85d86acd79c732eef052,5a382d7075719783
train_real_52699.jpg,real,train,train,train/real/52699.jpg,32113,003dbdf5f46cfe21c4c3af0e81761f7d,30e147e56caed18a
train_real_52755.jpg,real,train,train,train/real/52755.jpg,25196,04d66557c81dc0c1669a5cee324d32cd,1e2821f6356af38a
train_real_52760.jpg,real,train,train,train/real/52760.jpg,24439,48897d59b809ad1e08cd29b8bb11ebf5,014b4f8f9cd8991b
train_real_52793.jpg,real,train,train,train/real/52793.jpg,36443,1d9e09a808b168dc50d01e4cec37a017,0b613c6730ee868f
train_real_52805.jpg,real,train,train,train/real/52805.jpg,28583,d4b32248c03e67b2298dfc2a31e44eb9,1c7063c7644ec7c9
train_real_52813.jpg,real,train,train,train/real/52813.jpg,26134,2e6be69966dd7ee58ee6e64725305669,032f30f0f1f3c3c8
train_real_52815.jpg,real,train,train,train/real/52815.jpg,29431,670944949d277216fd5764bfa048ff6c,4d727e11312553ce
train_real_52840.jpg,real,train,train,train/real/52840.jpg,22406,6af4957f26db020de1b2605d5f5f2df3,7f6cf0c085cf4286
train_real_52889.jpg,real,train,train,train/real/52889.jpg,31951,2e9d547088a06a6ee072601d32411b96,1ab361aee61a909b
train_real_52897.jpg,real,train,train,train/real/52897.jpg,25158,0971be799fd9e430d755d49aaea2e01c,3d9d52a053b053e3
train_real_52900.jpg,real,train,train,train/real/52900.jpg,34219,97f2155f4850a0e771f3ed2316493aaa,09325e5b3570f38a
train_real_52905.jpg,real,train,train,train/real/52905.jpg,29173,ad88072369202daf694c97d4a7c96aa6,1ed57863706a234b
train_real_52929.jpg,real,train,train,train/real/52929.jpg,25664,4c33e961a900910946c24572a67d02b4,5f703c6332098fc6
train_real_53084.jpg,real,train,train,train/real/53084.jpg,28990,734794b955acc30676f9e533c4aa9748,1578e017e1ad1cc7
train_real_53103.jpg,real,train,train,train/real/53103.jpg,29746,ee08c28fe089fc7ab13e08cc2e91f338,3aa8e8f56570829b
train_real_53208.jpg,real,train,train,train/real/53208.jpg,34214,1f0b311452a46f3dc3c1ff8b9a182643,5aa8a5a625eed688
train_real_53215.jpg,real,train,train,train/real/53215.jpg,30136,7b09a4d1e3f8ebfc33fe8f3b3ef91ddc,08c579c2e5cad6ca
train_real_53269.jpg,real,train,train,train/real/53269.jpg,31836,f8897a200e3cc15e139f92985c99498b,5aa52bb43298d3ca
train_real_53283.jpg,real,train,train,train/real/53283.jpg,34401,ec7c66f2de7f9b3debf3271447cbe418,1e69d6326d732498
train_real_53299.jpg,real,train,train,train/real/53299.jpg,35000,92ad1f3b4588a70f651fc0e51ff5db94,0f8138a7297a758d
train_real_53312.jpg,real,train,train,train/real/53312.jpg,28692,9d3c2984d75ba3bba95cd9176c844aee,5f043473235887cf
train_real_53322.jpg,real,train,train,train/real/53322.jpg,24194,f29388566af7e33f0ed3a9169f933038,6a6a25a57486d687
train_real_53346.jpg,real,train,train,train/real/53346.jpg,33277,9298c7fbcf530e759c33d7c9e1fb7bb6,3cc792c7d878c898
train_real_53384.jpg,real,train,train,train/real/53384.jpg,23991,e1a1afc66853dfd836a8a2b572188f98,1c6a716d635c8399
train_real_53386.jpg,real,train,train,train/real/53386.jpg,26201,774ea857ac867f266acd293d43e51412,4e133aba3901decc
train_real_53415.jpg,real,train,train,train/real/53415.jpg,31331,93549b1ec3af38fde58fd3606ca78717,1bfca40262a9db99
train_real_53421.jpg,real,train,train,train/real/53421.jpg,27962,53dd4f3ccd6f01fd436509a7e958fc30,405b6ceb652242fe
train_real_53460.jpg,real,train,train,train/real/53460.jpg,27561,34a32ad3895e35ddd06591cb15584ae8,389555966ed09ac9
train_real_53474.jpg,real,train,train,train/real/53474.jpg,26605,e44288f93f6ca4958446a70def643386,7bc4b6a40987868f
train_real_53492.jpg,real,train,train,train/real/53492.jpg,30349,af29f85e15f6047ea1ef8127949a70fa,5a2f7d85a6889299
train_real_53572.jpg,real,train,train,train/real/53572.jpg,31950,5a4308bc0c92dabc35d162bad9356f10,1c75392a6174ead8
train_real_53574.jpg,real,train,train,train/real/53574.jpg,29830,b77bfddd65ba77437a00496dbf1b4ecb,0f6078c7718e8ace
train_real_53640.jpg,real,train,train,train/real/53640.jpg,25426,634b3ca3ef6923d463fcec7f2b32d05a,74b5d286420fda8d
train_real_53654.jpg,real,train,train,train/real/53654.jpg,24383,5da0959838e188f54ed29baa31f1d30c,3bf460634661c7c3
train_real_53700.jpg,real,train,train,train/real/53700.jpg,26998,eab15de0d34c58fd34e345033ba37c95,1b047d276636c28f
train_real_53718.jpg,real,train,train,train/real/53718.jpg,24338,3621e5fba74b9d9cfde4ac7219e272f7,15c85f6a6d2d6415
train_real_53888.jpg,real,train,train,train/real/53888.jpg,22080,75b7a8e0b431643ec99563967a28b515,0f2d7674727083d2
train_real_53893.jpg,real,train,train,train/real/53893.jpg,33949,775b2f8884f65e9615d2a80011f068a9,28adcad7d07de202
train_real_53896.jpg,real,train,train,train/real/53896.jpg,19242,0a1df349081a9d5fc2244bcfcdba3f81,78855e8817d885de
train_real_53898.jpg,real,train,train,train/real/53898.jpg,26042,ef83c8b86e86edcc23ad4bdd748faac5,0fa87d212178f783
train_real_53919.jpg,real,train,train,train/real/53919.jpg,30754,566d03c5872ea11d2f739197fe4604b2,16d634462a5ab7c9
train_real_53936.jpg,real,train,train,train/real/53936.jpg,30213,6c0a36dbcbb72a67dd718b7920a4e9a6,36f5679a5a0895c8
train_real_53938.jpg,real,train,train,train/real/53938.jpg,38580,5b4143f787c5f8b996a52050685c6a16,52a53ee23a625a8b
train_real_53987.jpg,real,train,train,train/real/53987.jpg,36963,8d7d75f9c2c25ee2609468cabb0caf9c,4b2fb472952cd08e
train_real_54024.jpg,real,train,train,train/real/54024.jpg,25317,172338fbe92fbb32723dbc60baadb58e,1c716931e673ca58
train_real_54035.jpg,real,train,train,train/real/54035.jpg,20058,560b711dd6ef119e24aa4ac83c6f88eb,5be4652727a99690
train_real_54041.jpg,real,train,train,train/real/54041.jpg,26489,b03ce2cd6f78406896f5d51cb3c3ccf6,0a75f403f709ec4a
train_real_54053.jpg,real,train,train,train/real/54053.jpg,26568,5ca5f00e708f58cd032ef80b790fe716,68a3b59617e8c09e
train_real_54073.jpg,real,train,train,train/real/54073.jpg,34400,c4cf8fe83973c19d16868f092ac364f1,03beaec2c93132d9
train_real_54093.jpg,real,train,train,train/real/54093.jpg,28262,f67e1e5f4fcbf2e4d66d3684e27c5633,5e6b30875add48c4
train_real_54110.jpg,real,train,train,train/real/54110.jpg,30641,33ef0aad8dd36bf5701ae02457d4e5c1,17ac28762609dbd9
train_real_54158.jpg,real,train,train,train/real/54158.jpg,30679,ef18fd238e38e9f2e6d619ef8477ddea,181728f7236c67ca
train_real_54167.jpg,real,train,train,train/real/54167.jpg,25403,94caf6a310b0d54a38c58cbf1c31ef90,43525ec03d4917cf
train_real_54212.jpg,real,train,train,train/real/54212.jpg,25230,e6fe8bc7c61e4f158afe88210c1d557c,6dbd562bf4408bc0
train_real_54233.jpg,real,train,train,train/real/54233.jpg,35477,507610b76829263264241b21c1912e84,0a396177275d869c
train_real_54264.jpg,real,train,train,train/real/54264.jpg,31297,ddfd2f4af03d449a533b56a8cf6b9173,540e0f01f0f19fdc
train_real_54290.jpg,real,train,train,train/real/54290.jpg,28264,ae8bf1d908a0ac34c8b4cf833601d4f9,141a2ba974f1d58b
train_real_54341.jpg,real,train,train,train/real/54341.jpg,24096,2704da944766a5e762fa51b565160f85,630a383cf8158fc7
train_real_54345.jpg,real,train,train,train/real/54345.jpg,28411,d73d3c52cc9fc8d287c2323a670fb776,0f4b3c7035709acb
train_real_54370.jpg,real,train,train,train/real/54370.jpg,25620,7b85dce1a3cef95661bc86b536667086,4ab579362530f683
train_real_54401.jpg,real,train,train,train/real/54401.jpg,29727,626d4349008cda023154d418acaacf5d,1c9579d6664a4ac9
train_real_54404.jpg,real,train,train,train/real/54404.jpg,31116,78129e04f6278e4addf000b9bc2bc2a9,4d3e2832222d87df
train_real_54428.jpg,real,train,train,train/real/54428.jpg,24910,c2fe3be60ea21130f01a815ffd9e0226,1c99537926699699
train_real_54525.jpg,real,train,train,train/real/54525.jpg,29414,a9a770b2043cf84e2e1170c914772542,50eb67a7a4c0cac9
train_real_54551.jpg,real,train,train,train/real/54551.jpg,29359,181b36b43622267c58dc9abb38281fad,501a6ba1e770a68f
train_real_54613.jpg,real,train,train,train/real/54613.jpg,32055,cb6f8f4837cbf10fbd804bdebe22d922,5eeaa985813d528b
train_real_54686.jpg,real,train,train,train/real/54686.jpg,27187,cdcbfd8fee7972b3397cec79372f9002,7f9883ac877c8618
train_real_54820.jpg,real,train,train,train/real/54820.jpg,33310,3b6216437dafa0de0581b343c4297ed5,07c0850f7b1ff09c
train_real_54832.jpg,real,train,train,train/real/54832.jpg,28303,d8e0b87a958bbe35c81dca5a9ffa188d,4ef03087b187978e
train_real_54844.jpg,real,train,train,train/real/54844.jpg,25557,9e96fef37da13292261bb73cb4f17c97,07daa8786165678d
train_real_54861.jpg,real,train,train,train/real/54861.jpg,29238,f78728059a45925834be113975cc2733,6aeaa187873d2195
train_real_54895.jpg,real,train,train,train/real/54895.jpg,26338,694e4db0e8702174aae47a10b320c295,472c31a71c72cec6
train_real_54910.jpg,real,train,train,train/real/54910.jpg,28484,0cb2f1c9e41f00c1e64c81f2b0c16fbf,253e3ef03620d2d3
train_real_54942.jpg,real,train,train,train/real/54942.jpg,34358,0e115f8d862b34ff3d60637b72e8038c,7ae1f0f7a582828a
train_real_54972.jpg,real,train,train,train/real/54972.jpg,29447,1f3d50c2f08128d9f5dd2211c9b362b7,0ab075c6275d3a99
train_real_55030.jpg,real,train,train,train/real/55030.jpg,26544,e4170bfb6b1b076a13c91c979557395a,0fb5b4d2408dc2cf
train_real_55037.jpg,real,train,train,train/real/55037.jpg,30152,612f3460040413cfbd24a1127e4b79c1,46e33c3a300f93c7
train_real_55097.jpg,real,train,train,train/real/55097.jpg,26101,8a4142d248a49aca93e3351b3aef4927,7e60a59388fe00de
train_real_55117.jpg,real,train,train,train/real/55117.jpg,23151,f423dd44f772edc6eb3da1d235c3fb5d,5347b527e0a14f8a
train_real_55118.jpg,real,train,train,train/real/55118.jpg,34123,5fc9f2da91d5381e33b02292567b9769,5a7578432c3e3712
train_real_55240.jpg,real,train,train,train/real/55240.jpg,23655,51b42b8841a59c790602905e89ac664c,72472ccbaccab988
train_real_55258.jpg,real,train,train,train/real/55258.jpg,27260,fe48f7c778f4a2174cde06093e3c4ddb,47292ee120fba3a3
train_real_55300.jpg,real,train,train,train/real/55300.jpg,43907,a943be1af6146bf903969a3bf86b75e0,1d1a693be5672684
train_real_55355.jpg,real,train,train,train/real/55355.jpg,20909,72d3d976a155c36b38148b6bf7f1079a,7e76f5208a69234a
train_real_55400.jpg,real,train,train,train/real/55400.jpg,28230,b4ea256be253779df9f8af3edae5ac20,38f02f8724de078b
train_real_55417.jpg,real,train,train,train/real/55417.jpg,40369,9a352e5890606dd8b4fa9843f1c2fe05,5aa025e2f26ba29b
train_real_55424.jpg,real,train,train,train/real/55424.jpg,26431,b32d25d0a49a1b3a07746b0e71f0eec1,4bac34b23131d3cb
train_real_55536.jpg,real,train,train,train/real/55536.jpg,25724,7f767b1cb0b34f163040fdcd24a4e0a0,66959ed2396903c6
train_real_55635.jpg,real,train,train,train/real/55635.jpg,29664,f11f5bae11aaf9e09e1ec13dd1d79c5d,4aa05de7617670cc
train_real_55647.jpg,real,train,train,train/real/55647.jpg,26376,4ecbaa791d2207ef7034c94576386c99,258f34347425f297
train_real_55688.jpg,real,train,train,train/real/55688.jpg,25553,f76aeb439f4dfaee2dcf13ee81cb66bd,62596723a4e392cd
train_real_55740.jpg,real,train,train,train/real/55740.jpg,29500,61532824b9b2b0214701cd7bc5b6faca,7ab73480308f83cf
train_real_55755.jpg,real,train,train,train/real/55755.jpg,26513,1d0c8ad204f4eaa9619f715113504cca,249ea0b9bcc8dec8
train_real_55759.jpg,real,train,train,train/real/55759.jpg,32587,c68926e5cd550b19d0e1da5874a50073,384fa2e19682d997
train_real_55799.jpg,real,train,train,train/real/55799.jpg,34991,8bc78f51a2e7f6739fffea36574804dc,34cacaed0a80f69d
train_real_55883.jpg,real,train,train,train/real/55883.jpg,26548,3c2169fad9ac0f7d831b69af0518ad23,7068e7d28f422ecc
train_real_55941.jpg,real,train,train,train/real/55941.jpg,24920,0c4b1946c38ee67e38115e38e0556935,488a2de77412de8b
train_real_55949.jpg,real,train,train,train/real/55949.jpg,32410,9eca9c186e65dc3fab34904e7f7e6c70,5f953063606c63cb
train_real_56005.jpg,real,train,train,train/real/56005.jpg,29043,d133e622f0fed4700be9725e539fc7cc,518b7ae822e53c8d
train_real_56047.jpg,real,train,train,train/real/56047.jpg,31178,9080a3edb878e75d0547f22d7338c8be,4bf2e8c1494dec8c
train_real_56067.jpg,real,train,train,train/real/56067.jpg,33632,6d1eb99568135826b3657706db1bcc51,1b206da1e6fe4b90
train_real_56113.jpg,real,train,train,train/real/56113.jpg,35492,7258796c21b2408d6f864f774f936e90,46b2ab4b834b8dcc
train_real_56115.jpg,real,train,train,train/real/56115.jpg,25808,073fa936a5fc3f90e47dc352b6603f5b,383d75e504d2d2c9
train_real_56119.jpg,real,train,train,train/real/56119.jpg,35085,4e1371074fe7de8e9db2542bace19cdc,58fc27d262d016d9
train_real_56167.jpg,real,train,train,train/real/56167.jpg,26651,6acce05f92bfa297f1bc9ed1d7b29f34,499fc052747cc39c
train_real_56188.jpg,real,train,train,train/real/56188.jpg,28434,4a01af98445ea44e1809d9f0c07e46dd,41746d34705be0dd
train_real_56191.jpg,real,train,train,train/real/56191.jpg,27186,985e34b0deb2cd38d52b0cdeee9be1ca,5af960922769d649
train_real_56245.jpg,real,train,train,train/real/56245.jpg,22851,510b2020f45c723ef784f37e73dfce2a,72aa61252566a7c7
train_real_56249.jpg,real,train,train,train/real/56249.jpg,30854,48c65776a9dbadb59cfd1ee5b96654dc,470d3a78311cc3ee
train_real_56266.jpg,real,train,train,train/real/56266.jpg,34364,8ab65148e381b69da9c95735dca5e44e,1e78a13a93295ac7
train_real_56270.jpg,real,train,train,train/real/56270.jpg,33510,4c3ec34e34c69e54759078d3ae14a84b,4b077c33307923d9
train_real_56277.jpg,real,train,train,train/real/56277.jpg,29105,54dbc93266409588b6fc7b10c4957288,0a6cf062f11dfbc0
train_real_56285.jpg,real,train,train,train/real/56285.jpg,27344,9260443d6d1fff7a26a2aa524829f62b,0bbc75f2601fc298
train_real_56302.jpg,real,train,train,train/real/56302.jpg,29957,c6a33caa6d9051325190462d2555c7dd,45836a0b75217acf
train_real_56303.jpg,real,train,train,train/real/56303.jpg,32668,a2f4202cdc27b7fe61267709cbca7ebb,34e2170b6c5d569a
train_real_56340.jpg,real,train,train,train/real/56340.jpg,32113,66a4e51f4d238ad6b463696ed8631cb4,15dfd1ca4d642ca4
train_real_56350.jpg,real,train,train,train/real/56350.jpg,33380,c4084636946da4540d679c28f467645d,21b55ea3b453829d
train_real_56397.jpg,real,train,train,train/real/56397.jpg,32160,cc48e676fcc635604e92f109a4121de9,750258e74d78ae94
train_real_56489.jpg,real,train,train,train/real/56489.jpg,30419,f1d77c458a022bf3049f552a7892155e,716863aa6d8c969c
train_real_56501.jpg,real,train,train,train/real/56501.jpg,32583,169b7ae6211aa7871e93572bec0ea971,5a74bcb3d1dd8880
train_real_56639.jpg,real,train,train,train/real/56639.jpg,27528,aee85fd95ca78901a28535d59782483c,7df002a546afc68a
train_real_56659.jpg,real,train,train,train/real/56659.jpg,31536,ac742e0abfe88fb44166cbfbb5125a71,2a28a5276694da9f
train_real_56693.jpg,real,train,train,train/real/56693.jpg,26938,420e769a3dcaa244608aa3df44bb9609,6a2a8597d2a8ded0
train_real_56748.jpg,real,train,train,train/real/56748.jpg,32075,101795cfffbafd22ec3ed604618b1f3f,0aa0f413f22df29d
train_real_56764.jpg,real,train,train,train/real/56764.jpg,25946,7b07f3740194fe68d9011774f98c8c36,1e69782b656856c9
train_real_56796.jpg,real,train,train,train/real/56796.jpg,30128,31f1c05cc3dd9aa77953c01b525c0dcd,7ae203af9464caa5
train_real_56842.jpg,real,train,train,train/real/56842.jpg,34501,2990335bc8c25a5ccdb81c81711096e7,4ff26ccb0909634d
train_real_56856.jpg,real,train,train,train/real/56856.jpg,24870,01f5c7b5dfc34dceb4781b969b5f4d64,5b89b4afb420b2c9
train_real_56867.jpg,real,train,train,train/real/56867.jpg,31072,c04568f07162b1ccb434bdc708b8cabb,55819e5a2b6d6646
train_real_56870.jpg,real,train,train,train/real/56870.jpg,38934,283f999aa7e88ab4141abdff737941ea,37ab2aab310dc1d4
train_real_56875.jpg,real,train,train,train/real/56875.jpg,31700,790cab71ac3540b49bb2e7855a58d860,5e2f28a727859196
train_real_56906.jpg,real,train,train,train/real/56906.jpg,26324,fc970c53bd394d96605e807f032d76bf,5e5e6057a24982dd
train_real_56975.jpg,real,train,train,train/real/56975.jpg,26740,bc49f123e265cb12aeb10e760e0e292e,4f5f2d26703c078a
train_real_57020.jpg,real,train,train,train/real/57020.jpg,38716,a61d599d4bd5622be1efd9b1f50b13f3,1f7261cfc4dc3a80
train_real_57037.jpg,real,train,train,train/real/57037.jpg,24775,45da439777acad11a3c352f16926684e,1c49786b7069279d
train_real_57038.jpg,real,train,train,train/real/57038.jpg,28568,1179917f3e735a9b446241b90aed0d72,12d0aa4aab4beb95
train_real_57115.jpg,real,train,train,train/real/57115.jpg,30932,cca84800c2bbe0f117a557c065f7086e,38ea75a524d2869b
train_real_57121.jpg,real,train,train,train/real/57121.jpg,24974,0a5dba69dff647e9d631ff5f97947899,0df8b2b231f1c4c9
train_real_57132.jpg,real,train,train,train/real/57132.jpg,31741,f253bce4709d2959d2b58d6fb5edf9e4,1e0a797a202975f9
train_real_57143.jpg,real,train,train,train/real/57143.jpg,30464,8b7dbf472b9766d194fc7e5f85ba6d52,5b7fe4028009fbc9
train_real_57152.jpg,real,train,train,train/real/57152.jpg,29542,e2dbdb6d2e0ed3f24ec234e804441bbc,5e0e647a2609d6cb
train_real_57154.jpg,real,train,train,train/real/57154.jpg,31614,871795a1c858fe553f930e1ec36d223a,2ab56146a5069afe
train_real_57195.jpg,real,train,train,train/real/57195.jpg,35257,12f40cc47894f55aa68557591b958002,0fc7a5d0a8358a97
train_real_57214.jpg,real,train,train,train/real/57214.jpg,35884,42a92d426f699119960c5d80f7afc49b,1e38e9e4ed06239a
train_real_57229.jpg,real,train,train,train/real/57229.jpg,31107,0100ef2f08cd21d4575a36e60ab7f0f6,1fb14a4be5618a8b
train_real_57279.jpg,real,train,train,train/real/57279.jpg,23998,67749c4ae7e3867dbbfc5fd03474108f,6aa165a375a135c6
train_real_57428.jpg,real,train,train,train/real/57428.jpg,35537,e549a394526b51acccae43f5cdd99eb3,3dd6e0c2464857da
train_real_57506.jpg,real,train,train,train/real/57506.jpg,29342,24238baa172fa9aec75de1fd176021a5,1648ea2f412caff4
train_real_57557.jpg,real,train,train,train/real/57557.jpg,26438,f23c8b763e633e62e2ed594064bdd0d1,68fd55a4c392b09c
train_real_57559.jpg,real,train,train,train/real/57559.jpg,21131,fa9311784b1d508a468a002cb1026a8a,0b7c2db2729982da
train_real_57723.jpg,real,train,train,train/real/57723.jpg,26339,d674b9d3fc4a7064da90922e04e99678,1a682965255ab7da
train_real_57779.jpg,real,train,train,train/real/57779.jpg,29378,97ffb74b0df85bb21a3331fde56ecf27,7ed5168fd840be08
train_real_57837.jpg,real,train,train,train/real/57837.jpg,31403,65d976d9ba996a64c409b2ffc4f23648,4f7a6c7170c19781
train_real_57848.jpg,real,train,train,train/real/57848.jpg,32705,d08c240e755d96d695385aa30a614ab2,1443e758e62cd599
train_real_57906.jpg,real,train,train,train/real/57906.jpg,33092,bc6f509cb0bca9507d25a418e5181fd4,494542a5772fc2cd
train_real_57928.jpg,real,train,train,train/real/57928.jpg,27853,445831fe60919328c6dd16dbce3aecf8,2db8d69080dcc3cf
train_real_57990.jpg,real,train,train,train/real/57990.jpg,35178,ed2bd04accfd38c6853343b96320869b,29d7f4586a62ab88
train_real_58043.jpg,real,train,train,train/real/58043.jpg,25645,89853b1f68da78c8394c78384e5606f9,2db552f08ac983cb
train_real_58088.jpg,real,train,train,train/real/58088.jpg,28719,ef2dfdd987ff0179e1557da53e19cec4,184aa36b6975878d
train_real_58094.jpg,real,train,train,train/real/58094.jpg,24755,bb0d8187952c886003bcdb4daf959352,1e7f758724888699
train_real_58136.jpg,real,train,train,train/real/58136.jpg,21745,9673981bc97c1a218cd0840c925f0bd7,16ca71632569578d
train_real_58164.jpg,real,train,train,train/real/58164.jpg,26058,0961ffa2272975541fe211472951b852,164b3d6b3c2c29d4
train_real_58174.jpg,real,train,train,train/real/58174.jpg,26134,107a3d2aaf9a9eb7568a1aa56c892b48,0cd662563b3c33b8
train_real_58218.jpg,real,train,train,train/real/58218.jpg,21243,44669891c6ccdb34af90fe5e046c4249,02377c899d4d3c9c
train_real_58255.jpg,real,train,train,train/real/58255.jpg,30149,cce47a72b7b35461e22b7a9edbcd5a3b,0512362ebb2c13fe
train_real_58306.jpg,real,train,train,train/real/58306.jpg,34017,21b082238f657679e4f30f9cfa178ae9,359ebad090d0da9a
train_real_58327.jpg,real,train,train,train/real/58327.jpg,24741,edc6ccf1920d454be46569b87eb94b67,1c6f71b31309e594
train_real_58340.jpg,real,train,train,train/real/58340.jpg,25475,5291672d8266631679b0983dc991d76c,1a67215793cc9a66
train_real_58342.jpg,real,train,train,train/real/58342.jpg,26432,8eff945749fc5fdb8c4b9ccb016671b5,091be42bf66c92d8
train_real_58366.jpg,real,train,train,train/real/58366.jpg,24983,8346b04f0ecd1eb46d79dce195d2be6e,5bd00b7e69263da0
train_real_58381.jpg,real,train,train,train/real/58381.jpg,33526,6f8a85c56caa6331242a3be3eee4a9d1,58e1b3a7a50a86dc
train_real_58430.jpg,real,train,train,train/real/58430.jpg,24864,2f0881af80e9a10e9d2b3d96ccdbbd9a,702dc7858e999a99
train_real_58433.jpg,real,train,train,train/real/58433.jpg,28091,592cbdf65301ab1bd83f9c74d5a6fd91,1af0a167256f86cc
train_real_58454.jpg,real,train,train,train/real/58454.jpg,34165,d94025e29de60de02e2adea5c08addea,5a2571ce15e83d43
train_real_58492.jpg,real,train,train,train/real/58492.jpg,21371,a9f3c435fba9a412ee5d90387428bc05,3f4fe026873c9702
train_real_58496.jpg,real,train,train,train/real/58496.jpg,21731,99bcb056503f490ab7ec61fe8b0db17b,3f223866d8f38899
train_real_58563.jpg,real,train,train,train/real/58563.jpg,26051,77790d31eb68d868c2fdbaba6d5ba072,0e3c25a2339fc09f
train_real_58572.jpg,real,train,train,train/real/58572.jpg,29136,6c415245878b70fd2270c242e7f00ee7,1d6a7b25214662db
train_real_58587.jpg,real,train,train,train/real/58587.jpg,22419,7f52e491a660c7a26e6aa7de9ee98a20,0da12cfa7109e3ce
train_real_58654.jpg,real,train,train,train/real/58654.jpg,32402,ad4dbd36709db9cc0c9a57635c665f40,0b5434a3325d8bde
train_real_58688.jpg,real,train,train,train/real/58688.jpg,26946,e25894cded0b5c82b08e9198bc65076d,19632d2a35ac53ce
train_real_58689.jpg,real,train,train,train/real/58689.jpg,26960,e57a0442e47611c41c2cc03a1a21986a,105fa863b60bf28b
train_real_58711.jpg,real,train,train,train/real/58711.jpg,27133,376800b601dce8379b63f1f1000b51df,1a5a512b250b5e9f
train_real_58716.jpg,real,train,train,train/real/58716.jpg,27286,8eda6bd9620055eb73e072ed89cc1025,516927766263c29b
train_real_58770.jpg,real,train,train,train/real/58770.jpg,34211,0b3ccd7304e206b8040aff0d6503120d,0fb5368789095acd
train_real_58810.jpg,real,train,train,train/real/58810.jpg,26793,e385de8ca17d8a23e33701492ed55be2,2ff4b6f26884a09a
train_real_58813.jpg,real,train,train,train/real/58813.jpg,28866,c5ffff1d123eb9cac55010cd60b71dcb,4e092d62b44bb45f
train_real_58848.jpg,real,train,train,train/real/58848.jpg,32137,05676fa119c8b34438b99a45df468a6c,78707835e534c89b
train_real_58868.jpg,real,train,train,train/real/58868.jpg,35794,ff069e33ddf3879e721d55e908c2be36,5aa729a7c50c8ed8
train_real_58927.jpg,real,train,train,train/real/58927.jpg,29053,6d5a7e2833669bf4c765b1e4752f4b53,7e3f20a285cdcab0
train_real_58930.jpg,real,train,train,train/real/58930.jpg,36514,a5b824cea84e3b836d6da96502f31cd6,2d3e60804fcfcaa3
train_real_58944.jpg,real,train,train,train/real/58944.jpg,28113,cc2974a2bc0b7aa160817d1af2727100,1e4d782f2114d7ca
train_real_58959.jpg,real,train,train,train/real/58959.jpg,31812,fdc07347539cd24f77076701b4ff53d5,34b612e330eb968b
train_real_58962.jpg,real,train,train,train/real/58962.jpg,31549,5a4b863fecc3836f3bc1437552345a9d,5e8fcdc78309125a
train_real_58988.jpg,real,train,train,train/real/58988.jpg,27867,957d36cbc46e1f0672753bf2c43706dc,5fdc2df070604257
train_real_59006.jpg,real,train,train,train/real/59006.jpg,28090,a1e9416919fc184da90b45c31df3e7b5,550aefbc4221ab55
train_real_59029.jpg,real,train,train,train/real/59029.jpg,32706,38dc74f8b65b6ea11c354bd955ac19e5,56095b7f7c606862
train_real_59055.jpg,real,train,train,train/real/59055.jpg,27430,b18d266adf61ca1fbc59bec7ed07993b,2a5bf70d7028c29d
train_real_59077.jpg,real,train,train,train/real/59077.jpg,27202,de6fe6cba9eb72448be8168d797e7d45,4d0774c0770b4bd9
train_real_59158.jpg,real,train,train,train/real/59158.jpg,26625,2fc21109e82edbde3f63e011f6ed9c5a,5ce82b9670139acb
train_real_59217.jpg,real,train,train,train/real/59217.jpg,36836,806119308d7103b44a9dfb44dedb0908,0a7a6577652552d4
train_real_59324.jpg,real,train,train,train/real/59324.jpg,29461,194b0c6a9b3d42fcc01f02b8531611fa,4aaae5427d05519f
train_real_59342.jpg,real,train,train,train/real/59342.jpg,26610,19debc6a489aec74815e27a80ece0490,78c7efc6068c8a98
train_real_59355.jpg,real,train,train,train/real/59355.jpg,31641,60e3bf178c10207b1cd8aff3332e0426,5c207ab7611f4a8e
train_real_59440.jpg,real,train,train,train/real/59440.jpg,29481,b9646a8ce399a435551f5c453f59e8b7,62cb9de466a4839c
train_real_59518.jpg,real,train,train,train/real/59518.jpg,22351,27988a66ff326380beebbbf41a40c14e,2d7f20746035f287
train_real_59552.jpg,real,train,train,train/real/59552.jpg,28928,cfa2ec2edf525d5db24bf3ce8c762e6c,34faea096a257c89
train_real_59559.jpg,real,train,train,train/real/59559.jpg,31831,866309ef030e91cb7f139160d8a05968,4aea6cf074c363c1
train_real_59563.jpg,real,train,train,train/real/59563.jpg,28649,7325a9ef0e8d2deca162d5de745f135f,072cb456d91fe88c
train_real_59581.jpg,real,train,train,train/real/59581.jpg,19442,5ef52350086a079fc6cba64ab0de5581,47303e70701f9bcc
train_real_59593.jpg,real,train,train,train/real/59593.jpg,30254,6ce453df5bec5bc9261e4521858f4442,352b28f6b5b6c282
train_real_59657.jpg,real,train,train,train/real/59657.jpg,26785,07a3c3e4778d554678dc815fa4c3ab25,0fea14a0703feb94
train_real_59662.jpg,real,train,train,train/real/59662.jpg,24819,7eec5f261ec416f8ae32dd97249a0e53,275a357021f7c38a
train_real_59769.jpg,real,train,train,train/real/59769.jpg,34320,7cdfbe9b697771cefd232fa5dd0d9490,61433f7028ae87d6
train_real_59794.jpg,real,train,train,train/real/59794.jpg,29749,5e868d6a12a90e304a24d71a59c43a81,0a3b3a6a790949cf
train_real_59798.jpg,real,train,train,train/real/59798.jpg,26445,60c9b48ef8a1b805a59c022597d69012,1a6d69263568968f
train_real_59869.jpg,real,train,train,train/real/59869.jpg,29092,d3141ab518e62de70ce64afbdb51c744,4b03aa9e91388fce
train_real_59940.jpg,real,train,train,train/real/59940.jpg,27497,fe28555e8f6fb091be4a5a4328d520aa,386871a556a75783
train_real_59973.jpg,real,train,train,train/real/59973.jpg,26089,aca9ac59da363fdb6e90c70945968275,4f2f3d30303596c6
train_real_59981.jpg,real,train,train,train/real/59981.jpg,28446,a729a8a1d1f4c9564833782900051cbf,0b2bb587d283da8a
train_real_60007.jpg,real,train,train,train/real/60007.jpg,25401,f8e327aa5c1ef6edb44b06ace45f2f15,2f9438f47027b28b
train_real_60030.jpg,real,train,train,train/real/60030.jpg,30837,75268116d4f7f59e474fcc3f4be2edef,55077e4a287889dd
train_real_60084.jpg,real,train,train,train/real/60084.jpg,19212,ba0e90691c58efb647b24db7e4cc4bd7,67a0bc9690b893ce
train_real_60086.jpg,real,train,train,train/real/60086.jpg,30530,2cb749af260b9a0e3778bd017c02bb2f,4bb075d0268df4c5
train_real_60133.jpg,real,train,train,train/real/60133.jpg,33489,ce6083b94722b3e5f72411a75354e40e,537e60c0c4ce82df
train_real_60146.jpg,real,train,train,train/real/60146.jpg,34125,bd9a4a07b7a310c5d820887ad2d329ca,7f5e6024e05e878a
train_real_60207.jpg,real,train,train,train/real/60207.jpg,30179,48f23424690b828b4b8fef1304567c92,1ee834f0a703969d
train_real_60221.jpg,real,train,train,train/real/60221.jpg,36080,211c1b0bc39ffe05946a5f008a6ff933,17541c9bf2a66b90
train_real_60225.jpg,real,train,train,train/real/60225.jpg,30503,25992594f591077d77c3af4d583b459d,5a1a78793560678d
train_real_60238.jpg,real,train,train,train/real/60238.jpg,28942,1044776c5c858af52308437c7cb552d3,7778a107da273c82
train_real_60256.jpg,real,train,train,train/real/60256.jpg,32795,0993915665bd8a4b850073bc400d3349,4848a2875f0ffc4e
train_real_60310.jpg,real,train,train,train/real/60310.jpg,32545,4f35a1b19627e5ab40d5b5cd96ee6bdf,0855a01f57295ed7
train_real_60334.jpg,real,train,train,train/real/60334.jpg,26963,9dd1d8b449259847707adff4405e91b7,3128e594a5d096df
train_real_60352.jpg,real,train,train,train/real/60352.jpg,24941,c34fc394abcbcab5b4e605a24fb2fbf8,211a75524b5dc7ac
train_real_60393.jpg,real,train,train,train/real/60393.jpg,37672,39c2cadcd39f83e3d292cb4213129c9c,5fa505d7c6ca888a
train_real_60431.jpg,real,train,train,train/real/60431.jpg,29486,c9511c3e74b5dc5e88589facb99007fd,24fb92d28a09abd6
train_real_60437.jpg,real,train,train,train/real/60437.jpg,32465,f45cec8abb8d9d59cf5db6a3f251a34d,6fa1bc1720798b85
train_real_60464.jpg,real,train,train,train/real/60464.jpg,32937,b1d673054eb2848a4c0785295bfe8aba,785eafc1841f9889
train_real_60465.jpg,real,train,train,train/real/60465.jpg,25094,7f42d102fc014e3307ef7047e415dd92,053ea517ea8dca92
train_real_60492.jpg,real,train,train,train/real/60492.jpg,27012,b8bf27f84c6983c9898586fa60908472,08ad70a676f087da
train_real_60506.jpg,real,train,train,train/real/60506.jpg,26319,e445196f3dd9d07fe1c41e9a3e32581a,3f6d92f099e3c082
train_real_60576.jpg,real,train,train,train/real/60576.jpg,41177,b1ddaf1e54fb666b4214cd545d5709c8,6afa89b52139d292
train_real_60582.jpg,real,train,train,train/real/60582.jpg,25162,22e393b3c9f2713d5617b5639c78ef01,40356f72706193cf
train_real_60591.jpg,real,train,train,train/real/60591.jpg,35507,4588a1aa04652ea09bf26ed97b433fee,0af521f77480c6cb
train_real_60667.jpg,real,train,train,train/real/60667.jpg,27499,14d44f59090c6b90aa21f116aee7cd53,6b2f7134703cf2c0
train_real_60677.jpg,real,train,train,train/real/60677.jpg,26432,b70308b2346773213040c27035ca29d0,15da4ac9416dcecc
train_real_60702.jpg,real,train,train,train/real/60702.jpg,22922,2bb117f390ac60d6c25755a826731202,4a893c73346d36c3
train_real_60755.jpg,real,train,train,train/real/60755.jpg,27526,148563fc60f643906e6e0479cef51810,7878a3a5a6c6838b
train_real_60799.jpg,real,train,train,train/real/60799.jpg,28680,87abe3b71d765b3148da159fffcd8cbe,3ab341a5a541c9dd
train_real_60803.jpg,real,train,train,train/real/60803.jpg,26471,704bc83bc17846c54875b45a481d6645,5e683063b76c83c6
train_real_60875.jpg,real,train,train,train/real/60875.jpg,22709,e0aeef468c9437ecc8ac21fac74ba975,1f2d30f63249c3c9
train_real_60892.jpg,real,train,train,train/real/60892.jpg,35543,55963eb0786420eb757f9a94f4285994,0b5ebe65306cb348
train_real_60969.jpg,real,train,train,train/real/60969.jpg,41985,53134b9ebbb606943bc82c99af8d9d8a,4a9de2b2566860cf
train_real_60981.jpg,real,train,train,train/real/60981.jpg,27171,b74d674e84d40c5733bb41705ce2fbae,40b7529db14893fc
train_real_61034.jpg,real,train,train,train/real/61034.jpg,27429,232a2fc3d3b950b9c40077c594fddeaa,6be0a5b23617568a
train_real_61064.jpg,real,train,train,train/real/61064.jpg,28468,073e49b29058374d536252e0c144c2bf,300f8bcbd05fd28a
train_real_61113.jpg,real,train,train,train/real/61113.jpg,29050,c3f64d818c1cd3f76a1b5e07170c0375,3b69e16417901fd1
train_real_61163.jpg,real,train,train,train/real/61163.jpg,31954,371a423c370dbcf5e21d0859b4f5871b,0bb474d260b9c39b
train_real_61233.jpg,real,train,train,train/real/61233.jpg,26611,e1ebcd6f355fc1e99f255c5deb173a58,6fbc52b443b881cc
train_real_61275.jpg,real,train,train,train/real/61275.jpg,23520,d0567b07632f6a2c318310e25669240b,3a1aa1a5674ec68e
train_real_61297.jpg,real,train,train,train/real/61297.jpg,31212,857e7853125e8379efac41d486705cca,30fa63a9ace98689
train_real_61301.jpg,real,train,train,train/real/61301.jpg,26763,5b0bf18b26b523b5dd8e479c22f16475,14632b93749c66cb
train_real_61338.jpg,real,train,train,train/real/61338.jpg,36443,0d1fc9b1a5d422efa41d4744f83c1759,531ee506e2149bf4
train_real_61368.jpg,real,train,train,train/real/61368.jpg,31374,24b3b15d1bf7be6b45c9018ef9d81dce,7c6b30f3d28c146c
train_real_61386.jpg,real,train,train,train/real/61386.jpg,26619,326407d631a369259a590d199270ce1a,493132b742d9cec9
train_real_61428.jpg,real,train,train,train/real/61428.jpg,23049,651779b150cbdf3163b70dd0cbf80a84,24983a72f178edc4
train_real_61458.jpg,real,train,train,train/real/61458.jpg,31950,f1e0cf363f4b76021c18e1373ae4a6e6,4fb82c32307913dd
train_real_61459.jpg,real,train,train,train/real/61459.jpg,31721,77d58c44db9f2bf8edfabc4934717497,744fb04af108cf96
train_real_61478.jpg,real,train,train,train/real/61478.jpg,33255,3be70fe893028fd4f1599b529dd4133d,1f7d25978209d586
train_real_61557.jpg,real,train,train,train/real/61557.jpg,35761,645cfa810e9e52e38d3d61421352d857,0ea5b486938ad7ca
train_real_61581.jpg,real,train,train,train/real/61581.jpg,27084,b5149640e0b886edfc5b455fedd4710c,106f39073558959f
train_real_61614.jpg,real,train,train,train/real/61614.jpg,31971,04369cde797851d87153fc2bfbbe8ea7,1cce6b61256125db
train_real_61814.jpg,real,train,train,train/real/61814.jpg,36435,8b47202447bc30f6aaa1025f6a6c82ff,001f47d44e3c9eda
train_real_61831.jpg,real,train,train,train/real/61831.jpg,24920,84ac0ee31312696671598d4de6f36b4b,3d6f1e763860890b
train_real_61859.jpg,real,train,train,train/real/61859.jpg,29161,c9e7fdae723d9bdbbcc2fc1c84304f1c,4ea129a7a7278e98
train_real_61882.jpg,real,train,train,train/real/61882.jpg,32342,029b282e868c0d9116d19f371177bccc,7ee0a187949d9692
train_real_61902.jpg,real,train,train,train/real/61902.jpg,32642,9611474874d5a5e0b30ecd8e332b8a61,709e6ba44c73839c
train_real_61942.jpg,real,train,train,train/real/61942.jpg,27683,71be04e0587f4e249f0ebaa868a3d248,1e5b7963644265ca
train_real_61951.jpg,real,train,train,train/real/61951.jpg,26465,454f023a1ecaf38538ba821d916aa92b,1a2e61a677519a8d
train_real_61966.jpg,real,train,train,train/real/61966.jpg,31087,a3c8879f02e895ecaafa31ccae00a0ed,5eeae077f5240381
train_real_61973.jpg,real,train,train,train/real/61973.jpg,22519,0ffe0003639ee53db562e300c2ac0c1f,1ec960876398d7c3
train_real_61994.jpg,real,train,train,train/real/61994.jpg,32886,2b9a9e9940e2878670e6ccf531d9eb78,0f7c74727451a2d1
train_real_62094.jpg,real,train,train,train/real/62094.jpg,27245,8fd79c75c2b4c98b14968ea5aea67c5d,2fb752b66006e4ca
train_real_62158.jpg,real,train,train,train/real/62158.jpg,35707,416c08043d66521042867b9b1fe81dfe,58b685d66cf89381
train_real_62169.jpg,real,train,train,train/real/62169.jpg,32719,e4873936909f6dfc8e0e16efb057b661,1f3d3d54a125c295
train_real_62171.jpg,real,train,train,train/real/62171.jpg,24147,a7d7e5cd3f83e4afa75da990ecb40d49,0580969fd21afb4e
train_real_62265.jpg,real,train,train,train/real/62265.jpg,28447,ad320932529e5be3918b1acc37037fbe,6bb3158548af30cb
train_real_62283.jpg,real,train,train,train/real/62283.jpg,39710,82faa2797189fefd514f19cfa06665a1,4ee531f3210d578a
train_real_62314.jpg,real,train,train,train/real/62314.jpg,34090,0ee1e0db8649fd1339dca02e8debd00f,7d3de040a24b8fd8
train_real_62328.jpg,real,train,train,train/real/62328.jpg,26533,f6a34fa4de3d4995d94d2842575ac8c3,1552da59685acb1b
train_real_62348.jpg,real,train,train,train/real/62348.jpg,29071,24bec48e8e01c61d2ba506cdbc43ba4b,567a6f61a504ca87
train_real_62392.jpg,real,train,train,train/real/62392.jpg,28707,e13fe620d04398656df5485909312503,0baa3db1341cd3ca
train_real_62422.jpg,real,train,train,train/real/62422.jpg,28339,c2da55be7f1d3f808880fa4c1269cd54,7a28e16587669687
train_real_62462.jpg,real,train,train,train/real/62462.jpg,27869,b44fc19cc40fa4172d56ccd82106980b,199ee342b5519ad4
train_real_62499.jpg,real,train,train,train/real/62499.jpg,31482,488e1507b3a1aef94775d8d4bb184988,65aa85954a751e9c
train_real_62563.jpg,real,train,train,train/real/62563.jpg,26197,bc6052761dc1eeba4046854d276aa6ae,621a18375cb5d6d4
train_real_62590.jpg,real,train,train,train/real/62590.jpg,27219,c9239755666e50bffff387fbff2eae73,6db547282525e39c
train_real_62643.jpg,real,train,train,train/real/62643.jpg,23947,f5513517163520ee08647fd0cd4f15ca,60c7af94a4d8a8da
train_real_62692.jpg,real,train,train,train/real/62692.jpg,26864,41f786415a0e1c4cb9f204c795f62e28,3a35f002e4da83db
train_real_62720.jpg,real,train,train,train/real/62720.jpg,25913,5ef52105a8ae25d65f194c444c2c1f74,41b73c3f725940ca
train_real_62723.jpg,real,train,train,train/real/62723.jpg,28891,d9c250f213866b54c0ce4fee1ad3a024,0fad3476f03992d0
train_real_62738.jpg,real,train,train,train/real/62738.jpg,21215,c767748d9372ebde7f582b32bd296b05,71f16a03e8658dca
train_real_62753.jpg,real,train,train,train/real/62753.jpg,29875,481464b61717d35e888aad571822c4db,4b197d527429a2dc
train_real_62764.jpg,real,train,train,train/real/62764.jpg,28219,e6c1d1667c991a48fa6b09b58b0ae238,0bbd7cb270b65282
train_real_62775.jpg,real,train,train,train/real/62775.jpg,28768,22dea1b1db2540f5e6365f11de5a863d,61eb160a595a0ecf
train_real_62799.jpg,real,train,train,train/real/62799.jpg,27745,9b188f82d2b32d4a6660d7a85bc7f3ed,50c9f712b01b4bdc
train_real_62827.jpg,real,train,train,train/real/62827.jpg,23236,140f6865a8a892234fcf25624f79489d,688be52966297687
train_real_62831.jpg,real,train,train,train/real/62831.jpg,27763,0f957a7d315ffd6773dca442fa573b88,7f3f28e03ce1028e
train_real_62836.jpg,real,train,train,train/real/62836.jpg,25085,d88ff4689bcde59e311691f9d87a9ff6,0c7936b7e234c398
train_real_62848.jpg,real,train,train,train/real/62848.jpg,21484,f385e2d2a55ef923b677d8082092c919,5b046426313dd6cf
train_real_62861.jpg,real,train,train,train/real/62861.jpg,24474,39dd0cdba68a7f7b64ce11910399be34,3f3c30f660f88398
train_real_62881.jpg,real,train,train,train/real/62881.jpg,32403,8c9912fc9e643d7af79b532cdc734fd2,4785a59a22796ec5
train_real_62883.jpg,real,train,train,train/real/62883.jpg,29920,930cc1f4bc7c14e537e7328e3f099370,131ee91439a51afa
train_real_62918.jpg,real,train,train,train/real/62918.jpg,32962,665f1dce30df0044f40ba46f15ae74c8,2ffcbcb07011c3c1
train_real_62958.jpg,real,train,train,train/real/62958.jpg,28365,8ee5b3cb7345629e4e3dcac917ff0d39,29d9d69a09796788
train_real_62974.jpg,real,train,train,train/real/62974.jpg,28709,9577ffb92b9546bee02990f18f33ddd2,60d5f4a57c149e98
train_real_62994.jpg,real,train,train,train/real/62994.jpg,26902,d67ae116be245993de4c8a2dbba1c75c,3d38347072a1e3da
train_real_63070.jpg,real,train,train,train/real/63070.jpg,29761,7804d8c22fc3e23f2d3064ea73ce45f2,536c3f28a5389f90
train_real_63080.jpg,real,train,train,train/real/63080.jpg,25736,aca4f0f42d46c53ddd4092db242f5f6b,02817087e3cbcf8f
train_real_63165.jpg,real,train,train,train/real/63165.jpg,24860,ec231d733475ba41bac3d3024f913523,5a6d25e6354a968a
train_real_63198.jpg,real,train,train,train/real/63198.jpg,33871,746c17ca48b2374cc9deaa6e3fb672e5,61b53ce8b5845b89
train_real_63240.jpg,real,train,train,train/real/63240.jpg,28137,ec6fc4cbdd31883190f6e95bd341e338,0f2b2576f5a98a88
train_real_63283.jpg,real,train,train,train/real/63283.jpg,31446,d9ad39c0cd41a942a5dda6312a8f5be9,39d4ab9b51395381
train_real_63367.jpg,real,train,train,train/real/63367.jpg,23234,f489aa1b9f7bdec1c47a3763c106a3f4,4e7b38a7a35c0c98
train_real_63491.jpg,real,train,train,train/real/63491.jpg,24108,baea5c98ceebe174f5885d5cb2e880eb,5a7e2b612561938b
train_real_63566.jpg,real,train,train,train/real/63566.jpg,33775,3897d5db59d44734b599bd1c2bdad54a,3d7e65786230e093
train_real_63597.jpg,real,train,train,train/real/63597.jpg,22805,2903ec6dee580bbef105530ffbf10c65,63e65f70193093cc
train_real_63785.jpg,real,train,train,train/real/63785.jpg,25785,8b99124af3d7a36b79caba09a543108f,3ff44bf449a4c08c
train_real_63799.jpg,real,train,train,train/real/63799.jpg,30351,0cf43420c5351cd61c4459543aa484e0,4f342572a75dd288
train_real_63802.jpg,real,train,train,train/real/63802.jpg,36668,86de622ecc8c0131a07ceb16a0bb2fc8,4603d7df7c382161
train_real_63808.jpg,real,train,train,train/real/63808.jpg,28942,8638d006e92789692543cc319c9065a6,47ff70e0708113cd
train_real_63822.jpg,real,train,train,train/real/63822.jpg,25762,44a83c5c8f1458886796d064efcea4e2,44da67e0e172878e
train_real_63872.jpg,real,train,train,train/real/63872.jpg,29947,a4e6edd0f39ecbd4c668220450030f3b,71626be12e654e8a
train_real_63884.jpg,real,train,train,train/real/63884.jpg,32318,6e7a39ebf2725ea4298481413b9326f8,2a28f094ca8adfec
train_real_63896.jpg,real,train,train,train/real/63896.jpg,26700,5de663dd5c5db6fc3ac1c6976a2dea68,1e0f7821297107fd
train_real_63906.jpg,real,train,train,train/real/63906.jpg,30598,f52c4b478de1ef86e80f22e616a1dfb2,4f7a346176ad9488
train_real_63933.jpg,real,train,train,train/real/63933.jpg,32020,0aba921f8eb3f0b6fc3de7987d92270b,48d54bfd6968a688
train_real_64014.jpg,real,train,train,train/real/64014.jpg,29823,d714a0a31baf39f1464a37472a4c1ac6,68bd05d03d17728b
train_real_64031.jpg,real,train,train,train/real/64031.jpg,32269,5d47aa8cef36d95ebe85c4cbd493833b,140a7fa32c6467ce
train_real_64047.jpg,real,train,train,train/real/64047.jpg,35827,f9bee7289ae8badf88ce7a6277ce3ced,391f05f006e996cb
train_real_64052.jpg,real,train,train,train/real/64052.jpg,25423,e63a82d78fd5f17fb925180e41c15f41,1ffc60f0008bf68b
train_real_64101.jpg,real,train,train,train/real/64101.jpg,26217,8ca54540b487df9ae881862dbfdaa1c7,2d2d34d696086bcb
train_real_64141.jpg,real,train,train,train/real/64141.jpg,33855,7b5cc86266603c9df34e6b16cfe5d107,1e6e6867230c559d
train_real_64180.jpg,real,train,train,train/real/64180.jpg,28767,398bccdfdad735c16bb0e45f0b5846b7,1ee069a325eea689
train_real_64222.jpg,real,train,train,train/real/64222.jpg,36008,556de16469c7f5c5c85658d92da12a61,1ae1387ab5783c52
train_real_64234.jpg,real,train,train,train/real/64234.jpg,28236,8b0db57a314b913b8028a7705d27ab51,5e8131d72565c29d
train_real_64296.jpg,real,train,train,train/real/64296.jpg,26492,829832f020a9c928a802b853f945081d,158559d56b72531a
train_real_64346.jpg,real,train,train,train/real/64346.jpg,30975,060747ee7c493f1b5aa4b79af5340c30,5e306807f61e829f
train_real_64444.jpg,real,train,train,train/real/64444.jpg,30007,1185fd5f36e5656ca06aafa47570f136,1d54611ee15a92dd
train_real_64452.jpg,real,train,train,train/real/64452.jpg,26349,a70774e956971c80f836f96ecc4ed197,1e696962b548b743
train_real_64475.jpg,real,train,train,train/real/64475.jpg,24732,a5ddb20ac4db3e64b7803774b3894338,493e61b2611fc19e
train_real_64541.jpg,real,train,train,train/real/64541.jpg,31808,ca76da5b1fb651892eefcbcd0a23331c,5768f96f01445ad2
train_real_64570.jpg,real,train,train,train/real/64570.jpg,32779,f8f20952991f13dc026420ddf1c30168,0f39b565327492cc
train_real_64621.jpg,real,train,train,train/real/64621.jpg,22692,a3400a914f183400ca8095e0555ba47a,1c4a2ba7ad48eb89
train_real_64624.jpg,real,train,train,train/real/64624.jpg,29379,071410a3e3e5f287bc2c24d4abff4ddc,0df22d527c1bd09c
train_real_64631.jpg,real,train,train,train/real/64631.jpg,31273,8a19fb95b1c2de559882317e83bb15b4,5b489703f172ed90
train_real_64636.jpg,real,train,train,train/real/64636.jpg,22503,b5a5b7f2c61c297c1890d1ebcfc784e1,071f36f03121cbcd
train_real_64651.jpg,real,train,train,train/real/64651.jpg,26541,ac00577450acb74a823dc7b627c1b2a7,171ef22b15611a57
train_real_64689.jpg,real,train,train,train/real/64689.jpg,32914,22f7ee9a2e6bdfc6e0226d913a888977,09f96147e284e39d
train_real_64711.jpg,real,train,train,train/real/64711.jpg,24599,cf4d8f2f12dd4167b33b1d3d8798de3f,6d3460333231d3cf
train_real_64721.jpg,real,train,train,train/real/64721.jpg,28024,c17bac4ae6ecba068e87d93ea062b97f,6df03ce6314f9086
train_real_64774.jpg,real,train,train,train/real/64774.jpg,34497,d1d6b6b2134020cb511776060960a7bd,5a85d28a8bc9cbc9
train_real_64825.jpg,real,train,train,train/real/64825.jpg,27561,3456ce509897668bd6580c4c10dc9fd9,1244b94bb278e3d6
train_real_64844.jpg,real,train,train,train/real/64844.jpg,31384,7c492db128614b2e59559bd8138d5566,4258266d706fe3c9
train_real_64861.jpg,real,train,train,train/real/64861.jpg,30332,56512af05feb84dd020708ce34dd5b9d,572d34e0cb092f35
train_real_64882.jpg,real,train,train,train/real/64882.jpg,27434,619a4e169dd94754f9d7460d8095941e,3eb420867626de9c
train_real_64939.jpg,real,train,train,train/real/64939.jpg,26437,51d123e739f5cc8d949c4bab09e70e02,1ae069e27063c7cb
train_real_64971.jpg,real,train,train,train/real/64971.jpg,30331,47cd9034c0c1848c30dec0995d844e88,746a63a7a4829a9b
train_real_65010.jpg,real,train,train,train/real/65010.jpg,21999,6e8b504f041ded4f96c34da92ea9bd45,62a8c5a655d69a96
train_real_65011.jpg,real,train,train,train/real/65011.jpg,28856,308adff4e648b0e014046936b2251127,164b311673b95ac9
train_real_65022.jpg,real,train,train,train/real/65022.jpg,30850,9d5656624c99c0695f579c239d47eda5,06a9af97ae988a98
train_real_65038.jpg,real,train,train,train/real/65038.jpg,18174,fec4af7946d8051bdf19f29193526230,1a626599e6999257
train_real_65047.jpg,real,train,train,train/real/65047.jpg,32956,6c03d0bca32e7c1ac0074ff042177f48,5ea8e5c4c688ca9d
train_real_65065.jpg,real,train,train,train/real/65065.jpg,30231,0ca309adb3d2839426118825501e3dd5,7e7a05adc23e20ca
train_real_65069.jpg,real,train,train,train/real/65069.jpg,25586,45fa0ac754c83849b95dd63e3d66a0d3,4f0172df01fc878a
train_real_65071.jpg,real,train,train,train/real/65071.jpg,27560,1636474155a45c4c4c5f3c8dafefbceb,0aa57867d00dda8f
train_real_65073.jpg,real,train,train,train/real/65073.jpg,39222,12e7ad1bd96c4d26fb168c4728ce509b,440b7ef09273b8ca
train_real_65190.jpg,real,train,train,train/real/65190.jpg,28849,d008ced210a22ffae68dd20334d42cfd,3aa16c82dd5941dd
train_real_65222.jpg,real,train,train,train/real/65222.jpg,28879,f4a3b004d3e725f59bf2a9a9cb0f0e44,1c2f6027e45a9e8d
train_real_65226.jpg,real,train,train,train/real/65226.jpg,32240,d3a050db3f2fb93cdbaee82b1a00853b,7d0370b023d5d2ea
train_real_65292.jpg,real,train,train,train/real/65292.jpg,33124,f87957d8c0d7fd9eee85d1f966cbf682,5d1e272260657e8e
train_real_65296.jpg,real,train,train,train/real/65296.jpg,33432,6e9d0830603dcb92559dea7de362ddfc,0f367493d02cfec0
train_real_65325.jpg,real,train,train,train/real/65325.jpg,32253,0ca92a6f4a206c111dbadf2ce78dcede,4f7a2902e16c9e8d
train_real_65389.jpg,real,train,train,train/real/65389.jpg,31803,4b510957cee0a49b5b48221d7f37b6c5,38cee3d5a6820a8f
train_real_65394.jpg,real,train,train,train/real/65394.jpg,27745,6ea38078497ac631361066064bd2efbe,6b933492322dcbc6
train_real_65396.jpg,real,train,train,train/real/65396.jpg,30426,18c3c3a95cc1d7bf9073879367bddce8,746a21e329c38ece
train_real_65398.jpg,real,train,train,train/real/65398.jpg,22400,ccda9136f193a05f53fa270138b41f84,4a29748bc39c27f2
train_real_65407.jpg,real,train,train,train/real/65407.jpg,23164,92f96f6967deccebe182b2f530a93c2c,66ff9430b0b1b183
train_real_65417.jpg,real,train,train,train/real/65417.jpg,25800,476571b69737abdaa41ceb142ff2c969,4aa161875a9ed8da
train_real_65429.jpg,real,train,train,train/real/65429.jpg,26341,f11679502812f1e642c9e03d9794836c,58a101b5f29ec69e
train_real_65450.jpg,real,train,train,train/real/65450.jpg,32103,1d7432acf0fa48f0738745693d41dec3,09c556177a687c2d
train_real_65485.jpg,real,train,train,train/real/65485.jpg,22774,c7da5921d74506e18bf242bea63cd04a,471f0ebdac14989a
train_real_65516.jpg,real,train,train,train/real/65516.jpg,29326,c2da4d012ec873dd7f3378987ac66e15,582b63a32629b69b
train_real_65525.jpg,real,train,train,train/real/65525.jpg,30215,8d688201e981dea55bfb063be575ebe1,25a52af8f843c8cd
train_real_65531.jpg,real,train,train,train/real/65531.jpg,35846,5a213cae54817e24874e4d914278fa2d,6d39e6861ee5d00a
train_real_65546.jpg,real,train,train,train/real/65546.jpg,37974,46468d66b0c0614f6f7e3a865a4cde16,2a25f09292ccd6dd
train_real_65588.jpg,real,train,train,train/real/65588.jpg,25697,9133146b1eb1d795a13febd1976d3d7d,166178c68d5ab3d2
train_real_65591.jpg,real,train,train,train/real/65591.jpg,26894,64a73c0683e011f36ce199cfe646b401,1a6a612fa31cc31f
train_real_65696.jpg,real,train,train,train/real/65696.jpg,31210,ec276fb190e0c0b624cd7b398718d83c,5a01e3a7272ee68a
train_real_65706.jpg,real,train,train,train/real/65706.jpg,30507,cfe89def83a3d2fe98a182c861afb2bd,066538333ac9dbca
train_real_65727.jpg,real,train,train,train/real/65727.jpg,31172,8e3bf058dabd72f4c8360a76f1484986,015e2f752c7492d3
train_real_65743.jpg,real,train,train,train/real/65743.jpg,26260,23786767eba6093b0df8e4930970f193,5b6c2d64226db6c8
train_real_65762.jpg,real,train,train,train/real/65762.jpg,27170,028009644683ddc5a6f3312e9276f212,3ca0f187a71453f8
train_real_65782.jpg,real,train,train,train/real/65782.jpg,27177,6afe9881f5253ada8428956617a7ce35,3abad0c382498fce
train_real_65784.jpg,real,train,train,train/real/65784.jpg,25767,0835eb59d90fc18bd557d387f5d0aa8a,70586ba365c5879c
train_real_65796.jpg,real,train,train,train/real/65796.jpg,32289,5f061e573b81bd825bb25162355a5a88,44f92af4722d07a9
train_real_65834.jpg,real,train,train,train/real/65834.jpg,39243,ca49dbe90d075bf31faa12a58eeb558f,5bdca8f1305983c9
train_real_65850.jpg,real,train,train,train/real/65850.jpg,27871,44fa915eb424036ad44b37ecd2c18338,2b83d2b5f02d909d
train_real_65888.jpg,real,train,train,train/real/65888.jpg,32899,70fee4d5f803ae150b9cbae2105dd941,4bbc60356642becc
train_real_65892.jpg,real,train,train,train/real/65892.jpg,28260,fff84c58401897046129274a7acad92e,1a6f7865242e178b
train_real_65900.jpg,real,train,train,train/real/65900.jpg,27559,0bac8e90a2160638f8c80f0f445be12a,42d92e61363d8ec9
train_real_65924.jpg,real,train,train,train/real/65924.jpg,31887,162f2046f04dc670cc353843fd36e3a8,022a3a36722af79b
train_real_65949.jpg,real,train,train,train/real/65949.jpg,29864,c7dc5bd0585d721e289da25af9279f08,1a266197dbc8c663
train_real_66105.jpg,real,train,train,train/real/66105.jpg,27770,f552df6de060d1a0d42378cd6f7f3c4a,5b800837093f8fcf
train_real_66138.jpg,real,train,train,train/real/66138.jpg,36088,c8d9f4d2906dfdf36958be30dc24c760,41835e8f7cbd30a2
train_real_66201.jpg,real,train,train,train/real/66201.jpg,31696,fc401976f62fe110a7f6adba8c9bcfcc,2f7a3491518f438e
train_real_66223.jpg,real,train,train,train/real/66223.jpg,28060,b0e10b10a7999ba8f2874a39b91696eb,100ff2883d78a3db
train_real_66316.jpg,real,train,train,train/real/66316.jpg,26432,fc7c09c8ba0b1098909a11f64fab2bee,2503307cb26da3de
train_real_66318.jpg,real,train,train,train/real/66318.jpg,28559,276a0326d3c48dd9ca7c7c7785031a27,2915b5d35e139ab0
train_real_66337.jpg,real,train,train,train/real/66337.jpg,26430,82575fcd547332d7146ddb936ce89f4a,0af061a1238fc7cf
train_real_66389.jpg,real,train,train,train/real/66389.jpg,31049,5955149786474dbc4776b09c27236d10,0d3634b3b21bcb8c
train_real_66420.jpg,real,train,train,train/real/66420.jpg,31632,f3a3051f15b721f224a7c78134e75ed8,0f8b6003eb28ddd5
train_real_66422.jpg,real,train,train,train/real/66422.jpg,30941,fd18fb6cf3e078f7e68aed967df47099,0f7cb4c3824d8d8e
train_real_66464.jpg,real,train,train,train/real/66464.jpg,31228,9b85a1c98910e3341bd6b6ba11ada343,631eeebc501079a3
train_real_66494.jpg,real,train,train,train/real/66494.jpg,28473,3cb3e167af0b020441d7ac757e922d0d,0e617ca7e5989790
train_real_66511.jpg,real,train,train,train/real/66511.jpg,29874,c1b10da90b020ff07d792a5337fb96b3,7c8225627778978a
train_real_66517.jpg,real,train,train,train/real/66517.jpg,33679,0c7c578a66cc4745f19d4d7c143f161b,5f2d2da420775592
train_real_66577.jpg,real,train,train,train/real/66577.jpg,25721,ae1d34244465998d00a3ac3d78160763,672d36f4a25215ca
train_real_66581.jpg,real,train,train,train/real/66581.jpg,26817,e7fc966285582bc123b00a863fec542a,58bda542767d8283
train_real_66622.jpg,real,train,train,train/real/66622.jpg,30341,3a9974715cbe0a97c888a7a243701918,431e2d667d0d329c
train_real_66670.jpg,real,train,train,train/real/66670.jpg,30436,1ab44918323ad019b263111f347cdddb,160ef80d617a16de
train_real_66674.jpg,real,train,train,train/real/66674.jpg,27443,5a46af46378b1f51ee6341a1edaf30af,584b61672774c68b
train_real_66677.jpg,real,train,train,train/real/66677.jpg,30757,fdf8a369051117ac6375e0ae47390ecf,144829e5275cb7cd
train_real_66679.jpg,real,train,train,train/real/66679.jpg,33366,08af2d86ed352947a7c089c6b0ecfcae,184f65fd2e16c298
train_real_66683.jpg,real,train,train,train/real/66683.jpg,26713,908102ca3358ff495def636cab2c7f74,085d20b77abd468b
train_real_66710.jpg,real,train,train,train/real/66710.jpg,25264,753bb5fcb8e292180f1632c0dbf5fcf4,081c43f037799ecb
train_real_66810.jpg,real,train,train,train/real/66810.jpg,31904,17f2a8e0fe94cbb04baa6e5bfea70238,5f6f2062332c83dc
train_real_66841.jpg,real,train,train,train/real/66841.jpg,32563,33b32ab25fdcb3ea3b2a51556252fc0e,4283979e9c9c7a94
train_real_66897.jpg,real,train,train,train/real/66897.jpg,31165,8bd248fb523922767e2a83dda354f120,4e64f19312668aed
train_real_66899.jpg,real,train,train,train/real/66899.jpg,21256,47689515f793836d6faae9a9345bafc5,43307e5330e88fc7
train_real_66913.jpg,real,train,train,train/real/66913.jpg,28100,eed0228e541fb86798c350dc83dbb0e5,1b9871e7606ca4ce
train_real_66964.jpg,real,train,train,train/real/66964.jpg,29444,f2b6db52a9b4b9dc720a5099bd564985,1c6863b7261ca7d8
train_real_66965.jpg,real,train,train,train/real/66965.jpg,24762,4bd91289583446a62df43b93241341f9,6d473290719761c7
train_real_66971.jpg,real,train,train,train/real/66971.jpg,31481,12d295093f4931b6b4c4a46201f57968,1c6869a3865d6f8a
train_real_66978.jpg,real,train,train,train/real/66978.jpg,28360,529637058d74fccc76ebe340ec0904e8,4f5a3862716867c6
train_real_66986.jpg,real,train,train,train/real/66986.jpg,24907,44879d46b9eabf97e05614586dd32b6c,47296a2b2d7125d6
train_real_66996.jpg,real,train,train,train/real/66996.jpg,26996,10b8e65cc52a7ab48f8117fbab36282b,533927d4a62bb291
train_real_67016.jpg,real,train,train,train/real/67016.jpg,33137,d5fa06c9f8a4ccb217914274f0130bfe,5ae061c7e66ccc98
train_real_67054.jpg,real,train,train,train/real/67054.jpg,21312,70f5dc7ceadd0c5c40c80fe7d14d43eb,0b2778a6b548cb95
train_real_67059.jpg,real,train,train,train/real/67059.jpg,30065,3a3d6495b124d43c0e5eba60131c5e0e,1548ab683b2f29da
train_real_67100.jpg,real,train,train,train/real/67100.jpg,21536,a5255a63142796fb5c59233fd08ba807,4b342d72b4d89a8d
train_real_67114.jpg,real,train,train,train/real/67114.jpg,28453,3dcc79c2955d1fea522c41b294e2431a,401e3f273162f0cf
train_real_67120.jpg,real,train,train,train/real/67120.jpg,21817,7a7f9fdaac79bf182948318d883e7b71,300fc296db84da8f
train_real_67138.jpg,real,train,train,train/real/67138.jpg,26669,62532517abd4124be45089547d46df7a,5c4f79e42760c2cc
train_real_67180.jpg,real,train,train,train/real/67180.jpg,28849,33a2e194fbee47ff169a4d6adf189368,5f6938627449c7c2
train_real_67193.jpg,real,train,train,train/real/67193.jpg,18736,d9c2cc28a4bfed1b52ee54e5d3df028c,7ca5c2b28b30ca8f
train_real_67221.jpg,real,train,train,train/real/67221.jpg,24386,19e8e1ca385d6025596f91e3ac6097ef,5c612b8e3198879f
train_real_67231.jpg,real,train,train,train/real/67231.jpg,27661,212e510cbf35acecab86c6fee77bc513,1e67609763984f98
train_real_67246.jpg,real,train,train,train/real/67246.jpg,21785,8d7089380d49903cd93b1b20526d0ab7,682ea5a516a59eca
train_real_67315.jpg,real,train,train,train/real/67315.jpg,28515,05aacb50a8ed2ecd6e21c9d067fb7a28,4601eab8e13ad0fb
train_real_67319.jpg,real,train,train,train/real/67319.jpg,30121,c54fc8d547cb524b39804726034fbda7,155ea167e2258ed2
train_real_67325.jpg,real,train,train,train/real/67325.jpg,32336,f2b029120e7d8704f51bd4c687345e96,5ea1a095b1d6d68a
train_real_67335.jpg,real,train,train,train/real/67335.jpg,32654,1a7693b12cc3746d1cf3a30ee586b536,18d173626bcde4c8
train_real_67360.jpg,real,train,train,train/real/67360.jpg,21153,7b548af282c21698460fa674b42630a4,1c3470b273b1db83
train_real_67383.jpg,real,train,train,train/real/67383.jpg,39963,5cda8c620bcf8a7563d24cdb13bbf939,30caa7e12c6b968d
train_real_67409.jpg,real,train,train,train/real/67409.jpg,25414,905b51c2de199310a83406faac653357,7aa105f6a187f28a
train_real_67443.jpg,real,train,train,train/real/67443.jpg,22905,471ea78bc165d14a648a36caf5ef053c,083f347a7200dfdc
train_real_67460.jpg,real,train,train,train/real/67460.jpg,28335,db0690de3f9df3fae3f8fc3d4b5421de,70ca83aa74d59399
train_real_67510.jpg,real,train,train,train/real/67510.jpg,29376,449d7cf609b94221f0db69f71ce3f5b0,5cfc33b210607acd
train_real_67515.jpg,real,train,train,train/real/67515.jpg,39885,65b16807e7df80420f09e7f8b91a0215,504a6b6a2d79a6d8
train_real_67565.jpg,real,train,train,train/real/67565.jpg,30445,7e6acd29c712ceb95bd53d868a6f699e,4adbe8d90dcdc444
train_real_67623.jpg,real,train,train,train/real/67623.jpg,27972,c13d54e159789e5307645efbac00bd12,70f8e1270596d6c6
train_real_67625.jpg,real,train,train,train/real/67625.jpg,25737,bdb5c8804c02268d22e94ae776a2d8fb,1e6679672168479a
train_real_67689.jpg,real,train,train,train/real/67689.jpg,28761,c89fbf87a1d950f8bb6853b96aa85125,5af160d2d28b8b8d
train_real_67696.jpg,real,train,train,train/real/67696.jpg,26443,444dcb56b455b270e916c7dab22fb889,5602ed7e25253a95
train_real_67707.jpg,real,train,train,train/real/67707.jpg,30679,9c0570a5df4eebff7315c4abbb4c68b3,5a861df60c3fc09c
train_real_67709.jpg,real,train,train,train/real/67709.jpg,33441,ea8d6c290c1954918e8ce1bbd32fb3c3,6f3f34a46db002ca
train_real_67768.jpg,real,train,train,train/real/67768.jpg,26827,655b834bcd2cafe42a854a61db6ba22a,52d1d206e8748bde
train_real_67789.jpg,real,train,train,train/real/67789.jpg,25731,2101f38e9f2e445f48b2b2dead22fc25,16166b242f55d8da
train_real_67791.jpg,real,train,train,train/real/67791.jpg,31948,74387f833bf43288062ca4b258a05b12,1fe51187d088dd9c
train_real_67844.jpg,real,train,train,train/real/67844.jpg,29351,87a60cbee6b750b984c018dcb6b992ed,42a1347a3916cbdb
train_real_67868.jpg,real,train,train,train/real/67868.jpg,32051,7beb9a33647e7ed52c1cc32949929b94,584861fea6a1dac9
train_real_67894.jpg,real,train,train,train/real/67894.jpg,25944,180d8777787b485ac81d2044295fbf84,4ae9f005a87d2597
train_real_67949.jpg,real,train,train,train/real/67949.jpg,29415,cf4f713e2faa3e2b2830a901961346fe,6ce01df25c5a388b
train_real_68023.jpg,real,train,train,train/real/68023.jpg,22663,3113dc69a648264582d04cb8dc9e1e02,0fa2bebca88c089f
train_real_68038.jpg,real,train,train,train/real/68038.jpg,24202,1125a99c8e4b115059eff9cedc524e75,6ae8e585868ed692
train_real_68073.jpg,real,train,train,train/real/68073.jpg,26492,265391225f4503ef8678010179ab6c3a,6250abab6ccc969c
train_real_68127.jpg,real,train,train,train/real/68127.jpg,29640,7cd7925f310e84dd9f4f6771356a7b32,2aa5ac833472739e
train_real_68134.jpg,real,train,train,train/real/68134.jpg,22095,bd66ef75eba44f7eafeb44dce55c5cb6,13a6324b31b9c5d9
train_real_68143.jpg,real,train,train,train/real/68143.jpg,31949,4170bdd6db09f22b56a9082113369a5b,5e64292771da8e8c
train_real_68163.jpg,real,train,train,train/real/68163.jpg,26801,b4df63e0f84d0962254237c1354e0e9a,4fe170da83655686
train_real_68165.jpg,real,train,train,train/real/68165.jpg,30369,a58bc23cfbd6b4083844dc16c30b3063,7a1f29a072e2c78a
train_real_68193.jpg,real,train,train,train/real/68193.jpg,27774,39df9562004f6d5cc63457ea062cdcb7,785c63e52426d69a
train_real_68267.jpg,real,train,train,train/real/68267.jpg,25285,9efd2b5b190ea5dea1c1b542bb823c29,413f2d3e7038c3d8
train_real_68300.jpg,real,train,train,train/real/68300.jpg,32719,b0f680ddc2ef30860fcf591280f475d5,15e2d3c4694b8796
train_real_68351.jpg,real,train,train,train/real/68351.jpg,31399,8cca718a05d617422b36ba0d863e2fad,401b237f2f7c2c8c
train_real_68414.jpg,real,train,train,train/real/68414.jpg,30193,3abb6f07640ba63fdb94cbe9469ce58c,3aff7fe04289c081
train_real_68475.jpg,real,train,train,train/real/68475.jpg,28242,59278f739a44d58796f9d3d3942c3859,2d3ff4b042709ec2
train_real_68525.jpg,real,train,train,train/real/68525.jpg,28504,fc6e384ee8fa4a747a2c4120dd552bf7,1f6164c7e448da9a
train_real_68530.jpg,real,train,train,train/real/68530.jpg,21782,150cf4828bd367e5e009f6fec0ac779c,3e60216525b5c7cd
train_real_68535.jpg,real,train,train,train/real/68535.jpg,30981,abdf8da8c8baab8728e19c831ef7080a,5e2ae14684758af5
train_real_68546.jpg,real,train,train,train/real/68546.jpg,24621,8fefd73fd4bbde7f902b88a943278a43,7aa1f4a27083c3cb
train_real_68566.jpg,real,train,train,train/real/68566.jpg,22453,dd0a7297b1378af14e86e7ebd2a84349,0e3ea517c63482de
train_real_68584.jpg,real,train,train,train/real/68584.jpg,28415,2a4c360baf2c33841c089aed0298e1ce,4fa934f073a08bca
train_real_68695.jpg,real,train,train,train/real/68695.jpg,24886,ed9f795dbbd6f627853d98bfe314e382,5c2c25a7a7589999
train_real_68721.jpg,real,train,train,train/real/68721.jpg,28620,1c2e81beed9a9ee11c3649dc6c06bb6b,0e8e7997256316c3
train_real_68729.jpg,real,train,train,train/real/68729.jpg,29005,5f24f82b79a24c67851c7eab7a9c5ee9,1b2d2165247e92db
train_real_68742.jpg,real,train,train,train/real/68742.jpg,25927,37d5fef1a2776a8bd1c0b5434bd69170,2d347612f235a3cc
train_real_68788.jpg,real,train,train,train/real/68788.jpg,27673,556cf86d3bc3492190b78e454185e114,6ee13df01d19039c
train_real_68878.jpg,real,train,train,train/real/68878.jpg,35639,bae8252b77849e5e6efe9ef83aef4f64,23d4ecfcd070629a
train_real_68915.jpg,real,train,train,train/real/68915.jpg,34562,606475d982f5f522c614ec6c4bec230b,20879692f389c9de
train_real_68968.jpg,real,train,train,train/real/68968.jpg,28483,c33d5c40a4d645aaf68e332a8c4ca7a2,7f4204a05335ea9f
train_real_69024.jpg,real,train,train,train/real/69024.jpg,31686,e8b1178314e53d70eedb0a80bb597a69,0083af87cdce18dd
train_real_69059.jpg,real,train,train,train/real/69059.jpg,31304,6b883a2d7d662403241d92279691da0c,5cefb38e90545388
train_real_69095.jpg,real,train,train,train/real/69095.jpg,32511,de3699adc47cd4f0d15303b17a11c99a,5c4f3c9732d80b8c
train_real_69191.jpg,real,train,train,train/real/69191.jpg,31176,f84162ffbebaea9400d6ba9137d62746,45fe3ca5b0ac8aa4
train_real_69216.jpg,real,train,train,train/real/69216.jpg,28286,d164a8bcff4436f2f218bfc10e87be23,5b8f6c26276812da
train_real_69291.jpg,real,train,train,train/real/69291.jpg,26567,a21f78c9dbe27ee2320a2aee6f281615,550f7c64f402d6d8
train_real_69308.jpg,real,train,train,train/real/69308.jpg,29627,03304c0e879e1e4ca93c8dda2510f4d4,4e203cf470b381f7
train_real_69335.jpg,real,train,train,train/real/69335.jpg,28630,a4de6dfa7bb5d7d3bc9b692bb6df61be,093fae62e945ca94
train_real_69338.jpg,real,train,train,train/real/69338.jpg,22501,5f29e9a25b892fe3610ef0af68e0302a,3cc07087c3cdca8f
train_real_69341.jpg,real,train,train,train/real/69341.jpg,27860,65578d84e021bcef60e2ff73449839f6,7878a167a55cc38a
train_real_69418.jpg,real,train,train,train/real/69418.jpg,25980,964f850c61fdcfdfcc79932172e1a40c,4a77201b9129dfa6
train_real_69434.jpg,real,train,train,train/real/69434.jpg,30187,021a83e65032d98b6305511295e00d8f,4b4b3d36703c22da
train_real_69500.jpg,real,train,train,train/real/69500.jpg,24688,38feb0e2aa8bbeabf3040fe2e4d45460,58eda52607e58587
train_real_69666.jpg,real,train,train,train/real/69666.jpg,29015,fbe0f4dd715ddc47e77007d1ca9a64fb,70ea6b066526a69e
train_real_69691.jpg,real,train,train,train/real/69691.jpg,23772,934dc6e26774904d39bd2bff63a98ca4,1b287d25217af692
train_real_69694.jpg,real,train,train,train/real/69694.jpg,34084,36e9bf8a98cfd1f7e45edaf172f2f38c,5ac065c726d686da
train_real_69747.jpg,real,train,train,train/real/69747.jpg,27769,efbc55006e03f1b4d5d4746d72274a53,0a5a25ab207d879f
train_real_69769.jpg,real,train,train,train/real/69769.jpg,29758,b9159a58c17eaa971efaec6aeb990a41,13686065676cd69d
train_real_69773.jpg,real,train,train,train/real/69773.jpg,26911,aa8fbce8932b02fa68cb02f926a86c09,0849f8a1b7dac28f
train_real_69792.jpg,real,train,train,train/real/69792.jpg,30959,300108c8d10dfe958632bc5ff8b9e781,1a3521d6c219d3db
train_real_69802.jpg,real,train,train,train/real/69802.jpg,26783,d76bb794363adaaf85c34d9862316e6c,09d5eac3c6492c4f
train_real_69904.jpg,real,train,train,train/real/69904.jpg,27037,0d66b3e4168a2e78fd3d21c0c686685d,07e391c786468e5e
train_real_69911.jpg,real,train,train,train/real/69911.jpg,29124,42ef94d299c65fa3138da43ccfa3d234,7a1ce27827f19e10
train_real_69931.jpg,real,train,train,train/real/69931.jpg,23187,9fd63ef47fd01383999b8f34cb432b5d,1b8c2d67642d869e
train_real_69935.jpg,real,train,train,train/real/69935.jpg,23948,0c35dd4528f846f64f282df89ba59a92,09b436b27233729b
train_real_69950.jpg,real,train,train,train/real/69950.jpg,25729,00f9af16ae8ae6e7780164228ad984d0,4b313cdbd0c9e4c8
train_fake_003QUB4VC9.jpg,fake,train,train,train/fake/003QUB4VC9.jpg,27840,837d220c1b4457b8cac188e17546ffe4,5aa069a7257e869c
train_fake_019KDB5AQ4.jpg,fake,train,train,train/fake/019KDB5AQ4.jpg,36953,5c6c786cefb389b664e6eccc306b81ba,5a0a61772761479b
train_fake_01APKJ1WLK.jpg,fake,train,train,train/fake/01APKJ1WLK.jpg,24662,142799b9c25959f18f0d10140e87235d,306a27e16d2f84cd
train_fake_01PGW4LBRJ.jpg,fake,train,train,train/fake/01PGW4LBRJ.jpg,28780,4020a6efe61ca7fb4baeb551e3fae81f,5f002b75f0ad07ca
train_fake_02K1YOKFOA.jpg,fake,train,train,train/fake/02K1YOKFOA.jpg,24058,8ed3efe98e8e37e4d42b1559c7b7f71a,0f6cb493838dce8c
train_fake_02XOZ8D2GM.jpg,fake,train,train,train/fake/02XOZ8D2GM.jpg,26814,c2638d02fa7f9e9b57bde02dc02e1f71,5a2a23b625e68ec9
train_fake_03OHTGNZ8P.jpg,fake,train,train,train/fake/03OHTGNZ8P.jpg,24197,5bad0d1fc835e07e8c9c6ecb767d4a15,628a65ab2525a6dd
train_fake_03YZ59SG5Y.jpg,fake,train,train,train/fake/03YZ59SG5Y.jpg,25580,2731b90d1061e2051367c2055708c6ae,2db916a126c3d6ca
train_fake_0461C89BE5.jpg,fake,train,train,train/fake/0461C89BE5.jpg,29081,d3af597e47f80dcc86a1d4fd778a2376,5a7af8602071a7c7
train_fake_05VYGES9ZH.jpg,fake,train,train,train/fake/05VYGES9ZH.jpg,29617,e2bc170b9d0754d0346126f3b0aaa364,0e4a69252574979f
train_fake_063QV37KFW.jpg,fake,train,train,train/fake/063QV37KFW.jpg,25266,d51855e4fc3d78785b3c063ac25db794,013f70d3e04fb49c
train_fake_06RCZ86I59.jpg,fake,train,train,train/fake/06RCZ86I59.jpg,27018,6758b425469ef732dae799e7ca4cb031,5e1a0cf13540f39e
train_fake_06VQVORF64.jpg,fake,train,train,train/fake/06VQVORF64.jpg,24814,b9a8937b031ddb2a4c71d51d766d159d,3f9ff0e023c0828f
train_fake_086R0V5ROU.jpg,fake,train,train,train/fake/086R0V5ROU.jpg,23503,7bd864e79a5f350318e6c04406f9efe9,5f287e60207d82dd
train_fake_08HYJ14KW3.jpg,fake,train,train,train/fake/08HYJ14KW3.jpg,33548,b0e4744ca3da280f35b4fcf4952f18fd,7aa525f426e2829e
train_fake_08KBO69EWG.jpg,fake,train,train,train/fake/08KBO69EWG.jpg,31141,9072851262b0c1ff931007b561609dcd,63177fb0702096cd
train_fake_08O06DIJID.jpg,fake,train,train,train/fake/08O06DIJID.jpg,43583,4cdf7c191565b9e8da2983787f09c6cc,1d22f8d5816f608f
train_fake_09S4SPJC3P.jpg,fake,train,train,train/fake/09S4SPJC3P.jpg,28436,5e5648425b23eb1218aafe58353357b2,3ab429f4002ff0db
train_fake_0AQEIBRSIT.jpg,fake,train,train,train/fake/0AQEIBRSIT.jpg,24820,c937643fd76ef161f0095cd780d5e074,17566a6e216c638d
train_fake_0AXST11X3J.jpg,fake,train,train,train/fake/0AXST11X3J.jpg,30004,39ad11ee4ded029585e481cac33ebd76,6a3ca1b3970bc18e
train_fake_0AY05JO3BI.jpg,fake,train,train,train/fake/0AY05JO3BI.jpg,24412,11ed448c837a0793a069d3f49d87be15,3df800f24f8ac28f
train_fake_0BHK2123UZ.jpg,fake,train,train,train/fake/0BHK2123UZ.jpg,33381,36b153774cdfe77ecb99b77ad8a14e3d,1aa93a61366dd784
train_fake_0CJH5AQM85.jpg,fake,train,train,train/fake/0CJH5AQM85.jpg,35367,1e894907b363d5357d13e1d7de7675eb,7ada3865216962cd
train_fake_0COE5CLLO2.jpg,fake,train,train,train/fake/0COE5CLLO2.jpg,32039,ef2b3cead9ab4c3ff9bb51eec6c5daba,14dc2bf8e13d70c8
train_fake_0DHJ28FUF5.jpg,fake,train,train,train/fake/0DHJ28FUF5.jpg,25185,a8bde9fb641188367089062fb2f699c9,06de2174a175a3da
train_fake_0E19MJABAJ.jpg,fake,train,train,train/fake/0E19MJABAJ.jpg,30108,05304b853115f9a1ef6f3b8ad43ae20d,493f3436f201c3cd
train_fake_0EKW86V7I6.jpg,fake,train,train,train/fake/0EKW86V7I6.jpg,30621,c76b5287b1b7a722a594a8df18e73bc9,4fa63092f38dc686
train_fake_0EZNB7BW58.jpg,fake,train,train,train/fake/0EZNB7BW58.jpg,25100,7522ccf477a63a5060fc78023a8446e7,683f21b53e071e86
train_fake_0F71NN1XHZ.jpg,fake,train,train,train/fake/0F71NN1XHZ.jpg,24987,11a275209cd26363206bd60f904d1cce,5ea029a53592939f
train_fake_0FCRQ4MXE8.jpg,fake,train,train,train/fake/0FCRQ4MXE8.jpg,35588,7a7494f4f1d8787fd4d73a387dc8cf7c,0baff8b03403d28f
train_fake_0H19M5CESD.jpg,fake,train,train,train/fake/0H19M5CESD.jpg,28918,4c3943a96a4950f5cbcd0858de38bbee,3f85e0d7d0d84a89
train_fake_0HHSVB978Q.jpg,fake,train,train,train/fake/0HHSVB978Q.jpg,34819,04b1af5589600321614f95d6c2f90af8,409d2b6af029a3dd
train_fake_0HIF2Q8D9X.jpg,fake,train,train,train/fake/0HIF2Q8D9X.jpg,29081,c045f097ca73a81b0c68fd4a33ce5291,4f7028ffe1cac488
train_fake_0J4TPLLZAU.jpg,fake,train,train,train/fake/0J4TPLLZAU.jpg,27707,caeb1bec9901f09f59028f714563913c,78ada786879c94c8
train_fake_0JHNR9SEXC.jpg,fake,train,train,train/fake/0JHNR9SEXC.jpg,26997,69431ab826b19485709885741e8522ed,4b9e763cf024b382
train_fake_0JMHVJ0BCL.jpg,fake,train,train,train/fake/0JMHVJ0BCL.jpg,25190,0a54bb2d6922601671c67a406dc48da0,6b29a5b546b68a86
train_fake_0JU1PVFREY.jpg,fake,train,train,train/fake/0JU1PVFREY.jpg,28680,30db6d79750f0e076bf665c811896ec8,48956186b78cda9e
train_fake_0K0LWXUV5C.jpg,fake,train,train,train/fake/0K0LWXUV5C.jpg,23187,368e5561c4eff96b6e57301a8fb9c1a7,691ab1b0c396cbca
train_fake_0K6ELBC035.jpg,fake,train,train,train/fake/0K6ELBC035.jpg,26147,31e068d532049f484abb7f118e706715,4faa2af0307133e5
train_fake_0KJ5MCPMWA.jpg,fake,train,train,train/fake/0KJ5MCPMWA.jpg,25813,eee43bd540baf041ce45b7311a28e0b3,0b522eab270dce9c
train_fake_0KO58WCDUV.jpg,fake,train,train,train/fake/0KO58WCDUV.jpg,28980,972e142ed8bde77f779ebea979e14bab,5f5a7c7220618bc5
train_fake_0KUHTN63FL.jpg,fake,train,train,train/fake/0KUHTN63FL.jpg,29736,de3d54687349d34768e41111dd588964,477aabd289582d58
train_fake_0L01AF3K9I.jpg,fake,train,train,train/fake/0L01AF3K9I.jpg,32954,b703f6fb54085ca3eed7399bbd909bb8,1718e25ba6519ec9
train_fake_0LFTT76IGU.jpg,fake,train,train,train/fake/0LFTT76IGU.jpg,24476,739f144f8d96b683b8768fa2af65b02e,1ea061f726d6929a
train_fake_0LM79N6W8B.jpg,fake,train,train,train/fake/0LM79N6W8B.jpg,26831,b0c9268cd824ef9b0a2bde30fb5e7088,3b4d60e643ca9699
train_fake_0LMLUUTOYD.jpg,fake,train,train,train/fake/0LMLUUTOYD.jpg,27961,5a4366e16d9996462f0005aa776402c2,3d6fa0c6c275c099
train_fake_0LUQK5X6AU.jpg,fake,train,train,train/fake/0LUQK5X6AU.jpg,32632,1cf827d9eb199e4f1ba735bd02fc596f,0bad2d3474f68698
train_fake_0N5NH0KJD1.jpg,fake,train,train,train/fake/0N5NH0KJD1.jpg,26016,0d0fb3c229515d6b6aaa953d699408c7,24d94a837da17e89
train_fake_0N8BOFWY9B.jpg,fake,train,train,train/fake/0N8BOFWY9B.jpg,27131,5619dcfa9b076f063eb1903046cd64b1,4b37347274498fc2
train_fake_0NTTUD4FNZ.jpg,fake,train,train,train/fake/0NTTUD4FNZ.jpg,23836,ce85fe07e3a472eae72571461aa071d9,4b3865e6643c99d8
train_fake_0NZVBZ17MN.jpg,fake,train,train,train/fake/0NZVBZ17MN.jpg,23805,7b692e4f0020765ed50b1ee9807822cd,0d946dfa606962cb
train_fake_0O1FZMSK64.jpg,fake,train,train,train/fake/0O1FZMSK64.jpg,31863,411b71ec81a71505e8d883f5efd0710b,05b93692715b8b8d
train_fake_0P6660JLF2.jpg,fake,train,train,train/fake/0P6660JLF2.jpg,27568,b807378094651438f961ce018c94b181,4b3f3434e085c7ca
train_fake_0Q0S6UMK25.jpg,fake,train,train,train/fake/0Q0S6UMK25.jpg,39138,54e4b1a6f17e21daf0be39b922ae6c90,286825e5b64e969e
train_fake_0QPNB4KK7Z.jpg,fake,train,train,train/fake/0QPNB4KK7Z.jpg,27229,fbda06db2a9f2f1fe763dcf7823fcf16,3cc8d2c2924bcb9b
train_fake_0RQCET3F8X.jpg,fake,train,train,train/fake/0RQCET3F8X.jpg,26289,64aac1bf0d70e7cbde9c120d545667cb,635a6faa2d228c8e
train_fake_0S1KBTG5CG.jpg,fake,train,train,train/fake/0S1KBTG5CG.jpg,34254,04a628e832ef9cd12ad496c359edde9b,0e5929d7b81da7c0
train_fake_0T0AGYIQ4M.jpg,fake,train,train,train/fake/0T0AGYIQ4M.jpg,26862,cd344b3a07acf20d3a88c2bd80c47635,2dbd345270a9a2da
train_fake_0T0DFNYQGC.jpg,fake,train,train,train/fake/0T0DFNYQGC.jpg,30388,c6888483d3738b176ddbbd458902b0ec,5ee030925bcfc68a
train_fake_0T92L841YZ.jpg,fake,train,train,train/fake/0T92L841YZ.jpg,35685,72e18e43f12728c58621687545cd666f,1b546827667e868e
train_fake_0TGRJDR4GZ.jpg,fake,train,train,train/fake/0TGRJDR4GZ.jpg,24710,351da86159c1478580ab3b89327d69c7,4fd0e1732325868f
train_fake_0U0ASED1EA.jpg,fake,train,train,train/fake/0U0ASED1EA.jpg,22307,285b09bb8917f5afb68ac383f42fa10a,3f3f38303070d3d2
train_fake_0U1W0IJKLQ.jpg,fake,train,train,train/fake/0U1W0IJKLQ.jpg,24775,a0577c8b598ea115f42002fc4462675f,3ae02197c29a9bda
train_fake_0U4WBQLYY5.jpg,fake,train,train,train/fake/0U4WBQLYY5.jpg,37547,0a4d1b01925514ca4b88ed574904af09,4eb1a576301e839b
train_fake_0UAE5MERE2.jpg,fake,train,train,train/fake/0UAE5MERE2.jpg,27321,6ee24b32cc2a637454024fe067290b22,56a825d0d6fd84aa
train_fake_0URW2X3QDE.jpg,fake,train,train,train/fake/0URW2X3QDE.jpg,29025,92d1ca636335616835e8ebb8d87187fd,6a4a9589092d676f
train_fake_0VAQDWHQS1.jpg,fake,train,train,train/fake/0VAQDWHQS1.jpg,27801,ea491217e59a8e7cb464259499485aab,6db0a0d2d28a8f8f
train_fake_0W6K866245.jpg,fake,train,train,train/fake/0W6K866245.jpg,27406,9f142e3c2290e4ab2eab4aedf067d511,4b327c23276cc68e
train_fake_0WKBYWH8EL.jpg,fake,train,train,train/fake/0WKBYWH8EL.jpg,33856,21ab34bd084cc1390d418035401f16df,1ec56047f6da829a
train_fake_0WQPMZVI1A.jpg,fake,train,train,train/fake/0WQPMZVI1A.jpg,32056,096d9611eeaac960fcdec066d4b37749,02f55582b63f7a50
train_fake_0WXKO4TSI6.jpg,fake,train,train,train/fake/0WXKO4TSI6.jpg,37629,1dc12a20bbb22c9c3150e4dc940376c6,7e7084c34769c2d9
train_fake_0Y22IIQPJ1.jpg,fake,train,train,train/fake/0Y22IIQPJ1.jpg,30282,e288b32a6c3082a8d4ff20ec235b57fc,3fed28e66454509a
train_fake_0YZV4HZ8J1.jpg,fake,train,train,train/fake/0YZV4HZ8J1.jpg,22820,3f1d9ba3b7d7e26fd2748d4fb34420bf,2db442b443bcc38f
train_fake_0Z7JI7XKK2.jpg,fake,train,train,train/fake/0Z7JI7XKK2.jpg,28940,0ae33aadcdc15af1d05f35ab0e6c7898,1ee024e3f58faac0
train_fake_10QMO53CH8.jpg,fake,train,train,train/fake/10QMO53CH8.jpg,27809,4151f5a2a94ea3e61a03254e5f11969b,0a3b7633f04d8cc5
train_fake_10ZJKJU4RU.jpg,fake,train,train,train/fake/10ZJKJU4RU.jpg,29056,612a60f55c400b764405c43a66a7db9c,1ef500923a496fcd
train_fake_130634MCB9.jpg,fake,train,train,train/fake/130634MCB9.jpg,30630,3492eae6c34b4144d9805973183e002b,1f78e1a741b493c8
train_fake_13SZ3VN3GN.jpg,fake,train,train,train/fake/13SZ3VN3GN.jpg,29972,42b48d81b605a02fc91b2d5934418b95,3ff0a080c4d3cadb
train_fake_145JQZI6UA.jpg,fake,train,train,train/fake/145JQZI6UA.jpg,26345,7c998aac2131847ec8a3ebc49137a501,0b357482d42d66cf
train_fake_15M7WWMGJH.jpg,fake,train,train,train/fake/15M7WWMGJH.jpg,41451,036234dd31ef6c4a2a56082983260250,4fb43097f30baa88
train_fake_15M8LWAUW7.jpg,fake,train,train,train/fake/15M8LWAUW7.jpg,30127,846e9c5b1d520dea0d8e6ded12560b88,688a87c7fe4a6889
train_fake_15TWF5II6W.jpg,fake,train,train,train/fake/15TWF5II6W.jpg,28949,761f64e59e3d82c783f40efc687f856d,0f7934c2629dc9d8
train_fake_16O9R9UI1J.jpg,fake,train,train,train/fake/16O9R9UI1J.jpg,27545,ddcc250cd9be4a27ffc067e13da43f4b,1b3d7886e40bf909
train_fake_16OG3J9MLM.jpg,fake,train,train,train/fake/16OG3J9MLM.jpg,21764,fd8021817d0f370f83088fe184cd9cee,266a25636525c69f
train_fake_176C3PNW8R.jpg,fake,train,train,train/fake/176C3PNW8R.jpg,21291,f46f64429d1bce8ce3481a3f42a32f1f,4f2c64b22319cfcc
train_fake_17VCNVT5N4.jpg,fake,train,train,train/fake/17VCNVT5N4.jpg,32366,413015e83283d70558f6abbb98f0fc00,4a8089a327bf9adc
train_fake_18ZWRVYIFS.jpg,fake,train,train,train/fake/18ZWRVYIFS.jpg,29750,9f1a90c8f454ea4b2c7d88a094054101,1f78211084ffce8d
train_fake_196UCNE8XO.jpg,fake,train,train,train/fake/196UCNE8XO.jpg,29568,e8a3d490f85909ded3c9134f668f8474,0b6878f555cb428d
train_fake_19DB0ZAA5P.jpg,fake,train,train,train/fake/19DB0ZAA5P.jpg,26054,46e568339021707068eb5b00f9b8f07f,3ae1e1e53562869a
train_fake_19E3P92WNJ.jpg,fake,train,train,train/fake/19E3P92WNJ.jpg,39913,fb57f157c50e676f9fd3633f4efc0bdc,168153cb2b295e9e
train_fake_1A54YLEN2Z.jpg,fake,train,train,train/fake/1A54YLEN2Z.jpg,30584,a3ea900f71bf8ee39edb75fdef2fccbd,5ea025d3b35a9389
train_fake_1B36A7BUFG.jpg,fake,train,train,train/fake/1B36A7BUFG.jpg,30639,5114dcc9c3ea8defcc3d2093219f2a62,1b2c28e6a5ea8a9b
train_fake_1CD8BUCH7K.jpg,fake,train,train,train/fake/1CD8BUCH7K.jpg,32717,32f3a6cedcb8031fc284cfab2bfe03c8,08683567a68eca9f
train_fake_1CW8XNLQ35.jpg,fake,train,train,train/fake/1CW8XNLQ35.jpg,28019,1f8ecdc0c25d9e6c527bd7cf715cea24,11c2f4c6e13ec39a
train_fake_1D2MUUXC2Y.jpg,fake,train,train,train/fake/1D2MUUXC2Y.jpg,23292,f89dc3d514c55c34ee2b8b790962f8d2,093a76c3f899f288
train_fake_1DHFCGK6TC.jpg,fake,train,train,train/fake/1DHFCGK6TC.jpg,25213,005a2eb14b614da05402a541794ac4d9,3ff000a3828fcacf
train_fake_1EMSMCALCH.jpg,fake,train,train,train/fake/1EMSMCALCH.jpg,28647,52b38f57204e563cdc77ed9009f76a7a,0ab165e6e68c9699
train_fake_1F0Z708IGS.jpg,fake,train,train,train/fake/1F0Z708IGS.jpg,24441,1d39ee2d50808645b5e3e11a76942005,0a7569c2c929c78f
train_fake_1H3LR11BPD.jpg,fake,train,train,train/fake/1H3LR11BPD.jpg,27387,91ce28c05874fe0a4b3cc3cea846552f,4bbc2d70307390db
train_fake_1H8D66XCSS.jpg,fake,train,train,train/fake/1H8D66XCSS.jpg,26536,6fba4a6e79f9fed4ef9423ebbce4b540,05db66c36e09268f
train_fake_1H9K1A4TKC.jpg,fake,train,train,train/fake/1H9K1A4TKC.jpg,25514,f8fb9dc67a297e598dfc24b91183cbe9,7aa530f2330b83cd
train_fake_1IN7TUGJ9H.jpg,fake,train,train,train/fake/1IN7TUGJ9H.jpg,23417,1b5f11d8b6ec274c2bc5e08055855c32,1ee93a617129e784
train_fake_1K0GBD9JTA.jpg,fake,train,train,train/fake/1K0GBD9JTA.jpg,23078,129f181e25694d2ece7db2cf7832eb2d,1f58683765215ed2
train_fake_1KITCEC9XU.jpg,fake,train,train,train/fake/1KITCEC9XU.jpg,27268,19d82e343ed17823826f1ca8500f3e12,2df852805382d3df
train_fake_1LJ80WP9U2.jpg,fake,train,train,train/fake/1LJ80WP9U2.jpg,27835,e975674000c0115c782cc480de771b1d,01ae7ab2b1415ece
train_fake_1LSEOQ1L51.jpg,fake,train,train,train/fake/1LSEOQ1L51.jpg,30718,0d7d42b686dea8bdb43a0b21a84ed69e,4cdf385a38093b99
train_fake_1O8DG6BHFP.jpg,fake,train,train,train/fake/1O8DG6BHFP.jpg,32073,060d93475dabab3201d6d7dc391b28e5,6dad6cf0b03212da
train_fake_1OMHW9BXNQ.jpg,fake,train,train,train/fake/1OMHW9BXNQ.jpg,27633,6a5cf068cf6c5efbfc4613d1a23605fe,0a3a74b37489c7c9
train_fake_1OR737HKP6.jpg,fake,train,train,train/fake/1OR737HKP6.jpg,29766,d45e45eb292e4da09b844a4bccd26635,0b3875756625aec2
train_fake_1OR8ZIWQU4.jpg,fake,train,train,train/fake/1OR8ZIWQU4.jpg,27753,05d76c64925455966c9e8dd0fde8e251,78a8a7b467169698
train_fake_1P6QRI74PJ.jpg,fake,train,train,train/fake/1P6QRI74PJ.jpg,30220,6938148d2838d675f4b933aec38d0844,4bad2d342433939b
train_fake_1QF2I9TAPB.jpg,fake,train,train,train/fake/1QF2I9TAPB.jpg,28866,a8d2160ef774e4dcf1b1a782c78f34d5,0bad35383a29a6cd
train_fake_1QIJMOK023.jpg,fake,train,train,train/fake/1QIJMOK023.jpg,30153,6eee94ab43f86b6ec11ff294fad2d4f6,1b7469f27098c38b
train_fake_1QOZZ7LXT9.jpg,fake,train,train,train/fake/1QOZZ7LXT9.jpg,33422,4bef50b7d60fc97db6c1b66ee4a011a1,3f6df0d4db2a4280
train_fake_1RTITBNAVV.jpg,fake,train,train,train/fake/1RTITBNAVV.jpg,25048,8bd64253b93703b22e9a7bd82336cc6c,304a63ad25ed949e
train_fake_1RV4HVZGUO.jpg,fake,train,train,train/fake/1RV4HVZGUO.jpg,32816,d914f071a7ba55b2588aa7abacca187d,5a6ba1d794411eb4
train_fake_1SAXGCOVUV.jpg,fake,train,train,train/fake/1SAXGCOVUV.jpg,26168,f60c02b8f7a127e48f51e0d4a0e78f41,0f0b74707309d7ca
train_fake_1TL0D1C3N4.jpg,fake,train,train,train/fake/1TL0D1C3N4.jpg,30586,c75a53b175941299dd40ff57e3650bae,2d3df6f6920c18d0
train_fake_1UE8792KUO.jpg,fake,train,train,train/fake/1UE8792KUO.jpg,31204,18c51429cb76401c44bff23d526f8f62,497a34d1f08193cf
train_fake_1UNUEW2UPW.jpg,fake,train,train,train/fake/1UNUEW2UPW.jpg,31330,0277e6e5e19ead02ce6cf07ae68fa8fb,4b74757227c9868c
train_fake_1XML6M5TV1.jpg,fake,train,train,train/fake/1XML6M5TV1.jpg,28644,a0bb96f69d424372c3f73f49b7d52cee,5ef8213f2560969c
train_fake_1ZK5RQD4RL.jpg,fake,train,train,train/fake/1ZK5RQD4RL.jpg,29544,95c40ea2ad14ff68f3b9730bdd461070,1a7d6922252ec6dc
train_fake_20LEKN3CB4.jpg,fake,train,train,train/fake/20LEKN3CB4.jpg,25271,9c1d755025e8575e29a634795bd4267a,7aa825e1a575829e
train_fake_20LQDZB4VQ.jpg,fake,train,train,train/fake/20LQDZB4VQ.jpg,29171,9afd33c5cf5e841b4c8d653fb9d93121,4a1f3168b768a396
train_fake_20QPWWGLQZ.jpg,fake,train,train,train/fake/20QPWWGLQZ.jpg,21752,599ad7187dbb765e3faf26c8b0d17f2a,3f8cf0e061e183cb
train_fake_20WS2VBRUA.jpg,fake,train,train,train/fake/20WS2VBRUA.jpg,30997,59ef281f3d5b14fce3e4af5ed17ac420,4e292cb1325b96cb
train_fake_20Y9XJH967.jpg,fake,train,train,train/fake/20Y9XJH967.jpg,29723,0516aac9c8fee2bc6dc7b57b7b39f929,3cb57043f28587d2
train_fake_229VSQ5PMV.jpg,fake,train,train,train/fake/229VSQ5PMV.jpg,27026,660fb8c5ac116fb381db77a062d58b30,0b7c68276786869e
train_fake_229Y70NKJM.jpg,fake,train,train,train/fake/229Y70NKJM.jpg,27869,9163eaf136da7e89efc8c35f39ccc54a,3575a2b582d38a8b
train_fake_22YURLHB8Z.jpg,fake,train,train,train/fake/22YURLHB8Z.jpg,23152,384b06601d11b8217802388cecb1a62a,0e6374273edc858a
train_fake_23U2V5OHLT.jpg,fake,train,train,train/fake/23U2V5OHLT.jpg,21611,23a28f0cdd12d8e6982b37b8ff63a1d1,287b8381df838bca
train_fake_240FASM9C5.jpg,fake,train,train,train/fake/240FASM9C5.jpg,32694,e626c68e185d60f2db1dc4a99621cd79,782a63a5c796d292
train_fake_26Q53F94EY.jpg,fake,train,train,train/fake/26Q53F94EY.jpg,30606,ae236c607327eda1af83c497e04e11e9,4fad6430b0bea2ca
train_fake_26ZIT8WMUA.jpg,fake,train,train,train/fake/26ZIT8WMUA.jpg,27310,8992cdcde122a96f1ee29c5011d8b014,4fb070a2670b87ce
train_fake_28MC6UBVGN.jpg,fake,train,train,train/fake/28MC6UBVGN.jpg,23285,d40440dca175f0835efd5e7ca01babf3,1a3c6925f506d687
train_fake_290TZMIKR6.jpg,fake,train,train,train/fake/290TZMIKR6.jpg,26940,507984db91d264338c4ab86b29c17393,0a287d727155a7aa
train_fake_2A2ED77FE4.jpg,fake,train,train,train/fake/2A2ED77FE4.jpg,33424,f083c455b151477bacda473cffeb3fe7,3ff2bcb080a180df
train_fake_2ATQBZS3B6.jpg,fake,train,train,train/fake/2ATQBZS3B6.jpg,43448,cbf68e43517d355d37dd5f2bb5c5b06c,413f34f0d0038bdf
train_fake_2EIJTVEF7R.jpg,fake,train,train,train/fake/2EIJTVEF7R.jpg,27008,c5073342c692a0e1fdf0f2951ced943c,7a0521e027f61fd8
train_fake_2F4E0VUBIJ.jpg,fake,train,train,train/fake/2F4E0VUBIJ.jpg,28880,3b85f50f0f9f199b5dd5029e60f30794,1a097447b652afd8
train_fake_2F8K9YEKV5.jpg,fake,train,train,train/fake/2F8K9YEKV5.jpg,27296,3fb5904b95a7700180b6b18319091605,2bca7d812061579f
train_fake_2FUT6V3WPL.jpg,fake,train,train,train/fake/2FUT6V3WPL.jpg,29865,81cb2cc736fd86b002a0c29fe1bdccf7,1e6a2b21257f839a
train_fake_2H0E5GCZ9S.jpg,fake,train,train,train/fake/2H0E5GCZ9S.jpg,23787,ea5bd039bad2fd5957d34fe1e9b62a7d,694b15b1d1b4cccc
train_fake_2HR9W2FW75.jpg,fake,train,train,train/fake/2HR9W2FW75.jpg,34493,580a59e2f3a02711155972cfd80bf8a2,5b79e006d589db81
train_fake_2HT5SWXO00.jpg,fake,train,train,train/fake/2HT5SWXO00.jpg,26200,12d52a4dd0a66a8d9ae92210798d1538,0fbd24a27474f688
train_fake_2HTNM45XRQ.jpg,fake,train,train,train/fake/2HTNM45XRQ.jpg,26013,f20bf2722880b984403ec5628ff108fa,398e61646378c3dc
train_fake_2HZHPCSS0N.jpg,fake,train,train,train/fake/2HZHPCSS0N.jpg,25947,458e6bb20aa779a085f264433b159378,1d5a2361673cc69a
train_fake_2I1CFSK63H.jpg,fake,train,train,train/fake/2I1CFSK63H.jpg,38750,812f49668ce08f1b161c5b320d98fefe,0a965d552a292f8f
train_fake_2I3K49DA9L.jpg,fake,train,train,train/fake/2I3K49DA9L.jpg,26933,846fb7f8ac7db5ed2fef16ace55f5791,1772206ba55aeb1c
train_fake_2JC10G69HK.jpg,fake,train,train,train/fake/2JC10G69HK.jpg,26516,5de1b5b34beb3fe11a2705ab0f83e940,7e6825e7d002da8d
train_fake_2JQJFB1288.jpg,fake,train,train,train/fake/2JQJFB1288.jpg,29340,8f40001ea17cf0422873c653aeb3e59f,6af52527770083d6
train_fake_2JQKH0AUT0.jpg,fake,train,train,train/fake/2JQKH0AUT0.jpg,26508,94aa51e1183332a04a0840f52a9c9ec2,4e2d60377019d29f
train_fake_2JUCFOFNFI.jpg,fake,train,train,train/fake/2JUCFOFNFI.jpg,26192,5cc65a16f2dfefeff3409262830bc106,2d0f7076723c92ca
train_fake_2M85IISVWT.jpg,fake,train,train,train/fake/2M85IISVWT.jpg,29476,08f8366625ffc01e7eda692a956fe16a,1e696027766272da
train_fake_2M9KVGENDG.jpg,fake,train,train,train/fake/2M9KVGENDG.jpg,23344,693c8be8287699d61720f4fa5acc138e,665a69232165678f
train_fake_2NCAXPZAN3.jpg,fake,train,train,train/fake/2NCAXPZAN3.jpg,28286,e51deea9d5da88e88a246b9ce528ffb4,4bf0b892a18d278f
train_fake_2NCXCA53OH.jpg,fake,train,train,train/fake/2NCXCA53OH.jpg,32420,bd258846fdcd72f722a684f76fe133f2,6a5da30ac33d9c8c
train_fake_2NMXFXIHUJ.jpg,fake,train,train,train/fake/2NMXFXIHUJ.jpg,25270,1aa42ee11143ae94869765f3122cc6df,166b7867a5549299
train_fake_2OO9AEH2W7.jpg,fake,train,train,train/fake/2OO9AEH2W7.jpg,26209,467a2d8ebb8d067c0f732a771aec212d,6f357cb0b058c3c8
train_fake_2OSP4U41HO.jpg,fake,train,train,train/fake/2OSP4U41HO.jpg,37166,19d4d3c5d1cb8600f33935cd97f62847,1ec1f09b632d269a
train_fake_2OZUECG01U.jpg,fake,train,train,train/fake/2OZUECG01U.jpg,30439,89e37a60e6eef0a0baa59f8117a58177,6acde885613a419f
train_fake_2P47A79C25.jpg,fake,train,train,train/fake/2P47A79C25.jpg,21990,b7c67d0fbfe67a54f0d857bb5b76d506,6a682ba3a2ab998d
train_fake_2P5SKBJ775.jpg,fake,train,train,train/fake/2P5SKBJ775.jpg,28424,9fcb2820e95ba9fc19206e4b0f1340ac,0bb5b5f6a25082d3
train_fake_2QJZR1AFCL.jpg,fake,train,train,train/fake/2QJZR1AFCL.jpg,22054,caac87a307ef541088c7c183e300f533,493e741bf009cfc8
train_fake_2RN7OUSJXW.jpg,fake,train,train,train/fake/2RN7OUSJXW.jpg,22346,4140cefcd93e28da8b59875a129686c8,6c3a61a536a796c2
train_fake_2RQPEGNE1Z.jpg,fake,train,train,train/fake/2RQPEGNE1Z.jpg,23545,1eab8b85c00fc968debd9e8117f79a5c,2c6125a56336c79e
train_fake_2RQZOS1Y9R.jpg,fake,train,train,train/fake/2RQZOS1Y9R.jpg,30151,572298ab61eca3b80a2c361842ff2854,5b70203235aedf8a
train_fake_2S0NT07S63.jpg,fake,train,train,train/fake/2S0NT07S63.jpg,25065,91dfc8d119721fd2365e9697d57183a0,09debda03423d29b
train_fake_2SFFGHSESS.jpg,fake,train,train,train/fake/2SFFGHSESS.jpg,31993,f925df09c2c3012ff0ce05fe9f0ff3ed,2b2cf482e297839b
train_fake_2UNDTIY9KB.jpg,fake,train,train,train/fake/2UNDTIY9KB.jpg,25429,22ab6d5914e4458fbfbcd3f899671136,2f09f43766f007d0
train_fake_2V7ZWHWBQC.jpg,fake,train,train,train/fake/2V7ZWHWBQC.jpg,27463,aefc096148a0d07e970a32e40a157c51,7fb1f0a3428d438c
train_fake_2VAAA7KOYV.jpg,fake,train,train,train/fake/2VAAA7KOYV.jpg,29925,be0f4574581e604b88f4255b33cc6251,6ab5e0b3e02bd489
train_fake_2WCCDUAI4I.jpg,fake,train,train,train/fake/2WCCDUAI4I.jpg,26051,dbe271f57a8570b7ac7eedf8574d8a44,4b3474b2611983df
train_fake_2WUB4ERAUR.jpg,fake,train,train,train/fake/2WUB4ERAUR.jpg,31248,059f013f0f9596c59243747ae4921e2b,5fe06127256586ce
train_fake_2XTNJE94DJ.jpg,fake,train,train,train/fake/2XTNJE94DJ.jpg,30402,cbb70e1e4604779a92e76f9a81a899e6,68c1a7e786c89a8b
train_fake_2XTVOKCXQH.jpg,fake,train,train,train/fake/2XTVOKCXQH.jpg,26896,aaffe42b28e2fbd5489b06598f81c826,580d312775f6968a
train_fake_2Y2GDMG6QV.jpg,fake,train,train,train/fake/2Y2GDMG6QV.jpg,23648,02f89a6c27884c51a1259c97ee2512cc,7fe46582c30bc389
train_fake_2Y43LXPBJN.jpg,fake,train,train,train/fake/2Y43LXPBJN.jpg,25053,9036d24ee13e137467a7d8bf93c77d17,5aca2d232554a6de
train_fake_2ZRYNMF558.jpg,fake,train,train,train/fake/2ZRYNMF558.jpg,26359,fb1f97c4244ee4cbb0484a249e7b71a7,0ff0a982c5ded682
train_fake_32JSHD2QVD.jpg,fake,train,train,train/fake/32JSHD2QVD.jpg,28576,c4f52560a999e7616ea06f62350851cd,71ba8f86ca0b5c8a
train_fake_336ALZM8NH.jpg,fake,train,train,train/fake/336ALZM8NH.jpg,31271,476206d2df50bb32689748c8a15d918e,0e7d3ee07083c1cd
train_fake_33ISUXE00N.jpg,fake,train,train,train/fake/33ISUXE00N.jpg,37291,8df32dd11c5838efea0f4f5d0bf451c7,0bae7ddb6c2d000d
train_fake_33Q4REG6TY.jpg,fake,train,train,train/fake/33Q4REG6TY.jpg,31269,9fb7972ca115ee19538396555746cf82,2ba094b2e2dadad8
train_fake_34A4RSEU1Y.jpg,fake,train,train,train/fake/34A4RSEU1Y.jpg,30487,e68b167470f5830365728fda3257b9d5,4fa934b032cad6c9
train_fake_34S2ST0JXI.jpg,fake,train,train,train/fake/34S2ST0JXI.jpg,32177,618fe8e9e0a7d21d6d4565b78466b29a,3fca80a611fc94dc
train_fake_356O9DNJZN.jpg,fake,train,train,train/fake/356O9DNJZN.jpg,30157,bc5913e8c9f8e37ff75b7fd134d2407b,7ef0a58210dfd28a
train_fake_35LVREE2GA.jpg,fake,train,train,train/fake/35LVREE2GA.jpg,31145,101b99d56b0fce0458ab484e5193dfa7,0ac575a3275e82da
train_fake_36OMNBZUW9.jpg,fake,train,train,train/fake/36OMNBZUW9.jpg,30729,b44ae28abb1c55ba17d368ac6369ca42,0fb5f492d0a9c0ce
train_fake_378ICN9FP2.jpg,fake,train,train,train/fake/378ICN9FP2.jpg,28128,188afb35982ca3c76f6367381fffc5cd,42bd23b669bc03b8
train_fake_37K0CZY5BX.jpg,fake,train,train,train/fake/37K0CZY5BX.jpg,29529,ba727318b7111e53890c6f40921355cd,683861f1f5d0878d
train_fake_37XF0E1AUZ.jpg,fake,train,train,train/fake/37XF0E1AUZ.jpg,25174,9ab68f7b946f8c31f3f08ed598c1da0c,5e0e2177a560dec1
train_fake_38VWFLGT87.jpg,fake,train,train,train/fake/38VWFLGT87.jpg,24202,1fb495d2b2b72844a53562f8cb08ef52,25bdf094d2505f52
train_fake_396IK1RFYH.jpg,fake,train,train,train/fake/396IK1RFYH.jpg,27141,63a02adee1829efdc9e2f558a2d03188,0f3c24dbc03d75d0
train_fake_3973HWPXL9.jpg,fake,train,train,train/fake/3973HWPXL9.jpg,28997,ad754f547f5a927a5d885de34c29290c,2fb0d4b0c3cb4e0b
train_fake_398AJMELJO.jpg,fake,train,train,train/fake/398AJMELJO.jpg,24992,ee3ca8a68e0b313e395048f0cbece4e4,7aa570a2e38bc38a
train_fake_39YL9U5XE9.jpg,fake,train,train,train/fake/39YL9U5XE9.jpg,25527,5039b8c4d436c46a0cbaa635b6a32bd1,782c21f5a5e092db
train_fake_3A1Y8YSU66.jpg,fake,train,train,train/fake/3A1Y8YSU66.jpg,32164,0301aea23b4b4f3fd37a7d3e48ea2644,1ea558a7746a86ca
train_fake_3BYQMDPQWX.jpg,fake,train,train,train/fake/3BYQMDPQWX.jpg,34849,a8a119a2535735c022ae1d72ad589441,68086125e766a7db
train_fake_3CLLCCPN1X.jpg,fake,train,train,train/fake/3CLLCCPN1X.jpg,26454,1512c22427732340134f9b3f8b3a3397,580175b6676427cb
train_fake_3D3G8GA3EU.jpg,fake,train,train,train/fake/3D3G8GA3EU.jpg,26162,22c33e4c15aea49cc87c6e0229413c31,2a3f20d6ab0876d5
train_fake_3EEKOQX08R.jpg,fake,train,train,train/fake/3EEKOQX08R.jpg,26820,2b3093a6302081df94dec9ae16b9341a,060fd21ef11ade98
train_fake_3F1LG7XV3J.jpg,fake,train,train,train/fake/3F1LG7XV3J.jpg,22763,6faa00b6961b78fedd7a18174d8f01fa,55f42722b62383da
train_fake_3FB3HRJPQD.jpg,fake,train,train,train/fake/3FB3HRJPQD.jpg,31693,542a064c83be2cfd387ed5f5991771da,4a073cd233db83cc
train_fake_3FTNE32HWN.jpg,fake,train,train,train/fake/3FTNE32HWN.jpg,28073,41d4dcbeffeebd67352e9cea2ee93977,4f2d3cb6712083ce
train_fake_3G6MZSC4DA.jpg,fake,train,train,train/fake/3G6MZSC4DA.jpg,26132,8dfa745b4eb0461813e3e4f87c8f33b6,7c97a087f289838b
train_fake_3G9RBNGWD6.jpg,fake,train,train,train/fake/3G9RBNGWD6.jpg,30236,1c7636e619ea01698a61e7466bab403a,1e6928a3345c93db
train_fake_3GPA9KYX90.jpg,fake,train,train,train/fake/3GPA9KYX90.jpg,28507,ea5adf528ed0277afa4264e5e4614e9a,717a27e3244296cb
train_fake_3I2YPSQ1ZI.jpg,fake,train,train,train/fake/3I2YPSQ1ZI.jpg,28042,f116203e483af57b8d897466ada0f5c0,7bb098c64aaf109b
train_fake_3I434GPJ1V.jpg,fake,train,train,train/fake/3I434GPJ1V.jpg,28714,1b3594658d9e424531a831bcb1c50869,3e7b232527748698
train_fake_3J07HGRFD6.jpg,fake,train,train,train/fake/3J07HGRFD6.jpg,30070,d10acf8da8f61482f7c773b3b5eb73a4,467830b07217cbd7
train_fake_3JIN1DF96G.jpg,fake,train,train,train/fake/3JIN1DF96G.jpg,34061,d59b521fb4dbb1948ece879d5f8ff7ad,1f8469606f23f08f
train_fake_3KGORYX4I7.jpg,fake,train,train,train/fake/3KGORYX4I7.jpg,32282,6169b278f9eedb10374631f7275e10e0,5a35702025ecd78f
train_fake_3KJP5O2OI7.jpg,fake,train,train,train/fake/3KJP5O2OI7.jpg,29114,fc64be4a962fd54be63bebf1e56f945e,0bb474f27032d393
train_fake_3M2K711YKL.jpg,fake,train,train,train/fake/3M2K711YKL.jpg,30025,826de13e0e41fca78db346832bcb3376,2fbd74e0708893cc
train_fake_3MADQTUNNB.jpg,fake,train,train,train/fake/3MADQTUNNB.jpg,32161,f499b47eed9b00195eb5eda020b11c76,5f693d342236c782
train_fake_3O0DR8XAO2.jpg,fake,train,train,train/fake/3O0DR8XAO2.jpg,24290,f4649cb0326646e0c4ec92202027d91f,4fba2f7074204fd0
train_fake_3PK95EKUC6.jpg,fake,train,train,train/fake/3PK95EKUC6.jpg,30900,9eee575ea701560bfe5459a2bbaf581f,2fb674b270a8d388
train_fake_3Q3JCRX3I4.jpg,fake,train,train,train/fake/3Q3JCRX3I4.jpg,28061,292f87584c2a432d551460df0cb422cb,124aad4fec0d4f8c
train_fake_3Q5KEVWSFO.jpg,fake,train,train,train/fake/3Q5KEVWSFO.jpg,31347,32a2e293f97686faa78e17e5c6a2de14,1ecb6bf0207d3298
train_fake_3QCA1FRAL6.jpg,fake,train,train,train/fake/3QCA1FRAL6.jpg,26327,f716424d1b7541b90d7c544363a1ea17,5f4bbca440e3859a
train_fake_3QFCWGTJGF.jpg,fake,train,train,train/fake/3QFCWGTJGF.jpg,29354,7749eda62bbe17170cdd0b0b7ba8136e,0b3575f6860e8b98
train_fake_3RTZ82RB0A.jpg,fake,train,train,train/fake/3RTZ82RB0A.jpg,24085,d8c5de27ef9021ad1c3804fda0d30d92,3c5af4a0a382d3da
train_fake_3SCNRXROXT.jpg,fake,train,train,train/fake/3SCNRXROXT.jpg,31612,84e14ffa25b01e697fb388f66dee0f84,0db272b271391bcc
train_fake_3SQ98I52DO.jpg,fake,train,train,train/fake/3SQ98I52DO.jpg,28610,f9fc42034caff8ee6622484929828976,3d4920e4039f879f
train_fake_3TSQV1LXZC.jpg,fake,train,train,train/fake/3TSQV1LXZC.jpg,20239,4904611b1caa19259094f2189d3bc2a7,0f693463374897ca
train_fake_3UO0M2XC2W.jpg,fake,train,train,train/fake/3UO0M2XC2W.jpg,33967,ad84486718690f585849c17ad42bf411,0a686197d4996bb5
train_fake_3VZ61665UU.jpg,fake,train,train,train/fake/3VZ61665UU.jpg,25329,aad12f1491e78f4df7aff9d051a1ff73,0337657a2109dacf
train_fake_3WHVSDMEPV.jpg,fake,train,train,train/fake/3WHVSDMEPV.jpg,26434,e67c0da2f0638b95585db7405b5c4f4e,212fa7657678b085
train_fake_3WKCMY12IS.jpg,fake,train,train,train/fake/3WKCMY12IS.jpg,28267,b72dca597674cf340ed810b730431f81,1f3f2d20a6e08e9a
train_fake_3WNCYECSG2.jpg,fake,train,train,train/fake/3WNCYECSG2.jpg,25540,de10bc2569354dae1c71b913c549458c,1a6e6962652dca93
train_fake_3WWD0L0P1J.jpg,fake,train,train,train/fake/3WWD0L0P1J.jpg,31698,cf539fc0813472dcc6f7eaf30f75184f,186d6be1748ada92
train_fake_3WZCU23CGW.jpg,fake,train,train,train/fake/3WZCU23CGW.jpg,24783,aa385abf6a119d831461ecc29103cac2,292b7d34307897ca
train_fake_3WZWIBWUW5.jpg,fake,train,train,train/fake/3WZWIBWUW5.jpg,23443,c13b7eeb95aaa22a9c47d22c743503f8,629caab9ac11959b
train_fake_3XEUCO0QDW.jpg,fake,train,train,train/fake/3XEUCO0QDW.jpg,29357,03f0c9baf5d3dd26e7171bc06e505f8c,166a78632578b789
train_fake_3XIDWWZU8G.jpg,fake,train,train,train/fake/3XIDWWZU8G.jpg,27223,30553ea74b09e2ef030d91b13b4141e7,43cc5897a97f5089
train_fake_3XPC1VRSX8.jpg,fake,train,train,train/fake/3XPC1VRSX8.jpg,30545,dddcc35e4e4883c5946ec064cfa7b0c5,0fb734d323496788
train_fake_3XX00OYVPI.jpg,fake,train,train,train/fake/3XX00OYVPI.jpg,30727,9c7515f082bccf7c379d3cc5d50a5f82,0fb174c2e243c38f
train_fake_3YVP285SDG.jpg,fake,train,train,train/fake/3YVP285SDG.jpg,32061,11a779e55b56fef6a67cecdad00efc60,3ae561e76106839b
train_fake_3ZCI64DA4G.jpg,fake,train,train,train/fake/3ZCI64DA4G.jpg,28128,37420b81721db6c4e3c27876833fffe8,78e3e1a7a68e8e80
train_fake_3ZVJHUHC89.jpg,fake,train,train,train/fake/3ZVJHUHC89.jpg,27170,db8bdef68f323cb3d9f9b9122d64d675,6a0a4fa1f0839dcb
train_fake_3ZWQTXA50O.jpg,fake,train,train,train/fake/3ZWQTXA50O.jpg,35287,f1867e5339d12caafb67690e8b803ded,2d50a9f44292cbdd
train_fake_4060VXX0GH.jpg,fake,train,train,train/fake/4060VXX0GH.jpg,28356,197664120f47984ea2e6962c494d5931,45b5367a3a78b0d0
train_fake_40SNJ0Q3PG.jpg,fake,train,train,train/fake/40SNJ0Q3PG.jpg,31518,c7550af286b5839be2ce9f4a0f4cf9a6,426d2f70342bf0da
train_fake_41TFMANHD3.jpg,fake,train,train,train/fake/41TFMANHD3.jpg,31722,b93a2dc99d3b7c145b1ccb1242e5bf9b,2fb4f0d2eb898988
train_fake_42FT07PRXL.jpg,fake,train,train,train/fake/42FT07PRXL.jpg,26533,cb87234cead02a4f569a31928b2a29ea,70582597c6da9a99
train_fake_42PQLSPNLJ.jpg,fake,train,train,train/fake/42PQLSPNLJ.jpg,30274,a1574422a375875ab274e48989b01a62,78b4e162653986cd
train_fake_4300J7J1ZH.jpg,fake,train,train,train/fake/4300J7J1ZH.jpg,25343,1d3940e9132807edd007c943b9a3ed25,0bf128e6c45e9a9a
train_fake_43JN4VISOP.jpg,fake,train,train,train/fake/43JN4VISOP.jpg,27879,846e07840b1489926f8946d2036d2284,3c6994c04b7ee09e
train_fake_44K3PKZWKG.jpg,fake,train,train,train/fake/44K3PKZWKG.jpg,28910,46fe7ed85267db2ff22be8b17ac6aa13,4b3464e2e08f9a9d
train_fake_44Z1921UJL.jpg,fake,train,train,train/fake/44Z1921UJL.jpg,23682,92bed11ed946c6cdbd7fadddbc85d8de,253f76f83030f0ca
train_fake_45HSG56UAK.jpg,fake,train,train,train/fake/45HSG56UAK.jpg,25754,210480df3d71584e1ff50c5b203b879e,4b43652ae40adcdd
train_fake_45IDMJGJPK.jpg,fake,train,train,train/fake/45IDMJGJPK.jpg,24896,00a83e8c42b2c083a5c25692bde0c459,030f7c3e703382db
train_fake_4711C4SH9L.jpg,fake,train,train,train/fake/4711C4SH9L.jpg,23223,6fe3d31377b9af65a66c5db6a4907551,1f78a5728435caa3
train_fake_471DHIZNJW.jpg,fake,train,train,train/fake/471DHIZNJW.jpg,27762,75b97d4ed7aea216a7047799dd6d9b3d,070f7e30303d9acd
train_fake_47SJQ78K0C.jpg,fake,train,train,train/fake/47SJQ78K0C.jpg,26578,427183d0f6d77873edd07261014fa482,241db66853862fce
train_fake_48THKULIO1.jpg,fake,train,train,train/fake/48THKULIO1.jpg,36932,abd0f322a4cf28908d5807cf5cf32ce1,1ea56196664a6bc9
train_fake_49GUJH0F3G.jpg,fake,train,train,train/fake/49GUJH0F3G.jpg,29760,c0caa820a0c8f8193b9bba4c0a068f8d,6e2da1b495c38687
train_fake_49X5RIF2KI.jpg,fake,train,train,train/fake/49X5RIF2KI.jpg,30981,97b7934dd35b6ba4ddad9ec338e557b8,58266785269e969b
train_fake_4A8NOSCWRI.jpg,fake,train,train,train/fake/4A8NOSCWRI.jpg,38749,89a522288e500504c521a44a9eb11367,4b3c70f271d980dc
train_fake_4AGU8VI8QP.jpg,fake,train,train,train/fake/4AGU8VI8QP.jpg,26003,0ebf273dc2763947ecc6125e8ef27346,6d9012f442b743cf
train_fake_4ASM12RWMB.jpg,fake,train,train,train/fake/4ASM12RWMB.jpg,27550,0d58e7ea3b8bf692c137cecf1fa7899f,0b7670b2ea8dc08f
train_fake_4B2YTR5W6Q.jpg,fake,train,train,train/fake/4B2YTR5W6Q.jpg,27341,e957444a2ca0fd02d07e68e0f490f6cf,0a2d70273561fe87
train_fake_4BE0UTV2I2.jpg,fake,train,train,train/fake/4BE0UTV2I2.jpg,27398,03fcd4bde3e3be495364a21d9980a6b3,0f3c78b5f03c82d2
train_fake_4DLQRU8BTM.jpg,fake,train,train,train/fake/4DLQRU8BTM.jpg,29428,c0bec90c25b6cf3b11c31fbd08a9b4f8,015d3f72345a92da
train_fake_4DRDVV55JA.jpg,fake,train,train,train/fake/4DRDVV55JA.jpg,24840,4651201d47a9bb90796cdceedcda9b7e,3d2df0d8c134a3d2
train_fake_4E0G2W51YU.jpg,fake,train,train,train/fake/4E0G2W51YU.jpg,27010,f35692ce37b00dc2f2cd4aed12ddf0e6,4e7d6830a30bc38f
train_fake_4E8Z8UYA6B.jpg,fake,train,train,train/fake/4E8Z8UYA6B.jpg,30134,a939ad72f69e01a3a30d06c05bcc1014,0b5ee1326203cf8f
train_fake_4F5WPPWLKI.jpg,fake,train,train,train/fake/4F5WPPWLKI.jpg,24703,7aa5bb24d7f0fd474dd3ea9c8479bd2d,70e84782ef8e8a8e
train_fake_4FRYP8UZNZ.jpg,fake,train,train,train/fake/4FRYP8UZNZ.jpg,26580,8a91ded3d65d118656d30558a2786dde,6dbde082d287ce88
train_fake_4GZ6CE2GJH.jpg,fake,train,train,train/fake/4GZ6CE2GJH.jpg,32979,175bd76db174246ee78a88e9c28f7fe6,1dca61136319b7cc
train_fake_4ILDSP0E8R.jpg,fake,train,train,train/fake/4ILDSP0E8R.jpg,25920,162b91b0f465259da6c8c571d08c20a3,25be36b0f8155ac4
train_fake_4IN1O693FH.jpg,fake,train,train,train/fake/4IN1O693FH.jpg,24942,c6b4bc6d05c70246faa4f5eaaa1eefa4,582af503a7509fd2
train_fake_4J9CTB6BQM.jpg,fake,train,train,train/fake/4J9CTB6BQM.jpg,25045,b7d1be49dbb1d11695392d103ff6c07c,4f6b256570250b8f
train_fake_4JDDEZPGC3.jpg,fake,train,train,train/fake/4JDDEZPGC3.jpg,26023,7d6bf9ff07801b36f9122dfb34f50e79,2ff434b23289cb89
train_fake_4JJIY8O89C.jpg,fake,train,train,train/fake/4JJIY8O89C.jpg,27205,58d4ec4a7ff485aaa2a9eaeac6d6a4f7,5a686b93859ae48d
train_fake_4K3GQXNMKZ.jpg,fake,train,train,train/fake/4K3GQXNMKZ.jpg,30036,9a3fa4e16d53e0619bf7ce7306c6472c,3fe0b172930ac38d
train_fake_4KGC8PRJFG.jpg,fake,train,train,train/fake/4KGC8PRJFG.jpg,39021,8fa00474f91fda53078c3cd6a6a90f77,7fd620a0435d839e
train_fake_4KNFTAE1QO.jpg,fake,train,train,train/fake/4KNFTAE1QO.jpg,28255,4dcd3f674e3024429e8c17c55ede4cd1,3fe0a1d6850ad28f
train_fake_4L3IGENXWT.jpg,fake,train,train,train/fake/4L3IGENXWT.jpg,23868,a1721bd1db825c99e8306e8e8acfe045,18da61a9e6ecd289
train_fake_4LXLNMIGQQ.jpg,fake,train,train,train/fake/4LXLNMIGQQ.jpg,24902,7b1816f95ffa0fd1e512d81e10f0071b,0a742b747139d78a
train_fake_4O45K01V8Z.jpg,fake,train,train,train/fake/4O45K01V8Z.jpg,24726,feaf654c5dfc06de4b43c9fe9e3825bd,3fe070e0e283d2cb
train_fake_4O65SBWUTH.jpg,fake,train,train,train/fake/4O65SBWUTH.jpg,23768,5133e9a017869007ac33bd95e2b0f9a4,4ae5b1b2b3e8a48c
train_fake_4OCYQ1V7EE.jpg,fake,train,train,train/fake/4OCYQ1V7EE.jpg,31075,a6471c630230936b5624d11a85fcdb98,686961f5a3f1068d
train_fake_4OHN87FY8Z.jpg,fake,train,train,train/fake/4OHN87FY8Z.jpg,29436,02dd0a818138cde4f594c5543067797a,2db5b0b07052d3d3
train_fake_4ONJG8CGRP.jpg,fake,train,train,train/fake/4ONJG8CGRP.jpg,23269,02ac5931ebdcd0efb55c26fa1166cceb,1abc74e3c44986d9
train_fake_4OP5V77ZFW.jpg,fake,train,train,train/fake/4OP5V77ZFW.jpg,30325,215c3e3ce9f716c8139719846537b516,0abc75f2641c969c
train_fake_4PRY5QYT3H.jpg,fake,train,train,train/fake/4PRY5QYT3H.jpg,28006,ae4184b61f4ada89c544af829d1fb925,2dbc62f0738382cb
train_fake_4PUVNLSMRI.jpg,fake,train,train,train/fake/4PUVNLSMRI.jpg,31560,f58432a34129b985d01e6de6226fc105,1e682b253794939e
train_fake_4RONEMEDKI.jpg,fake,train,train,train/fake/4RONEMEDKI.jpg,27716,9100bc24235d6d38407f94edaab7674f,2fbd74b2f03082cc
train_fake_4RQA9HKD7W.jpg,fake,train,train,train/fake/4RQA9HKD7W.jpg,27684,45050db8f749753dd0b0e047630fe0b3,46a936f1e24acaca
train_fake_4TTT1OUYEG.jpg,fake,train,train,train/fake/4TTT1OUYEG.jpg,33155,f232cc68e535572a902ea5a9afa9757c,25d6f8a6c308d699
train_fake_4U5PN1DWZM.jpg,fake,train,train,train/fake/4U5PN1DWZM.jpg,23644,9455967bb99b74d468cf98f383f43d6b,2fc806b4213de3dc
train_fake_4UEPOBHJGN.jpg,fake,train,train,train/fake/4UEPOBHJGN.jpg,25442,ccb12158363eb954de62b5fd58e2a31d,0fb47cf26021e2cb
train_fake_4USFUP1KKY.jpg,fake,train,train,train/fake/4USFUP1KKY.jpg,23417,813e70429f87bff8ee565677b8a677a7,5e28e123f500d79e
train_fake_4V0HYLJ05K.jpg,fake,train,train,train/fake/4V0HYLJ05K.jpg,30912,cebe09bae8eecb1ddf508570152d6f37,689ec0a5d383d68b
train_fake_4V84FTPXYU.jpg,fake,train,train,train/fake/4V84FTPXYU.jpg,21983,f63b568219a23b1bd9f1753a928620b1,5ae421a766e6968a
train_fake_4VERJQ30SG.jpg,fake,train,train,train/fake/4VERJQ30SG.jpg,24482,5002983f33a94734091430ef6a9bcd9c,5aa5f0e7070c9e98
train_fake_4VKPMUSDPG.jpg,fake,train,train,train/fake/4VKPMUSDPG.jpg,27693,a49450e9eb20778387baf2c4b86cffd4,18e57582d0cdce96
train_fake_4VV5FT3C8K.jpg,fake,train,train,train/fake/4VV5FT3C8K.jpg,31061,b056f871d0b68c633f3c5ee9233c01e8,4e232873631dc39e
train_fake_4W49DUQYT6.jpg,fake,train,train,train/fake/4W49DUQYT6.jpg,22441,7d181892296a250a47b081a910ddc873,35be78f6704282ca
train_fake_4WKPG5XVV8.jpg,fake,train,train,train/fake/4WKPG5XVV8.jpg,27879,75446df3680996c298f2d2603fe8f5f5,74e8a7a584929ed8
train_fake_4XG6EVXCCD.jpg,fake,train,train,train/fake/4XG6EVXCCD.jpg,30815,e41165755873c023e79c76c674a91400,2faff0b443b07288
train_fake_4Y959D0Z8Y.jpg,fake,train,train,train/fake/4Y959D0Z8Y.jpg,34360,e02a37da36c896e26af86bea9d3c47fd,5e2388868d1c777c
train_fake_4YPA5AJH1H.jpg,fake,train,train,train/fake/4YPA5AJH1H.jpg,30667,e9de238e2098994763f5a79093c07717,682a57a502eb8ade
train_fake_4Z2JX59ZS7.jpg,fake,train,train,train/fake/4Z2JX59ZS7.jpg,32648,c63d24f98e65eec20c08e8b62b815c9d,49bf3cf0703183c9
train_fake_4ZE4OTITKU.jpg,fake,train,train,train/fake/4ZE4OTITKU.jpg,31159,123e8b00d8bb447cf949f0f123cc7e8c,41da7eb83052539d
train_fake_4ZGCV8Q9HP.jpg,fake,train,train,train/fake/4ZGCV8Q9HP.jpg,26544,e74f0ee4185d608268f45d6f88a67324,433c7d34203bf28b
train_fake_4ZP4FK4SLD.jpg,fake,train,train,train/fake/4ZP4FK4SLD.jpg,27674,32ca6da4a18d1399e60512d466e43a6a,4ff434323311a3cb
train_fake_4ZY3XK6B5P.jpg,fake,train,train,train/fake/4ZY3XK6B5P.jpg,27926,46da952370d829931db274287f8304c5,7a6821e1a745a7c6
train_fake_508JXQ4IM6.jpg,fake,train,train,train/fake/508JXQ4IM6.jpg,28028,d56244045ecfb4a1fedd131727f7f104,52d26d23247d27cc
train_fake_50E95HBLKU.jpg,fake,train,train,train/fake/50E95HBLKU.jpg,27344,7e5686765eab04a63985c62a6abadf6a,4ef0f492d38981cd
train_fake_515WZMJ0H8.jpg,fake,train,train,train/fake/515WZMJ0H8.jpg,29623,bda387fa11e1f4b9565f8bf76f076804,560b7994343473da
train_fake_51JNBRFI42.jpg,fake,train,train,train/fake/51JNBRFI42.jpg,27362,1d69f77e5b33155eb1929dd8f3bbeea4,2f31f493d07e20d2
train_fake_53DG4JG7T7.jpg,fake,train,train,train/fake/53DG4JG7T7.jpg,32960,9aab9f93ab1e8b39c30995f89a123f25,3ab12182678ede9c
train_fake_540NBYQ7QO.jpg,fake,train,train,train/fake/540NBYQ7QO.jpg,26833,7273e99ab8bb208ccf10187910227e85,2fbc43b47070d2c9
train_fake_55LHXJISM7.jpg,fake,train,train,train/fake/55LHXJISM7.jpg,26560,bd312e5f245a3d8382584a3d3f070845,4f393c32601bc38f
train_fake_569VNVR164.jpg,fake,train,train,train/fake/569VNVR164.jpg,24405,6b4c60306309a029792a0909284ffff3,7a3a67a1ca21788b
train_fake_56PENCOWDM.jpg,fake,train,train,train/fake/56PENCOWDM.jpg,26529,d9c4242139847f1acb2279d2cbfee0e8,0db77cb36039c298
train_fake_57BVVKBUYT.jpg,fake,train,train,train/fake/57BVVKBUYT.jpg,25598,b4aa3b2ce10307a142950e02b961afa8,166930a734d6979a
train_fake_57ETVB388N.jpg,fake,train,train,train/fake/57ETVB388N.jpg,29700,ecc375ccfdea781a772ea352d3da4a5c,4e737c36a045878b
train_fake_58EGNTSBYD.jpg,fake,train,train,train/fake/58EGNTSBYD.jpg,29110,9231a6455d646b55e7a17771fa3767b1,50c480dacf5b4a7b
train_fake_58JCCQHBUO.jpg,fake,train,train,train/fake/58JCCQHBUO.jpg,22704,6a6c5af53258982b8c526765765d3249,783875a574a556c1
train_fake_58NFB12975.jpg,fake,train,train,train/fake/58NFB12975.jpg,33400,d1dda45a44db0bd42e513a26f2162beb,6da162c260c9c3df
train_fake_5AOJRDN3ZF.jpg,fake,train,train,train/fake/5AOJRDN3ZF.jpg,22502,336eb7341da35b71614df2dd137cb44f,073c6a34617ec28f
train_fake_5AT9ZJ9246.jpg,fake,train,train,train/fake/5AT9ZJ9246.jpg,30287,f8c623a0fe70682fc9e3ad7925715380,4fc07c82113b8fcd
train_fake_5BKRT53VQY.jpg,fake,train,train,train/fake/5BKRT53VQY.jpg,27915,4085d1b552398304734dc8ea58a2de34,1a4c7723f42a96d8
train_fake_5BO8X5QQI3.jpg,fake,train,train,train/fake/5BO8X5QQI3.jpg,26624,0784087bdc11b87a7dfe658140f2eb5d,5a6f61a725a88789
train_fake_5BQNX4RLJO.jpg,fake,train,train,train/fake/5BQNX4RLJO.jpg,26553,10926bb82519e544574b8b07b284fe97,0bb53cf27033d2c2
train_fake_5C5CSXO9GW.jpg,fake,train,train,train/fake/5C5CSXO9GW.jpg,33874,60f0d47cf525394ef4cf5ac7af52abfa,7ea1e0c2c18a87cf
train_fake_5CBU2D2M91.jpg,fake,train,train,train/fake/5CBU2D2M91.jpg,29004,b9664c3b1d2038577efa4f4c708f6b16,07b516fa313283da
train_fake_5COW99MEI0.jpg,fake,train,train,train/fake/5COW99MEI0.jpg,26246,026b57abf1ed0cbb457815e962c0fc7d,2fd760a3407987c9
train_fake_5CWGZV9ZHZ.jpg,fake,train,train,train/fake/5CWGZV9ZHZ.jpg,30840,d0b5a4440e5a39cb6b9a1b942cc2efd6,68af55e036c287d8
train_fake_5D5WV65M15.jpg,fake,train,train,train/fake/5D5WV65M15.jpg,31248,eca9ba3a28b690772d698fb964ea97c9,5ee06966312593c7
train_fake_5EGA0B0QR4.jpg,fake,train,train,train/fake/5EGA0B0QR4.jpg,31193,9f36358cb63596853f8877c5977f7a9b,0a6f7dd6a808a785
train_fake_5FLAFUDN5B.jpg,fake,train,train,train/fake/5FLAFUDN5B.jpg,37085,dc90a4c0c9e618617347348f943db348,2db172c0338bc3cd
train_fake_5GEJ1M8ROW.jpg,fake,train,train,train/fake/5GEJ1M8ROW.jpg,21509,ad89cfb71ae90bf9954f32eed250e381,0e2b382734add28f
train_fake_5GZ4O0H92Y.jpg,fake,train,train,train/fake/5GZ4O0H92Y.jpg,23397,6919fc5494f914f4289ee442ec0baa19,3bf460e2a0f2c38b
train_fake_5H7VOMBOK3.jpg,fake,train,train,train/fake/5H7VOMBOK3.jpg,23034,6f06c882c653cb3efd473b5eccdf5efd,688b87356475c68e
train_fake_5I0QHDGR1I.jpg,fake,train,train,train/fake/5I0QHDGR1I.jpg,31846,524f46cfc30cd2a810d38bed4d9ca38a,0f3f34727031c3c3
train_fake_5IA0APDB99.jpg,fake,train,train,train/fake/5IA0APDB99.jpg,26131,e56b93cb268978cfe73b5c8f3a9e4f13,4b382573275fcc88
train_fake_5IGEGSSM7F.jpg,fake,train,train,train/fake/5IGEGSSM7F.jpg,38121,5a2467638843dc78cbebe446ca598a2a,0bf4a5d69e38b109
train_fake_5JD79ECGYW.jpg,fake,train,train,train/fake/5JD79ECGYW.jpg,28978,bfc96fe7ae97979253a3be8f964f6fc2,4a6f2125346ed69c
train_fake_5K6TPXM4GZ.jpg,fake,train,train,train/fake/5K6TPXM4GZ.jpg,25628,4a3ecc8926377addd9ec0713611ae3a8,78e865e16505e387
train_fake_5K905XDZOL.jpg,fake,train,train,train/fake/5K905XDZOL.jpg,26052,aec73a3bbc421531486e47c988bfa0c8,2a7834a134a9d78f
train_fake_5KHGYXWXZE.jpg,fake,train,train,train/fake/5KHGYXWXZE.jpg,26060,d42154bab1b556ed80abf28f1b267585,3da970b037b053d2
train_fake_5N5IQL33QQ.jpg,fake,train,train,train/fake/5N5IQL33QQ.jpg,32634,37f18b0acfa0c08e7d8fc66ce866c265,1e393ce464c6d698
train_fake_5NBI34N64X.jpg,fake,train,train,train/fake/5NBI34N64X.jpg,26613,4d7060547ffd48df1e666a56ea9630d2,5c6869a3f49ca29c
train_fake_5OK0C0TS1F.jpg,fake,train,train,train/fake/5OK0C0TS1F.jpg,23200,0dc04d5da22d2d9b3a12246915e3eba6,0df660b27389c1dc
train_fake_5OM5M7NQ45.jpg,fake,train,train,train/fake/5OM5M7NQ45.jpg,33158,c28c482ecdba894e2feae452c2227f42,70aaafc114e316e9
train_fake_5PFL4PR670.jpg,fake,train,train,train/fake/5PFL4PR670.jpg,26594,1b3ae1670642a2ca906f2ed3c4ec202e,3fe020e340e2c6df
train_fake_5PHSZTMZG1.jpg,fake,train,train,train/fake/5PHSZTMZG1.jpg,32537,1dd1e27c31d57561fd813b4f322842ee,258f3abc707463d0
train_fake_5R43MN62FY.jpg,fake,train,train,train/fake/5R43MN62FY.jpg,24786,c3c000e2efb2199aa3c9e7f76cbb1f31,520b6df02059d2df
train_fake_5RQWTPVEX4.jpg,fake,train,train,train/fake/5RQWTPVEX4.jpg,29205,f4f4320defe925ab6651a99e5991f055,1a1528a777c896d5
train_fake_5RZ1LHL81U.jpg,fake,train,train,train/fake/5RZ1LHL81U.jpg,31402,d5d23d40ddf5be11782fd6683d2f895b,4fb93cb270429aca
train_fake_5SXT61IY36.jpg,fake,train,train,train/fake/5SXT61IY36.jpg,34568,e433d3a541b4bbb9a06e28ee430b37a0,40038087ff5e0efe
train_fake_5TP561W4PC.jpg,fake,train,train,train/fake/5TP561W4PC.jpg,26207,42e0d6c4cfa101cd412e6f64fcf1a580,4f2c7432b01bc3cd
train_fake_5U03KZZ727.jpg,fake,train,train,train/fake/5U03KZZ727.jpg,34088,989ca783e0089dd9b78ac774737ec8f8,7adae8c246a19791
train_fake_5UPXXOWZQS.jpg,fake,train,train,train/fake/5UPXXOWZQS.jpg,32154,eec835a75ceb9548e92ec0412f0b4360,4fb470f28389c3c9
train_fake_5UYAMYNFVQ.jpg,fake,train,train,train/fake/5UYAMYNFVQ.jpg,30786,af6b203ae2db68fe56fb10c58f7aa19c,1a833aa33258d3dd
train_fake_5VR9MEX9Y0.jpg,fake,train,train,train/fake/5VR9MEX9Y0.jpg,27802,e6af8de2337df10c72ef151f22559173,284ba0f0f457e99c
train_fake_5VTBKXB8MH.jpg,fake,train,train,train/fake/5VTBKXB8MH.jpg,24646,b16b577534fcf25f1020379989230203,7aa12167a746869e
train_fake_5VZ8UYJ2G5.jpg,fake,train,train,train/fake/5VZ8UYJ2G5.jpg,30580,a70df39d3696b87d92454133b18dd040,6196a6b8b130fb89
train_fake_5WHAURDDQZ.jpg,fake,train,train,train/fake/5WHAURDDQZ.jpg,29628,dc523ad31cec58de50a8c14a45a5f60e,0a4e7532352d83cf
train_fake_5WPQIWUAV9.jpg,fake,train,train,train/fake/5WPQIWUAV9.jpg,26631,ca3d1ceb666169d10d906e8274c6e122,5e6a68a31de8468d
train_fake_5X4ALYJXZK.jpg,fake,train,train,train/fake/5X4ALYJXZK.jpg,30023,a15981472288b57572e19d1bd9b99cc9,1f6c6183847ad535
train_fake_5XRGYHTSN5.jpg,fake,train,train,train/fake/5XRGYHTSN5.jpg,24721,0c005a66c5a1372c5ecabac5ba211501,124e61a1fc5e83d9
train_fake_5YUKYCQ532.jpg,fake,train,train,train/fake/5YUKYCQ532.jpg,27730,d3921e35be4242f2e1cba18bdf3509c6,485b2537293934db
train_fake_5Z9MD9M1T8.jpg,fake,train,train,train/fake/5Z9MD9M1T8.jpg,21214,1b5dcbab927b4e271d1a241eb22eb2ca,1ec231a235f095dd
train_fake_5ZA2HXBGAG.jpg,fake,train,train,train/fake/5ZA2HXBGAG.jpg,27684,0083e5c5e4867a6b21d1a4c2fe17c00a,09bc3ef270b0e3c8
train_fake_5ZR4XJAZ5E.jpg,fake,train,train,train/fake/5ZR4XJAZ5E.jpg,27381,a2f59df7eb4c75eb56a0935644ee54e5,70e8e5a506869e9e
train_fake_60O84EFGEF.jpg,fake,train,train,train/fake/60O84EFGEF.jpg,29327,6337bba926d032be8ebcb0eff074c0e5,5aac7107b7701e94
train_fake_60T66M5MVE.jpg,fake,train,train,train/fake/60T66M5MVE.jpg,27211,0ce5e575b2ef61903df3594d05b3a96c,5aca2971247996d9
train_fake_61A1D0LWS8.jpg,fake,train,train,train/fake/61A1D0LWS8.jpg,30803,f787b627676755b44a9dce9722387800,1ab512a7d48acf89
train_fake_61AFTF5GKJ.jpg,fake,train,train,train/fake/61AFTF5GKJ.jpg,28984,0c75008ede3ded30a968d1fd0e3fbdc2,2aa075a3973da295
train_fake_62TREMYXBM.jpg,fake,train,train,train/fake/62TREMYXBM.jpg,20849,f73c4659060f157ddc44ef613bccb403,649fd290c283cb8f
train_fake_63BN27ARQX.jpg,fake,train,train,train/fake/63BN27ARQX.jpg,26393,1fc367db31038d2588499ee9342baffc,5e6128c785cab1ab
train_fake_63QP4XJJVG.jpg,fake,train,train,train/fake/63QP4XJJVG.jpg,24068,867b882a751a45b59accbb4dd44d9fcc,0f7434d2d891f09b
train_fake_63W4S6CVA5.jpg,fake,train,train,train/fake/63W4S6CVA5.jpg,27972,93858e0fe55baefc859ff53bd756a81b,3fb0b081c3dfc688
train_fake_657JNLMBK9.jpg,fake,train,train,train/fake/657JNLMBK9.jpg,28664,28c0617e49eb409be1d348f37e8d8d7c,4f3a2d74703d02f4
train_fake_65ESGUVL6Z.jpg,fake,train,train,train/fake/65ESGUVL6Z.jpg,28557,561023d4a0ddfe2a623f51d35f9ba34f,3f0dbaf8d0f040d1
train_fake_66HBROUH0W.jpg,fake,train,train,train/fake/66HBROUH0W.jpg,43606,54616894f32f525537b3bfe69df5f129,4483f492377d268b
train_fake_66RWI2AAAK.jpg,fake,train,train,train/fake/66RWI2AAAK.jpg,23111,1d7b0cfe4ae7109611494f028738d420,0f3c3c7ef062a2c2
train_fake_66WA36VTU7.jpg,fake,train,train,train/fake/66WA36VTU7.jpg,26985,119db9153812e9e56d7a8f4a5f07d59f,4ab0673ae6158ad9
train_fake_66WLPQLRH3.jpg,fake,train,train,train/fake/66WLPQLRH3.jpg,26646,da42e7ebdfaa03be71134b161b46ff1e,095d6e50b543558f
train_fake_684EZMUQ1S.jpg,fake,train,train,train/fake/684EZMUQ1S.jpg,28117,16fbf908095825518e7f35c1504ee1af,1bb06cc2c468bbd9
train_fake_68NNGF99ML.jpg,fake,train,train,train/fake/68NNGF99ML.jpg,32300,a608c7c33e70397eb4e8ceff9d9219b6,4b3825d2e38bca8d
train_fake_68P20A7BD6.jpg,fake,train,train,train/fake/68P20A7BD6.jpg,28757,88cbc84cd4785c6a5eed0738d7b1c24b,4a957dfe20783388
train_fake_69BTAKBJTC.jpg,fake,train,train,train/fake/69BTAKBJTC.jpg,29153,3330b6b9160822de7dcf429926314681,5bbe693425e8828d
train_fake_69WPV2RN5J.jpg,fake,train,train,train/fake/69WPV2RN5J.jpg,26479,02e6563ba3efa824af778f6d794b6765,1e5d1597d60c5a0d
train_fake_6AML2TH6UK.jpg,fake,train,train,train/fake/6AML2TH6UK.jpg,23209,1af3203f8afb697634ee2f5bcb61e381,0170b4d2ea45e3cf
train_fake_6AX1YNTXZC.jpg,fake,train,train,train/fake/6AX1YNTXZC.jpg,23442,f301fc85e2fd9f42370c00fc48d2e293,62526aab2c2fcc8d
train_fake_6B3LI1YELO.jpg,fake,train,train,train/fake/6B3LI1YELO.jpg,25991,85b2b3ed68383a1ff8bacf6cd5b7a96e,1e6b2167204cd7da
train_fake_6BDYL1KO79.jpg,fake,train,train,train/fake/6BDYL1KO79.jpg,31141,57b66bf5afaf1e806c28a09cb1b389fa,20c18f9f0abafc4a
train_fake_6C241JB3BI.jpg,fake,train,train,train/fake/6C241JB3BI.jpg,25814,744b167b0c4fecc3b11f20e7af13ea03,1d6e75722428d599
train_fake_6CB6SIDV39.jpg,fake,train,train,train/fake/6CB6SIDV39.jpg,28899,4301351fdf604189a19c1e2282df0565,68da878186d686dd
train_fake_6CS9IG7NPN.jpg,fake,train,train,train/fake/6CS9IG7NPN.jpg,31955,b6f042b287004b4cf034eda248f18d46,1acb2db3750ca788
train_fake_6DSRZX8UOL.jpg,fake,train,train,train/fake/6DSRZX8UOL.jpg,34731,092143942ccf532d4fe21b4d23f4ca81,38bf75a025c39689
train_fake_6GEDVEGYQD.jpg,fake,train,train,train/fake/6GEDVEGYQD.jpg,25732,e6d070c3300991079419985436314d36,6809e9a175e1d6ca
train_fake_6H79CSKOJJ.jpg,fake,train,train,train/fake/6H79CSKOJJ.jpg,24562,be0d209877448b101ae6dcb48a6cc7ed,5f2d3422f0708fd2
train_fake_6H7TAZJ1W6.jpg,fake,train,train,train/fake/6H7TAZJ1W6.jpg,23634,25e035cb731dfca7d6581273244404c2,6a6835a135e187cb
train_fake_6HHXFBFD7T.jpg,fake,train,train,train/fake/6HHXFBFD7T.jpg,28631,cc06882ae0686960ef4893075447671b,29b128b2c3dadb89
train_fake_6HJYG3H8DH.jpg,fake,train,train,train/fake/6HJYG3H8DH.jpg,20903,62fc81370434151632d94a49c45b9c47,0f582077718dcadc
train_fake_6IB54SEDG9.jpg,fake,train,train,train/fake/6IB54SEDG9.jpg,22616,9b1022e9bd05574b3d4fb3fd7ad95b68,39e960a1776187ca
train_fake_6IHFCP3R9V.jpg,fake,train,train,train/fake/6IHFCP3R9V.jpg,30450,9a928ead1db6409601e82ef943242e5d,47ad7c34752980dc
train_fake_6J5VA21AEF.jpg,fake,train,train,train/fake/6J5VA21AEF.jpg,30125,0de78c9466c246deaffabd7c7948c6b1,42366012e51b7d9f
train_fake_6JW0CNTQUF.jpg,fake,train,train,train/fake/6JW0CNTQUF.jpg,29447,2c46f8f745e6f6ac81726fcc597141a4,0bb5f4d28289878f
train_fake_6JXK8KRAZ5.jpg,fake,train,train,train/fake/6JXK8KRAZ5.jpg,21793,714b94cd122b523e86e968d3d1376692,3ff44087670e869a
train_fake_6KHJI3MGSB.jpg,fake,train,train,train/fake/6KHJI3MGSB.jpg,23303,ec3cab2e28fffee7a7289506d9add71c,421f24f079370bcd
train_fake_6KLV4UQ884.jpg,fake,train,train,train/fake/6KLV4UQ884.jpg,24879,d613962040f4c3494e306e8cc7af4387,6b5a6125656586ce
train_fake_6LCCY3XK5G.jpg,fake,train,train,train/fake/6LCCY3XK5G.jpg,26707,878d8c83a27e526175751814ff667aa7,65b51af6385a9688
train_fake_6LQCPHAM8D.jpg,fake,train,train,train/fake/6LQCPHAM8D.jpg,24478,c2c1f5b987d53ae224e209edd26dcf8c,62c22faa25273ccd
train_fake_6P0LW23H13.jpg,fake,train,train,train/fake/6P0LW23H13.jpg,25981,89d2021d346f60f4c8e4e3b53f93e3f6,68af75a5646186ca
train_fake_6PDBXRRVJV.jpg,fake,train,train,train/fake/6PDBXRRVJV.jpg,27392,d948787e8bc1a4b2a7ea550764601598,552f7074f009c38f
train_fake_6PUZB0JXK0.jpg,fake,train,train,train/fake/6PUZB0JXK0.jpg,27533,10e2cb71a0693c94bd2e58b6550d4e4b,7ce26ba52566a486
train_fake_6Q98IRVTKM.jpg,fake,train,train,train/fake/6Q98IRVTKM.jpg,32565,049751ed75ef79d394347e13034317cb,2d9636d07149d9cc
train_fake_6QMNY78TQT.jpg,fake,train,train,train/fake/6QMNY78TQT.jpg,31769,87eaeeeb9e6b02ace3bad06a34b8a57b,243f72c2991c788f
train_fake_6QXHJWCK7C.jpg,fake,train,train,train/fake/6QXHJWCK7C.jpg,37647,b1b283332416552bf76d8d3e23450dd5,4d38f26125f5c28d
train_fake_6R5SYPRQW2.jpg,fake,train,train,train/fake/6R5SYPRQW2.jpg,33924,50c27105cd5cd925f133843465f77013,4a25fd12d1538a9d
train_fake_6RAKR6L50S.jpg,fake,train,train,train/fake/6RAKR6L50S.jpg,30942,351eb65d27b8fe465b7d945b3e0d6d57,359dbab0a0e2a78a
train_fake_6RTNS9QG2K.jpg,fake,train,train,train/fake/6RTNS9QG2K.jpg,23556,2fa745cbdb55b9e65daed1345075f7a9,5a2531b633c8cf8c
train_fake_6SGSKWNW3U.jpg,fake,train,train,train/fake/6SGSKWNW3U.jpg,37680,f5d8e674b568462637a009b06c0da7dd,415bc0ba2921f39f
train_fake_6SUWUX0ER3.jpg,fake,train,train,train/fake/6SUWUX0ER3.jpg,31612,e2a27d6e29860bb21d7e713f8dc6ea95,1f6430b732cccf84
train_fake_6T4FHWX9VY.jpg,fake,train,train,train/fake/6T4FHWX9VY.jpg,30238,bae51a0ea5839864691a75a02e7fa8bf,1ff4e4d24289da89
train_fake_6TEKKJQ752.jpg,fake,train,train,train/fake/6TEKKJQ752.jpg,31001,0510683032b1a307c4d801c567a9eeea,42a7f89792085fd4
train_fake_6TF5QFW25E.jpg,fake,train,train,train/fake/6TF5QFW25E.jpg,27678,662ab55833510d28e8e8a1407675e905,731a0f216d2ad58d
train_fake_6TU5SWNNC1.jpg,fake,train,train,train/fake/6TU5SWNNC1.jpg,26449,52dd9c0b6b57735b9dcb65d631151a54,0f347eb27033c2c9
train_fake_6U01LFC15P.jpg,fake,train,train,train/fake/6U01LFC15P.jpg,25831,82f95a5f19e4ebb9ca204cb33cffc9cd,5f3d74706021e2da
train_fake_6U49VCVVSQ.jpg,fake,train,train,train/fake/6U49VCVVSQ.jpg,29973,b9ad4280650a8246318c0c4bb1a52482,1f58272277658ac6
train_fake_6U4JCWNDUK.jpg,fake,train,train,train/fake/6U4JCWNDUK.jpg,26177,b4cb8367fdcd01f40229710c9d9d9ea7,3ee1b0a276a4c39a
train_fake_6UEC6WCJEN.jpg,fake,train,train,train/fake/6UEC6WCJEN.jpg,34822,23d15d3728acba8eb1a8a8fa4b4be09a,4b282fb0705fa38b
train_fake_6UL0N3G18C.jpg,fake,train,train,train/fake/6UL0N3G18C.jpg,27406,7298c1608c5bcced21bc4d895247846a,4b0a6e74703a72da
train_fake_6VGEM383VP.jpg,fake,train,train,train/fake/6VGEM383VP.jpg,24707,fa91517db9294a3c7276c02e39677b28,1a5a712b275c839d
train_fake_6VHB9TY1N1.jpg,fake,train,train,train/fake/6VHB9TY1N1.jpg,30225,45e1d02b7d7b60ff178b0d3a14d83ae1,188e69f727b026d8
train_fake_6W0MO0YSG3.jpg,fake,train,train,train/fake/6W0MO0YSG3.jpg,32094,683eb5d6fb315c65c8f530866bd9cf1b,0fa1b4c3d29c9798
train_fake_6WV74M54JN.jpg,fake,train,train,train/fake/6WV74M54JN.jpg,26393,722fb45cc87a5b700d818dadc4bdd4d7,73542baa2e69868d
train_fake_6XCVRZDIYO.jpg,fake,train,train,train/fake/6XCVRZDIYO.jpg,25217,8c8181a33de7298aaf162f782f343719,3dc8c0c787c08fd9
train_fake_6Y8LWYL4DF.jpg,fake,train,train,train/fake/6Y8LWYL4DF.jpg,26722,da45aa2201362f135c58ce1919abd0fb,0c8cbd8ec68d4e66
train_fake_6Z65DU7MJB.jpg,fake,train,train,train/fake/6Z65DU7MJB.jpg,33691,9c24b031f13649fe7862c6c669fbb4ef,29dfde1ef8212920
train_fake_6ZNGVCQORR.jpg,fake,train,train,train/fake/6ZNGVCQORR.jpg,28199,3168e9fb40c9c5c7cfa1b7e2ba841c2c,0fba3cf4f02ac2c1
train_fake_70AT5ZERR0.jpg,fake,train,train,train/fake/70AT5ZERR0.jpg,38820,2cfdcbaf820016521347d6b70a96d9e4,12ec42c486df9e9a
train_fake_71P74CF8OF.jpg,fake,train,train,train/fake/71P74CF8OF.jpg,27172,fdcc57a70710774bb92640e05e8d8b1d,5c79e127e700cfc0
train_fake_72393I9AUB.jpg,fake,train,train,train/fake/72393I9AUB.jpg,23643,2dab12517babe1cb69124c6010e2e74b,4f3c7412f00bd789
train_fake_735XE5BPSU.jpg,fake,train,train,train/fake/735XE5BPSU.jpg,28814,7a876f16e2929c1cb8471ff16bed9647,7fa031b33289c58e
train_fake_73BHFYNVZI.jpg,fake,train,train,train/fake/73BHFYNVZI.jpg,31195,54044cd6602512d96a67bc92aff9efa1,2a0e71f52585d687
train_fake_73LYMICX4O.jpg,fake,train,train,train/fake/73LYMICX4O.jpg,27112,e5687e85430fe0cd217af153e6557d0d,5f5d60742330cb8e
train_fake_74JB35NEJM.jpg,fake,train,train,train/fake/74JB35NEJM.jpg,23360,f4c45bb01dbe89d45ea258731863cfea,0a7ea561c6259e8e
train_fake_74SXP11JX9.jpg,fake,train,train,train/fake/74SXP11JX9.jpg,31134,58719d57ae01638c579bdb97bf4b0b8b,4aa93fa976750381
train_fake_75IXFRFE8Q.jpg,fake,train,train,train/fake/75IXFRFE8Q.jpg,35485,f5c87bb4fe5c343ff460fcb05c4868d0,3d097cf6f02242da
train_fake_75PMG02LTZ.jpg,fake,train,train,train/fake/75PMG02LTZ.jpg,25707,7c4e740a59c4a2dde6cb74783c6e2812,46add052533f50ce
train_fake_75QSHCO87Z.jpg,fake,train,train,train/fake/75QSHCO87Z.jpg,25082,0ae3e86bb0475568058533bb83ec8ba0,58e12ba7a58497cc
train_fake_766QPM581G.jpg,fake,train,train,train/fake/766QPM581G.jpg,23212,a0ccf0d1466e91aa61d3b642a2b90eaa,1a6c61a6e11dc39d
train_fake_76BSOLPEAG.jpg,fake,train,train,train/fake/76BSOLPEAG.jpg,27330,09501321195a87313d4d75cd1b75e3aa,16cd6a63286d25ce
train_fake_771KMSLZXX.jpg,fake,train,train,train/fake/771KMSLZXX.jpg,24758,58abaf46256ff20baaa3d09c34ee0e86,0bdebda07421d2c9
train_fake_78OUFKCBYZ.jpg,fake,train,train,train/fake/78OUFKCBYZ.jpg,31004,ac950282914cffb2456b3a114ef7dbab,186fb125e035c796
train_fake_79LVI4D7XM.jpg,fake,train,train,train/fake/79LVI4D7XM.jpg,31176,fe0681c7b4e7ff9f2cbe38a8cb80b6be,0fb43882b59cd6d8
train_fake_7ARURAJTIU.jpg,fake,train,train,train/fake/7ARURAJTIU.jpg,35418,6679f23b1d7dd635a5d50068a06fa694,14aa23e1e4769793
train_fake_7BUCWOBN3L.jpg,fake,train,train,train/fake/7BUCWOBN3L.jpg,25206,62a30a7a8108fd3ae38917fbde1e7ffc,2fbd7cb43072a282
train_fake_7DD43FXPRS.jpg,fake,train,train,train/fake/7DD43FXPRS.jpg,32486,f2a1d13797196b3ca373e17929596b6f,2a6afd97170b0295
train_fake_7DH5RJN2CT.jpg,fake,train,train,train/fake/7DH5RJN2CT.jpg,34853,d340420be15d246781b646356f1f2115,0a9534f7243e969a
train_fake_7DUTM958FV.jpg,fake,train,train,train/fake/7DUTM958FV.jpg,31391,57f6a08aec86cd018a2187bbe712f4a8,4b952596600ba3df
train_fake_7E69LFA6TZ.jpg,fake,train,train,train/fake/7E69LFA6TZ.jpg,29337,07bcad675d7966563679c9137bdfd3d5,4b85b47fb008929f
train_fake_7EEJNBYE6V.jpg,fake,train,train,train/fake/7EEJNBYE6V.jpg,29582,2ab624fc5e960d1c25035017a19e4bfb,3a7a6ae26138c30f
train_fake_7FESIJ8N5F.jpg,fake,train,train,train/fake/7FESIJ8N5F.jpg,30807,bdb26323cac798725362cad33fa301a7,4f302d32630f8bdc
train_fake_7FOJVFY4G0.jpg,fake,train,train,train/fake/7FOJVFY4G0.jpg,21813,2da61ead8af18b0ad852afdda2d0a8b6,6a78a7a5a5a58686
train_fake_7FR1B482PP.jpg,fake,train,train,train/fake/7FR1B482PP.jpg,30140,d39a0a2623a5c8b10b34562917552934,0f3c31b4f09dc2cc
train_fake_7GFBQD6ST0.jpg,fake,train,train,train/fake/7GFBQD6ST0.jpg,32067,9eacd900b97ceb0dd4fc070ccb8e3710,28eaa7a526a6d68a
train_fake_7GKNFMKQMB.jpg,fake,train,train,train/fake/7GKNFMKQMB.jpg,20372,48012a91bfaf3f5ebb455925f138bf6c,574a2fa9a414b399
train_fake_7GVPKAJ9HP.jpg,fake,train,train,train/fake/7GVPKAJ9HP.jpg,32295,2b1f5dbfe638edaa3fb1a935922bd9ff,5ae1b197994ce6c0
train_fake_7K32QXNJJ6.jpg,fake,train,train,train/fake/7K32QXNJJ6.jpg,29926,a656ea4371cac4a82b8c6a4c31ccb621,59ae7d22a40b6b86
train_fake_7K9ERUVU1Q.jpg,fake,train,train,train/fake/7K9ERUVU1Q.jpg,35350,f1384dd4ae5102b3654ec6a64f814b52,09e22be6369c8e8e
train_fake_7KHI97N9AJ.jpg,fake,train,train,train/fake/7KHI97N9AJ.jpg,26615,88b5dba880b5dd0f7b333aa88d2ae5a6,5f3370b26381d6c8
train_fake_7L1EEKAYXO.jpg,fake,train,train,train/fake/7L1EEKAYXO.jpg,24188,c6253cab2261aa8959cd8ef0daa6664c,69b443b4133a93da
train_fake_7LBKDMMOYB.jpg,fake,train,train,train/fake/7LBKDMMOYB.jpg,36408,b2cf15407e4891741665f254bec4b1f1,09f1a0c7d7ca8f88
train_fake_7M08SLRMG4.jpg,fake,train,train,train/fake/7M08SLRMG4.jpg,25895,84e4b0f2f220263e144b13875ed2b01e,37a7bc7f704880c8
train_fake_7N2G16DXGA.jpg,fake,train,train,train/fake/7N2G16DXGA.jpg,24863,7474cca577fc821190d675f31ca29cb1,1e6571879c4c638b
train_fake_7NBXCJHLUO.jpg,fake,train,train,train/fake/7NBXCJHLUO.jpg,33253,9e24848c7294d24c509e7359568f9828,46d087dbd05bb2c8
train_fake_7OHBKM9B85.jpg,fake,train,train,train/fake/7OHBKM9B85.jpg,25126,969748f3fcb923c7aac4bb37996d5080,0b567ef070a9938a
train_fake_7OMEKQR3TT.jpg,fake,train,train,train/fake/7OMEKQR3TT.jpg,34414,476ce50c7a5e12905e4d61e07d466ea9,5f286126653ad68e
train_fake_7PMQ6V1DXC.jpg,fake,train,train,train/fake/7PMQ6V1DXC.jpg,37273,e4159c75354c0b6adb714906959f0144,0bf960326239c3db
train_fake_7PP8HSAAFF.jpg,fake,train,train,train/fake/7PP8HSAAFF.jpg,30613,d8f6a682210fe6fe60b8de2f2224874a,4b7134e3638dd988
train_fake_7PY450385C.jpg,fake,train,train,train/fake/7PY450385C.jpg,25934,44cffbf91a5284d45ab17999b9d0cff1,6a9c63216525678f
train_fake_7PZLAQNBKN.jpg,fake,train,train,train/fake/7PZLAQNBKN.jpg,24571,3a677f85eb970a57130fc0f54ff4ef05,2f8294b57a25d28e
train_fake_7QAYDKKMQQ.jpg,fake,train,train,train/fake/7QAYDKKMQQ.jpg,41979,4022177c2d8a3df8973e6d5620a84c1b,4f0ae916f01ec2da
train_fake_7R3I016295.jpg,fake,train,train,train/fake/7R3I016295.jpg,35691,4115bebd5d6334e0ae3a800ee6a1d689,3464f5c0f2c4ead4
train_fake_7R8UBEBIP2.jpg,fake,train,train,train/fake/7R8UBEBIP2.jpg,30231,6e732bad3382a336a0f429634cf72ff7,3ae8e18544f49e9c
train_fake_7RDLDR2ZK4.jpg,fake,train,train,train/fake/7RDLDR2ZK4.jpg,22779,b5c77a3b77cf8d6f3eae27786ba0d57e,3f9378b04bd04b94
train_fake_7RXJVB0KR1.jpg,fake,train,train,train/fake/7RXJVB0KR1.jpg,28431,05b59e9a611819ecaea1341530cf0817,4e807cf2202bb39f
train_fake_7SIHHL2T4H.jpg,fake,train,train,train/fake/7SIHHL2T4H.jpg,27871,7194d8dcc5784d7b33989f5ac24f2a2b,68a87d7720acdf80
train_fake_7STUJNBSSV.jpg,fake,train,train,train/fake/7STUJNBSSV.jpg,23423,68d45507efc1659433efc99b9cd7d5d6,4e213c7320df849f
train_fake_7T1G29A7J0.jpg,fake,train,train,train/fake/7T1G29A7J0.jpg,26584,67baf40652d2b2cf2161e0fb26d831c2,1e6169a6a5546ada
train_fake_7U64KMRJ6S.jpg,fake,train,train,train/fake/7U64KMRJ6S.jpg,39547,a3b137b4900356658383741c2ab688a8,4f98603a6728c6cf
train_fake_7UJXLKAW1P.jpg,fake,train,train,train/fake/7UJXLKAW1P.jpg,29399,4b47d62af30014c06b0437943a9d6016,0fc0d003cb5fe18f
train_fake_7V31Z0VEND.jpg,fake,train,train,train/fake/7V31Z0VEND.jpg,27943,915b972bca6028c2baf92ba1ed41d780,72c0a3a56516de8e
train_fake_7VA4D2HZ65.jpg,fake,train,train,train/fake/7VA4D2HZ65.jpg,29502,fd5d5abe1cdcc5dafc831f0d93a7e517,1bf472032758dec8
train_fake_7VIUS0FZ0J.jpg,fake,train,train,train/fake/7VIUS0FZ0J.jpg,24392,c8e1ed08209f40ff046d4192d85d93c1,02be3eb0705353cb
train_fake_7VWUCHUATI.jpg,fake,train,train,train/fake/7VWUCHUATI.jpg,29226,50560f44f4b12978d70da117207d4b5d,68b98397908a9ece
train_fake_7WCJP7GSA7.jpg,fake,train,train,train/fake/7WCJP7GSA7.jpg,22169,b488df063ccfa53f6787e0e3454f5ec9,001a37be3118fb9b
train_fake_7WG0ZUUZQG.jpg,fake,train,train,train/fake/7WG0ZUUZQG.jpg,29082,45d38bd2a2c2d5037b7c381e387a55c8,2c8935b4617637d2
train_fake_7WJRTXWW3S.jpg,fake,train,train,train/fake/7WJRTXWW3S.jpg,26305,624248c53fce2de8fd6c37aa4234e546,403fb738303fd388
train_fake_7X33P4W9UZ.jpg,fake,train,train,train/fake/7X33P4W9UZ.jpg,24400,49d704b2e5bb3a1e236a737ed5394873,6a8f3560312cd39b
train_fake_7Z237P827W.jpg,fake,train,train,train/fake/7Z237P827W.jpg,24891,ba43d9bc998faa7c9077f6e1b8b4f5af,4b3e3513f00dce8c
train_fake_7ZDCB3AQBG.jpg,fake,train,train,train/fake/7ZDCB3AQBG.jpg,27622,7146b75b5c2e0d087210ed3068445f3b,688554a552abd19f
train_fake_7ZMMYWA37I.jpg,fake,train,train,train/fake/7ZMMYWA37I.jpg,28537,d28529b6ff0bb7d4222357a6279afa66,493827a0b5859ecf
train_fake_7ZPO7HVZLA.jpg,fake,train,train,train/fake/7ZPO7HVZLA.jpg,30316,203ddfe2bb0b31d09a729093d99f91d5,09a634d332cd93ce
train_fake_80LJEQSSU9.jpg,fake,train,train,train/fake/80LJEQSSU9.jpg,24113,944374b303e55054b2850c607a49b60a,783521f70283da9e
train_fake_816VD2MVCN.jpg,fake,train,train,train/fake/816VD2MVCN.jpg,29363,87aaccc5f5d9e06a4b4f74cf8bdb99c3,4ee07887331b139b
train_fake_81U03D0NZF.jpg,fake,train,train,train/fake/81U03D0NZF.jpg,32713,858d846059c0b46363edb2ab1efd4e15,1ee570a222fa97c8
train_fake_83MTJK02KX.jpg,fake,train,train,train/fake/83MTJK02KX.jpg,24604,25120323fc69cf60a4b971a14c3b8527,52ce636125615adb
train_fake_83OMD4QYW7.jpg,fake,train,train,train/fake/83OMD4QYW7.jpg,29587,a759a9f1a1b1a4813df5424be022b3ca,7fbfa092e301c0c9
train_fake_83QZH7HV2H.jpg,fake,train,train,train/fake/83QZH7HV2H.jpg,24820,570d04d33af27fa9bc9eac1c3a38a707,69a1f4b0d29a9aca
train_fake_841OPVD52X.jpg,fake,train,train,train/fake/841OPVD52X.jpg,32669,10d17cc5e6e7d74c266a86bb7c01d956,7079e3d1c51a6169
train_fake_84JAS97C7I.jpg,fake,train,train,train/fake/84JAS97C7I.jpg,27208,87ca984ca1d437b265800b0b784084ac,6abb7ca16560a788
train_fake_85GE9K2HRJ.jpg,fake,train,train,train/fake/85GE9K2HRJ.jpg,26656,483148d0c6054fe86937fa94dce046fd,61f9ad05e02ff284
train_fake_86DZY0BQ51.jpg,fake,train,train,train/fake/86DZY0BQ51.jpg,29112,069a19c35ce4776840c811908397175d,25bab620a20fd6ce
train_fake_86TTMH3E9F.jpg,fake,train,train,train/fake/86TTMH3E9F.jpg,26385,952e0c25fa166f14393a0fc421fedce3,5e213463b44e96da
train_fake_879BFGXTFT.jpg,fake,train,train,train/fake/879BFGXTFT.jpg,24471,f6abaf5dab158d52505939f6b5af3e28,386012f413bc9bbe
train_fake_87AGEO7AW2.jpg,fake,train,train,train/fake/87AGEO7AW2.jpg,27836,e021a9f072b653e8ba8376255de170de,4e5b3076337103ce
train_fake_87M4A3IPS1.jpg,fake,train,train,train/fake/87M4A3IPS1.jpg,25436,ad064ced2f454014cea9aaf44e09b55d,064f762ef03e038b
train_fake_87Y0O199WP.jpg,fake,train,train,train/fake/87Y0O199WP.jpg,23559,7b00d354f81eae6f8e60baa78eafdbc0,1b6c3571331b9698
train_fake_88RCXAEIU3.jpg,fake,train,train,train/fake/88RCXAEIU3.jpg,28244,fd54743bb4a2e0546f2bd894670b1cde,2ddc4ab641b6d289
train_fake_895F1NB27F.jpg,fake,train,train,train/fake/895F1NB27F.jpg,23502,c08a09e3029b85c42e4686b922b80d43,2d3f70b072b0c393
train_fake_89B5Z2QHWS.jpg,fake,train,train,train/fake/89B5Z2QHWS.jpg,26590,bc7649a2e66f433eda797bffaac4d146,35f5d083838f8f88
train_fake_89XM6SK8Q2.jpg,fake,train,train,train/fake/89XM6SK8Q2.jpg,32607,91e655a631234860f64babc8f9c9804c,4bb425326238f6da
train_fake_8A4AB1JVHK.jpg,fake,train,train,train/fake/8A4AB1JVHK.jpg,26875,5983e38c12bf000f2d3e6ff8e8d7e90c,1fd26823666dc61a
train_fake_8AEETFVTU5.jpg,fake,train,train,train/fake/8AEETFVTU5.jpg,25253,8fa8f2abf84cd3e9767c07a0a8673fdb,4f2b7432f42492d6
train_fake_8ASA16DFID.jpg,fake,train,train,train/fake/8ASA16DFID.jpg,32336,aa3c0b36a576744e4b180308544ff18c,1eea69e12462878f
train_fake_8C3HOIAW6V.jpg,fake,train,train,train/fake/8C3HOIAW6V.jpg,27394,38459b2fdc25129fb44b48d5cb7fb627,44276eb62cbc889e
train_fake_8C3THONVOV.jpg,fake,train,train,train/fake/8C3THONVOV.jpg,28144,6a97a2bfc6e2fcb082eda498f5f8c22c,529f6c03f901ca8f
train_fake_8CEL78VJAC.jpg,fake,train,train,train/fake/8CEL78VJAC.jpg,24001,7936f34e8695d0f46dc7b627b2b2878f,401f243f373d329c
train_fake_8CEXG99W9M.jpg,fake,train,train,train/fake/8CEXG99W9M.jpg,20384,37eac07ed3935f7e5166798f76da3db4,0b7a3cf2e09ccb90
train_fake_8D4QSYI1ZV.jpg,fake,train,train,train/fake/8D4QSYI1ZV.jpg,32958,35e94ba249927b48f6bb5f3637284b55,1a6cd2e4656bc2c9
train_fake_8D90SZS5LP.jpg,fake,train,train,train/fake/8D90SZS5LP.jpg,30442,89607c0fbfa835e65f4ff753befa2bc5,0c3d30326229f7cf
train_fake_8DAK414GN8.jpg,fake,train,train,train/fake/8DAK414GN8.jpg,29806,aa31bd1a06eb98ca9715d86230cdc7a3,18e47167252ce2de
train_fake_8EZXYRVS7O.jpg,fake,train,train,train/fake/8EZXYRVS7O.jpg,27679,ca7d3e2811c3c97818bce71d7e50ee63,0b3464c2cf99999b
train_fake_8FFWK9A1J5.jpg,fake,train,train,train/fake/8FFWK9A1J5.jpg,24673,a32b23d5dff84456a0beec6da073e2fe,7a3825a1756157c3
train_fake_8H5UQ65D83.jpg,fake,train,train,train/fake/8H5UQ65D83.jpg,32827,b594a136ee61205636fa5135df85d400,0a232bb77d48a8dc
train_fake_8J9JQRH02P.jpg,fake,train,train,train/fake/8J9JQRH02P.jpg,33622,213f5eaab039b57189f8e4e8b6f16894,29d4d6a5f2dc818a
train_fake_8JLG4XTU7X.jpg,fake,train,train,train/fake/8JLG4XTU7X.jpg,31246,cb6305ec3c7043ef1fa486ca789dcd1e,787a65fe1620eac0
train_fake_8K2OJB5XKB.jpg,fake,train,train,train/fake/8K2OJB5XKB.jpg,28624,c74d9d33fa493290a18d2918e9aa9730,1e602ba3a1d4aece
train_fake_8K860FT33I.jpg,fake,train,train,train/fake/8K860FT33I.jpg,27893,15cd7efbafb703652e972384f470c2c1,5caa61866762869f
train_fake_8LKQZPDLSZ.jpg,fake,train,train,train/fake/8LKQZPDLSZ.jpg,24281,4575514c26a4f9d3ad8d53538338c1b2,12742b6534659b9b
train_fake_8LM4QGPSRS.jpg,fake,train,train,train/fake/8LM4QGPSRS.jpg,29307,d9f716db71c87a0440f8b160d0cbac2f,0abe55333e65c489
train_fake_8NX3XT8AR5.jpg,fake,train,train,train/fake/8NX3XT8AR5.jpg,26316,646b8764a51a93ae8be703ebffb1dc66,2db57ea0305bb0d8
train_fake_8O25PAI9JA.jpg,fake,train,train,train/fake/8O25PAI9JA.jpg,30252,823ded8950825bc9d42b762c5ea29c0a,7125f1e5e4a386d0
train_fake_8OVVASFNDL.jpg,fake,train,train,train/fake/8OVVASFNDL.jpg,27132,892254df9bdefbff8af58a830d1c0814,7f878aea08783ca8
train_fake_8PHSFJL8M7.jpg,fake,train,train,train/fake/8PHSFJL8M7.jpg,26164,866e3f42f03caa83f91096af3ad3802e,1df668e364c982c9
train_fake_8QQYRIJFXA.jpg,fake,train,train,train/fake/8QQYRIJFXA.jpg,26970,421af8abb0946aca120dcb0c486bf665,0d283e10f3b1cfcc
train_fake_8R1D299ZWT.jpg,fake,train,train,train/fake/8R1D299ZWT.jpg,24968,3dad164a562b0291b8ba5bffe9b721c7,1e697867314a879c
train_fake_8R62QU94GY.jpg,fake,train,train,train/fake/8R62QU94GY.jpg,32510,0020f45375d7a5b543eb832bd49c8762,50c2f34a3149a7dd
train_fake_8RWST4D5Q3.jpg,fake,train,train,train/fake/8RWST4D5Q3.jpg,25088,db77b1791656db7a4c9739c96f3c493d,1b266963745994d9
train_fake_8SFZBF0ACJ.jpg,fake,train,train,train/fake/8SFZBF0ACJ.jpg,29906,f24ff5f5073b97e7a748cb0036f76c05,0a1a693f75690ad3
train_fake_8SHZ88ACUO.jpg,fake,train,train,train/fake/8SHZ88ACUO.jpg,25703,73005831c1e805f35b754503e836c37f,68f88785d69c3a92
train_fake_8SQKNQZ04W.jpg,fake,train,train,train/fake/8SQKNQZ04W.jpg,33063,aa2882a45f7280d7c11d443f08cd2431,5e21f42273585bd8
train_fake_8UA48VGJB0.jpg,fake,train,train,train/fake/8UA48VGJB0.jpg,25046,4a26dba7896416df8b5807d52bd78ae4,18b2656b664eb589
train_fake_8UC73GW1CZ.jpg,fake,train,train,train/fake/8UC73GW1CZ.jpg,24501,a261e6050f8b24577554896ed468ce45,6aad15e30c55a29d
train_fake_8V9VZFVTOO.jpg,fake,train,train,train/fake/8V9VZFVTOO.jpg,28019,8b9025f9cefd78a5b150cfc8356651dc,23a7a170357887cb
train_fake_8WMAGFTG7A.jpg,fake,train,train,train/fake/8WMAGFTG7A.jpg,33647,31d0b9ee11af775f1abc89612179cf8a,5aa461a62776969a
train_fake_8XWQXHWJO1.jpg,fake,train,train,train/fake/8XWQXHWJO1.jpg,25506,dc45caca52f8b7f3d2e35f48371b6380,506361f4ae6f1e88
train_fake_8YF86EDMA9.jpg,fake,train,train,train/fake/8YF86EDMA9.jpg,27117,5212979a19150adf3332fc2b42d13a85,06fc2da33c489b9a
train_fake_8YH16RAL7J.jpg,fake,train,train,train/fake/8YH16RAL7J.jpg,30149,f20129b8acb84b104510be74a72529a6,0bb45492828b8fdf
train_fake_8ZMG0W92N1.jpg,fake,train,train,train/fake/8ZMG0W92N1.jpg,34750,e3a890a3a8d45e355e1f1b95e3e22b6d,4b353d30303f96d2
train_fake_8ZZ3X2N58B.jpg,fake,train,train,train/fake/8ZZ3X2N58B.jpg,26220,63271f9cc07e89213c3ebaf75477f1d6,683d2ab522ad968b
train_fake_900TPJJVLK.jpg,fake,train,train,train/fake/900TPJJVLK.jpg,27451,0854794941ba5285b7af0fda825113bc,0a297c67356cc6cc
train_fake_90BW38X83Y.jpg,fake,train,train,train/fake/90BW38X83Y.jpg,36003,a54a9bcb6343a7f7fc3fc8a054e91862,1ef4602769646f8c
train_fake_915W76TT7F.jpg,fake,train,train,train/fake/915W76TT7F.jpg,26498,c95d467d28959f85bf2b9d85b09b6b7c,17fcef2de520a208
train_fake_91B27U5CG9.jpg,fake,train,train,train/fake/91B27U5CG9.jpg,36198,dab4591154e3e489b42b87046f641491,6db4a4f0729187c9
train_fake_91NPQQ3M1G.jpg,fake,train,train,train/fake/91NPQQ3M1G.jpg,28670,82117357b9424809ccb8fdfde0a6461c,0a1ea227f721df82
train_fake_91PPB77EMR.jpg,fake,train,train,train/fake/91PPB77EMR.jpg,32302,618e22b7d7408a46069c4da56ca66cae,386861e5c69fd285
train_fake_91QNS6P99T.jpg,fake,train,train,train/fake/91QNS6P99T.jpg,23601,17f948c59b78d2bf995cdb8b4fed598f,6878653122df82de
train_fake_92S83QKQ6D.jpg,fake,train,train,train/fake/92S83QKQ6D.jpg,25432,db6942fc7e58852ef6f268f8032b91bf,7a61e0c78718b39a
train_fake_93MOQY7G1P.jpg,fake,train,train,train/fake/93MOQY7G1P.jpg,29836,459f4ef4bc2107532506c1beedd34a80,0bb4f5f229cb81c8
train_fake_93X93FRS9Y.jpg,fake,train,train,train/fake/93X93FRS9Y.jpg,29112,4a42a85e60abdfc76159f29412e863c1,0fc024d7275cd798
train_fake_948BQUAJ3F.jpg,fake,train,train,train/fake/948BQUAJ3F.jpg,23991,f3fba3ce146eb5dac82eb6241b9dbc83,6a6a67a134e594c6
train_fake_94P3FV98AL.jpg,fake,train,train,train/fake/94P3FV98AL.jpg,35625,056e40c40f005c699d397fa56bae889a,1e809f5f7c1831d1
train_fake_94TWNOX3KP.jpg,fake,train,train,train/fake/94TWNOX3KP.jpg,26770,bb996b9faa788a690e7bd4e66922174f,58666ba66510cadb
train_fake_95CIPMCVNC.jpg,fake,train,train,train/fake/95CIPMCVNC.jpg,32354,7923904d9ee546a270f0a1460e83024f,19e470b2637b438b
train_fake_95ESMN19O3.jpg,fake,train,train,train/fake/95ESMN19O3.jpg,28906,b77a6306ad926d33fd0ba991dc9ec1a5,28a8e1e5e6d5d492
train_fake_95S6H89GU1.jpg,fake,train,train,train/fake/95S6H89GU1.jpg,30405,e693cac3531e6f003e0e7b242d884a40,29af3e4ab464d00f
train_fake_96NBCLEX2A.jpg,fake,train,train,train/fake/96NBCLEX2A.jpg,24248,e7e4cd3368b53db85fda36fbaa4d9565,43367c36e48fd098
train_fake_973WZYDZQW.jpg,fake,train,train,train/fake/973WZYDZQW.jpg,27261,8d1afb88786ab9472eda902b65432a70,7a2b21a12563d68f
train_fake_97B3U6CJU0.jpg,fake,train,train,train/fake/97B3U6CJU0.jpg,37934,19987e14126d48c4a70de04e6ae47ac0,1a29a1e72461d6dd
train_fake_989U8LRJBX.jpg,fake,train,train,train/fake/989U8LRJBX.jpg,30820,cf6af3aa9625766a280ff01821ff516e,4ef070c203cb8fce
train_fake_98S631AKNL.jpg,fake,train,train,train/fake/98S631AKNL.jpg,27254,2f00d77bb983cd3bd9d09bdac090d8a0,642f3638b208b6de
train_fake_9983FGLOVZ.jpg,fake,train,train,train/fake/9983FGLOVZ.jpg,25551,ba3e4586452450032fbb6767451a8a85,782c75a536e196c2
train_fake_99GV0I3AKD.jpg,fake,train,train,train/fake/99GV0I3AKD.jpg,38863,d1b0efb10eb250a6419d0f97f7f344b5,6a8ba554a131d2db
train_fake_9ARGX02GVK.jpg,fake,train,train,train/fake/9ARGX02GVK.jpg,29303,9f83205f2b3e1a8653899c9ce4f9061b,5b7064e326183e9b
train_fake_9AWYALAOSF.jpg,fake,train,train,train/fake/9AWYALAOSF.jpg,30662,299b41e62341b696052ae8662b9bceac,5fb928e16546c6c8
train_fake_9BBWBR5UTG.jpg,fake,train,train,train/fake/9BBWBR5UTG.jpg,23749,850e258a1eacfc9fd1b2328b04eb8f36,466c2b47252e178f
train_fake_9CQRYH0BOB.jpg,fake,train,train,train/fake/9CQRYH0BOB.jpg,31865,c41a213551517a55a0fd2924751f8031,65a5b6f85017c2ca
train_fake_9CR8KQO1NZ.jpg,fake,train,train,train/fake/9CR8KQO1NZ.jpg,28039,d26fba5327b25d722f2ad6f5beef577e,5e29a0b317494e8f
train_fake_9DT3RDHZVS.jpg,fake,train,train,train/fake/9DT3RDHZVS.jpg,35442,5e6e31b5ec1114ef9552ff72c90e28f5,109efbe91d48a19c
train_fake_9DXYWMW1O9.jpg,fake,train,train,train/fake/9DXYWMW1O9.jpg,31809,d54b3a411abc1f27b053d4095fc25d55,4d163cf2300b93cf
train_fake_9E2PFTXJPE.jpg,fake,train,train,train/fake/9E2PFTXJPE.jpg,36232,bfac5b7ed6e1d36bfefc3e73e02a4970,5eefe8c6841881d9
train_fake_9E89T8NJ38.jpg,fake,train,train,train/fake/9E89T8NJ38.jpg,24801,55b7576254ec89d06891216dfd0d7c5f,24bf3ef070324387
train_fake_9ELD7NJ4F3.jpg,fake,train,train,train/fake/9ELD7NJ4F3.jpg,28836,d44b47748cd2562fed27624c159a9085,18fe21a165a556cd
train_fake_9ELNBIEYB0.jpg,fake,train,train,train/fake/9ELNBIEYB0.jpg,23879,c34502664831d61e4f6743c6e9c5b142,78ee61a56524968e
train_fake_9EWHGJ54FK.jpg,fake,train,train,train/fake/9EWHGJ54FK.jpg,29153,295217f0861c4370f4306ebfb0654db9,0abd75a266a2d68a
train_fake_9F8Q2XCJGM.jpg,fake,train,train,train/fake/9F8Q2XCJGM.jpg,37830,21972c42a911723d0d8899e042d8fe91,4825259797589fcc
train_fake_9FY0F6N45V.jpg,fake,train,train,train/fake/9FY0F6N45V.jpg,21607,3835332be320860cece4c41424967485,78a521c6a1c6c7da
train_fake_9G9QIO6XYC.jpg,fake,train,train,train/fake/9G9QIO6XYC.jpg,25112,a20ad35d514b93ded9a3ccc7df1303fa,2dfe7092f2c09398
train_fake_9GCSN7DMLG.jpg,fake,train,train,train/fake/9GCSN7DMLG.jpg,29232,b028978571e7fac14e4a94d1046e6000,1a75819f9a0b613d
train_fake_9GHAQP1S43.jpg,fake,train,train,train/fake/9GHAQP1S43.jpg,25898,222563c6a6aeeea536b72dc0f714c5df,6aa53597120b8e9e
train_fake_9H73H7KLEK.jpg,fake,train,train,train/fake/9H73H7KLEK.jpg,30093,1484b9edfc0324d91346b2f7c69a9920,60fa2fe178632a8a
train_fake_9HA7ZD8AB2.jpg,fake,train,train,train/fake/9HA7ZD8AB2.jpg,33431,1359b405adbde6214c7175aa5f92f5d0,1a4550777a6aa5d8
train_fake_9HGYFRSQ6O.jpg,fake,train,train,train/fake/9HGYFRSQ6O.jpg,25900,0d8fc046fa3ccfc87c1ae53278b5e74a,4f1b30b2a14bcacd
train_fake_9IN3CS8JG4.jpg,fake,train,train,train/fake/9IN3CS8JG4.jpg,42520,616f5f894e0be691677cc19435e0d4d0,1a3535965a5c21cf
train_fake_9JDIETLM6V.jpg,fake,train,train,train/fake/9JDIETLM6V.jpg,31802,d9e1d8208af53476e64b3e46832f0ee0,0bad28b6b0d2d3ca
train_fake_9JEQOJWQEO.jpg,fake,train,train,train/fake/9JEQOJWQEO.jpg,25897,1b3f001cb98296a55f8cc9e2f959c455,0bad3c707051f2ce
train_fake_9JKPUC3L5K.jpg,fake,train,train,train/fake/9JKPUC3L5K.jpg,25917,b884cdb38a1c8e4e4f2590c7855b0e6f,4a7869322135c3df
train_fake_9JNMV1EW9L.jpg,fake,train,train,train/fake/9JNMV1EW9L.jpg,31759,6f006867950ec0fa5a167eaa72775d7b,6865eb8fec0805cd
train_fake_9KRTWBK95I.jpg,fake,train,train,train/fake/9KRTWBK95I.jpg,28329,c6237f6a43ad61d7ef92bb0b2596383c,0a28b172b7708bd7
train_fake_9L75DDUW7K.jpg,fake,train,train,train/fake/9L75DDUW7K.jpg,30639,46e0f94c9b19191b09397cc8baf5480d,0b3e2db0743982db
train_fake_9LBEV7RRH4.jpg,fake,train,train,train/fake/9LBEV7RRH4.jpg,26839,d0687ee230c56fd5ae160386e80d83c5,0ab452a177e807de
train_fake_9LF8GZNW0I.jpg,fake,train,train,train/fake/9LF8GZNW0I.jpg,30577,f5f51f9b59c68a817738803627995dca,1e6a617a257083d7
train_fake_9LG9J04ENT.jpg,fake,train,train,train/fake/9LG9J04ENT.jpg,33752,3a2fe2499b8b545dccb8aeeb0de412bb,409b2703774d7c8b
train_fake_9MCCUPN8C7.jpg,fake,train,train,train/fake/9MCCUPN8C7.jpg,29195,3bf464c2557dbd937838a30baa147227,7a4ae1475570d295
train_fake_9MLKCKI56J.jpg,fake,train,train,train/fake/9MLKCKI56J.jpg,30817,8785c0ebce0c1da3b9aa956c61b5ad23,0fb5f452320a9fc8
train_fake_9MWRWEIEWO.jpg,fake,train,train,train/fake/9MWRWEIEWO.jpg,26875,2a1aa1b3ac43111aeb3aef7be76a1113,30f06ba755828f9a
train_fake_9O1SXTT59T.jpg,fake,train,train,train/fake/9O1SXTT59T.jpg,25928,c4b3e723187eafc56747f83067e09aaa,58683df5e0ad8781
train_fake_9PW5URX7KD.jpg,fake,train,train,train/fake/9PW5URX7KD.jpg,26520,07e501c921502502b527130f7382edcd,1e686837f710cb89
train_fake_9PZC89O6L4.jpg,fake,train,train,train/fake/9PZC89O6L4.jpg,29486,876276906d66837700da461eeb1b900c,58e963a726ce868c
train_fake_9RBSI8NMWS.jpg,fake,train,train,train/fake/9RBSI8NMWS.jpg,28402,08103f5ea8462fccc1df1015c928b012,5af860e7624cd598
train_fake_9U0S2LDFZN.jpg,fake,train,train,train/fake/9U0S2LDFZN.jpg,25530,185a2e070f18f18494aeef60b22a2251,5ea863f7a604d28a
train_fake_9U9107W33I.jpg,fake,train,train,train/fake/9U9107W33I.jpg,30819,22da951f2e9f18c08e59aa953e14da03,5ff064a2425d3ac9
train_fake_9W02NP4957.jpg,fake,train,train,train/fake/9W02NP4957.jpg,27805,5a6436647e872701ec619fad3c71feba,1e85611f253d668d
train_fake_9XKW1EG6IG.jpg,fake,train,train,train/fake/9XKW1EG6IG.jpg,34147,8a15231d1fda0c7e34d41a410a5304fe,4baa2da0222b67cf
train_fake_9YBJPWC3D5.jpg,fake,train,train,train/fake/9YBJPWC3D5.jpg,26697,ed00170206de7c0e53391ab360861899,0f502d22757d82de
train_fake_9Z6LDHGIXW.jpg,fake,train,train,train/fake/9Z6LDHGIXW.jpg,33430,740f2ffbd1f8ac180f8667a958b2e62f,2ff4d003f22997c8
train_fake_9Z76HNQT8V.jpg,fake,train,train,train/fake/9Z76HNQT8V.jpg,25662,b39841cf6e4c46e8112bb02ff209dcc3,1e696527e11ec61a
train_fake_9ZF9SBP7VV.jpg,fake,train,train,train/fake/9ZF9SBP7VV.jpg,28438,154385977a61a246a183cf59257acb38,0ffc24377225c689
train_fake_A0HIEWKU0E.jpg,fake,train,train,train/fake/A0HIEWKU0E.jpg,26444,6db69da2c1da67831a998b27a53a64d5,4d3c2fb0f0e916c8
train_fake_A0NK3ZU3K1.jpg,fake,train,train,train/fake/A0NK3ZU3K1.jpg,28446,c63de904e51b326741e4f64f45471f22,5f7834e2f04a92d8
train_fake_A0SP31PTMC.jpg,fake,train,train,train/fake/A0SP31PTMC.jpg,26082,5d800e5d48ab2a67640153f329c8888e,4f3c64e6662c9698
train_fake_A3H5QIG3D9.jpg,fake,train,train,train/fake/A3H5QIG3D9.jpg,29716,47c1737023a1796642ca18f6929dd501,29a8e5f5e4a0c69a
train_fake_A3HAMD0LH4.jpg,fake,train,train,train/fake/A3HAMD0LH4.jpg,30773,f79767b8de589ac7989f02ecebc57923,4f243c323073939f
train_fake_A3NJHW43MA.jpg,fake,train,train,train/fake/A3NJHW43MA.jpg,23725,114a23ed538370768385e0f62a5e7321,2bb5f492c08bc1cd
train_fake_A48SWACQW7.jpg,fake,train,train,train/fake/A48SWACQW7.jpg,28785,d9c6feb00c75a98a5e7613cae377a899,3f0421a7f4a59798
train_fake_A4M28OFY7J.jpg,fake,train,train,train/fake/A4M28OFY7J.jpg,26008,297ae7dfc6eaeac781dbaead543c09e6,5f656066f118c39a
train_fake_A5OR2GAGQ3.jpg,fake,train,train,train/fake/A5OR2GAGQ3.jpg,25780,1c7737a32b4c0fb0b38b13e181a1552a,03ec2ff429719299
train_fake_A60YBAGQOQ.jpg,fake,train,train,train/fake/A60YBAGQOQ.jpg,24945,f56ec2e745db8178927d4b7254285cb7,0b3c7d36207b83d8
train_fake_A68BVK4LVI.jpg,fake,train,train,train/fake/A68BVK4LVI.jpg,26836,fcc7aae37900d43cda34b426e8767d82,5ef824f0f003d6c3
train_fake_A7DP7B2NIB.jpg,fake,train,train,train/fake/A7DP7B2NIB.jpg,22948,3dccc6a424a14d5648bbd17bff7bef1c,1b6469a3e4e2c38b
train_fake_A800QEAZB3.jpg,fake,train,train,train/fake/A800QEAZB3.jpg,30602,e5ff200abd9bae670b9c78fcef602308,0bf534c3944b96c9
train_fake_A88AENXE67.jpg,fake,train,train,train/fake/A88AENXE67.jpg,22014,966dc78525a4b391fbc6dbf4c990ef21,0b5a3436a05ef297
train_fake_A9C8B2SGRC.jpg,fake,train,train,train/fake/A9C8B2SGRC.jpg,29503,a8786a186ebf7a86f330e6bc7ca52728,6f955290324ab38f
train_fake_A9G45P3FE3.jpg,fake,train,train,train/fake/A9G45P3FE3.jpg,25400,ec7ce2968d6fceb69ff1c22d57b33b70,06657c2721729b9b
train_fake_A9XFLO9D8W.jpg,fake,train,train,train/fake/A9XFLO9D8W.jpg,29022,65dfb4ac063cd1567df85e5f548711bb,1a7a7921256976c5
train_fake_AB1ESC1TZ5.jpg,fake,train,train,train/fake/AB1ESC1TZ5.jpg,32509,61915a12ad0f3598c9cb6b559a7af29e,4b3075d2870d748f
train_fake_ABGXLSVT61.jpg,fake,train,train,train/fake/ABGXLSVT61.jpg,28234,2bbf9ff39062ede5051d4049a3493418,06f9e25ba178e189
train_fake_AD45FT31AJ.jpg,fake,train,train,train/fake/AD45FT31AJ.jpg,26705,ed02971fb38af59d6fd2d305cbee2e18,428d8bb5f536928a
train_fake_ADEM7PPN50.jpg,fake,train,train,train/fake/ADEM7PPN50.jpg,30417,8b97b23f054921f26ebcd5e8720b5062,4e203883cb6f629f
train_fake_ADWLIX7O5M.jpg,fake,train,train,train/fake/ADWLIX7O5M.jpg,25516,f8c06082e5d9837e5cc3ede74266f9b9,0b3d7c23a05fd28a
train_fake_AEWFFJG3NA.jpg,fake,train,train,train/fake/AEWFFJG3NA.jpg,31689,4477a14d18a1ad27e1b24430dcfe5258,1a7469366728c3da
train_fake_AFBDZSOLFY.jpg,fake,train,train,train/fake/AFBDZSOLFY.jpg,26753,9fc68887f970230632894c4f0b0c0883,2fe4b082d023db97
train_fake_AFGF3UXZNI.jpg,fake,train,train,train/fake/AFGF3UXZNI.jpg,25348,a29e2844ecabf646d06c8784dda01ec2,709caba9656225ce
train_fake_AFHVN7ZA7W.jpg,fake,train,train,train/fake/AFHVN7ZA7W.jpg,32219,3bd62d6e7a5e8d06a60216bfc0907535,3f603446a548cf9b
train_fake_AG52NP3B3H.jpg,fake,train,train,train/fake/AG52NP3B3H.jpg,28224,2a752f7b8a8de3a3010894236f0eeaaf,1e686163a754879d
train_fake_AGCJ5XEG3G.jpg,fake,train,train,train/fake/AGCJ5XEG3G.jpg,23970,311d72e6abf550e409eb0cfb6411d9f8,6f3b34f0628383ca
train_fake_AGJBYQDUIZ.jpg,fake,train,train,train/fake/AGJBYQDUIZ.jpg,26188,9e0198b811ccdd28e2d4c200cc313a7f,786861a525e187db
train_fake_AGTC7KUNP2.jpg,fake,train,train,train/fake/AGTC7KUNP2.jpg,32395,8fb0e93ee9e98a7db8e83c7a5d421230,2ff6f492708183c9
train_fake_AH81S4EFTJ.jpg,fake,train,train,train/fake/AH81S4EFTJ.jpg,28674,c1ee75e7e218665f1cd116f130a52917,6fa16a90de4235ca
train_fake_AHNJMFE0QB.jpg,fake,train,train,train/fake/AHNJMFE0QB.jpg,26211,b0455894875161a3a57b6f0b4ca12a6f,687aa5a59297d191
train_fake_AIA2CJGFE9.jpg,fake,train,train,train/fake/AIA2CJGFE9.jpg,29404,91c0aea7c1c7cb0aa7d77adbd27e92b8,170678277d6407da
train_fake_AJ9OZD1L3H.jpg,fake,train,train,train/fake/AJ9OZD1L3H.jpg,29020,f8bfd43ac578a5bd023804c8e4f9cd1d,5f407cf260355789
train_fake_AJYRLWE17P.jpg,fake,train,train,train/fake/AJYRLWE17P.jpg,24708,6971fc03d5a773d47d3586168dad743c,2f2f70f6e00c9a98
train_fake_AK94EE89RW.jpg,fake,train,train,train/fake/AK94EE89RW.jpg,29520,cf8d473d4e9a0774fcd651df764b03e6,57dfa0d2c5280799
train_fake_AKKNEKAHP4.jpg,fake,train,train,train/fake/AKKNEKAHP4.jpg,25725,1d83316224a0ea59b4c5075a1af3ea3c,16787825646ca7da
train_fake_ALIHW2L181.jpg,fake,train,train,train/fake/ALIHW2L181.jpg,29153,7c003fb038d327453bb27a1d8ceefac1,7c3a24a1d4ab968b
train_fake_ALOGG5DP87.jpg,fake,train,train,train/fake/ALOGG5DP87.jpg,23772,53315b760fe55fb0e97b923324a7e410,4f3934a566a5d286
train_fake_ALQNKXPRBK.jpg,fake,train,train,train/fake/ALQNKXPRBK.jpg,34027,5f5b9ab08af1c3307b5f9b2921955f60,146a716b2d55a78a
train_fake_ALTH5IHOTY.jpg,fake,train,train,train/fake/ALTH5IHOTY.jpg,34149,4cef2d9bf7486cdeb15279f1e3f94401,5a0f7c34e228f3c8
train_fake_AMZJJIB1LO.jpg,fake,train,train,train/fake/AMZJJIB1LO.jpg,27287,6fb227265879f25e6e4f93bdd5d31068,28e027e1a587e697
train_fake_ANB2JGH3M6.jpg,fake,train,train,train/fake/ANB2JGH3M6.jpg,23484,7614a5cca36386992721cb72ac183675,7a29ab87d2aa2345
train_fake_AQEI3H79KM.jpg,fake,train,train,train/fake/AQEI3H79KM.jpg,30881,5c97bd6700397ef8e6144a440df309c1,7ae869a125e5d2c8
train_fake_AR9QODQN5V.jpg,fake,train,train,train/fake/AR9QODQN5V.jpg,25738,c349b179d911367745baebc77f5510b6,0b6a54b46352d78b
train_fake_ARWHJ0I05G.jpg,fake,train,train,train/fake/ARWHJ0I05G.jpg,27055,8e51453e8d1da19eff23e3ba20d55532,493e3cf4b180d4ce
train_fake_ARXJ3FI9A7.jpg,fake,train,train,train/fake/ARXJ3FI9A7.jpg,32855,b32db9a36b5a4ff4ec04ce191671272c,0d387675720ed788
train_fake_ATFNWSJGPK.jpg,fake,train,train,train/fake/ATFNWSJGPK.jpg,24674,ef2b3f095873169dc3f6d20fe2960300,0b2d3cb67841c2cf
train_fake_AUA6FBGK9M.jpg,fake,train,train,train/fake/AUA6FBGK9M.jpg,29075,c187c937f009687d3a80b249cf4aabc3,48fa7b3370409787
train_fake_AV1KK7MLZ2.jpg,fake,train,train,train/fake/AV1KK7MLZ2.jpg,27013,28843304563207440f4444897d7c5fff,0dfaf4e3e2885c88
train_fake_AV8R3IMIPO.jpg,fake,train,train,train/fake/AV8R3IMIPO.jpg,35869,a662b091008939e53685241186d1655e,14c9e2df7c41d087
train_fake_AVC7LWBALW.jpg,fake,train,train,train/fake/AVC7LWBALW.jpg,29542,86547ea4f39238d222c78e3ea6d6ac74,1aa521a6359e9e9a
train_fake_AWBTPF1PUS.jpg,fake,train,train,train/fake/AWBTPF1PUS.jpg,25061,e285b2f868e009f0f35bc7e23a10e33e,7aa5b193d18ac68a
train_fake_AX2VYLFKXV.jpg,fake,train,train,train/fake/AX2VYLFKXV.jpg,29880,00f26b5438bcb7209b839237cb056757,05b67ef0e051e2ca
train_fake_AXUZZM69XY.jpg,fake,train,train,train/fake/AXUZZM69XY.jpg,27567,1636b82c6b83939130d995d0487e5f35,0fb47c726063c2da
train_fake_AYJ6KN4054.jpg,fake,train,train,train/fake/AYJ6KN4054.jpg,24425,327e50041111fc01c23dd490d4591026,1e5e69232564979a
train_fake_B0397CRT9Q.jpg,fake,train,train,train/fake/B0397CRT9Q.jpg,28062,a8e65a46b52ee2c1c1a42a8b9c43afcd,38246ba555ea01df
train_fake_B0BIF4D7HB.jpg,fake,train,train,train/fake/B0BIF4D7HB.jpg,25807,5a9be37ca6df7463ad52f39417c23733,2d6927f027f083d2
train_fake_B0CQQYEPC0.jpg,fake,train,train,train/fake/B0CQQYEPC0.jpg,32819,732ad76c2028ebfdfa7fdaabf567465e,608ffe50f428b1ca
train_fake_B0H7319RN3.jpg,fake,train,train,train/fake/B0H7319RN3.jpg,26660,ae4e3597f4facf216502b558d6bb169c,1c6a34632729dad3
train_fake_B0Q683L1K2.jpg,fake,train,train,train/fake/B0Q683L1K2.jpg,28622,cf63f444d7813b949540aa149ef9dbd4,2df482821f3d289f
train_fake_B14TFTL24M.jpg,fake,train,train,train/fake/B14TFTL24M.jpg,20258,b6476378cfc0eef249016467fd3752ac,121f18f3f121ccce
train_fake_B18JNOJ3K3.jpg,fake,train,train,train/fake/B18JNOJ3K3.jpg,26572,f9178db2bf5240164e7a9c8e964699e4,3cf039e02bf2838b
train_fake_B1YRM6U6RU.jpg,fake,train,train,train/fake/B1YRM6U6RU.jpg,28448,56541a784cf8cc0ae61eddb85b5be66a,1967612727ccc29d
train_fake_B26KR6IWE1.jpg,fake,train,train,train/fake/B26KR6IWE1.jpg,28434,300bfe80ff557afe59480b68da5253b1,5cc974f2278c82da
train_fake_B2LSIJAFTX.jpg,fake,train,train,train/fake/B2LSIJAFTX.jpg,28345,8c165a7778976a7d2862eb930b5b4113,19ade1d3c189c8cd
train_fake_B3GW2ENWX2.jpg,fake,train,train,train/fake/B3GW2ENWX2.jpg,32228,df68138a85d63a62a2c7601758714f90,690d7425706b86de
train_fake_B42VXJJ83Z.jpg,fake,train,train,train/fake/B42VXJJ83Z.jpg,25025,7c218a46cee15ffa537de1d62eee04c7,5e6a656325689695
train_fake_B46C2WQN7K.jpg,fake,train,train,train/fake/B46C2WQN7K.jpg,28648,ba4ca3c892647b9db1710fa02bd70f71,52152b5f29596f88
train_fake_B5HLUXT0N8.jpg,fake,train,train,train/fake/B5HLUXT0N8.jpg,27597,614348d5a4810aa14e365f286f11cb65,687a65616529c58f
train_fake_B64D5KNYG2.jpg,fake,train,train,train/fake/B64D5KNYG2.jpg,25163,9fd4e8f1624b549a2b96ee4af5ba36a7,1ea9208535dc95dd
train_fake_B6GS3OP1M7.jpg,fake,train,train,train/fake/B6GS3OP1M7.jpg,33391,e907286948d8a6133f5e8780bae47151,208aa781c3caefcd
train_fake_B6VLQZ1P9N.jpg,fake,train,train,train/fake/B6VLQZ1P9N.jpg,31227,93f42137e3cc563164813f91ccc621ab,5c49f9272176839c
train_fake_B6WN8O0ZFL.jpg,fake,train,train,train/fake/B6WN8O0ZFL.jpg,31885,6b47ea065630929e9073af7df95c9e17,1f4efc647427d280
train_fake_B8DR2O3YZ7.jpg,fake,train,train,train/fake/B8DR2O3YZ7.jpg,28739,9dcbfb37e079647626200ae0e0054454,41de5fb8091dac0e
train_fake_BACLF69Q2I.jpg,fake,train,train,train/fake/BACLF69Q2I.jpg,29675,e80151f90f4b6d884f968a6f14d122c7,4a0739b23138db9b
train_fake_BAGFUJQI4N.jpg,fake,train,train,train/fake/BAGFUJQI4N.jpg,24829,67cde9d048bf5e763fe50fd67b7f5a8b,3f89daf8206cd390
train_fake_BAJQI854OJ.jpg,fake,train,train,train/fake/BAJQI854OJ.jpg,25422,d09c4e70c72cb9fc82d652e3f0f44229,6d1f70b470b1d283
train_fake_BBCQDCBPKZ.jpg,fake,train,train,train/fake/BBCQDCBPKZ.jpg,29680,a6ddd42e28b5efc1b7ebfa1428f1453c,7ee0a1a772039789
train_fake_BBEP63KATV.jpg,fake,train,train,train/fake/BBEP63KATV.jpg,31139,709d6a6a207eef56aa9d732e83d34526,0826319673ddd69c
train_fake_BBO0Y50KWJ.jpg,fake,train,train,train/fake/BBO0Y50KWJ.jpg,23747,d8ed59c5d566d806c593eb542867602d,0b3475e2668c96d9
train_fake_BD35BUFWNI.jpg,fake,train,train,train/fake/BD35BUFWNI.jpg,26256,0d715779b83a1412f2712b05b1574277,47253296f10cea9e
train_fake_BD451TZBRZ.jpg,fake,train,train,train/fake/BD451TZBRZ.jpg,34211,d9e78933f43fd96a650ecdc2f89c4a70,5ef82183a388a78f
train_fake_BEQSN8B11C.jpg,fake,train,train,train/fake/BEQSN8B11C.jpg,26970,5c6840000b4eb3b35f4b2e59df5d5765,5ef52a62612de584
train_fake_BEUJFNKW6C.jpg,fake,train,train,train/fake/BEUJFNKW6C.jpg,24922,73bdcb07ebf8556f5638f87d5fa746b7,6a7a2ba327215687
train_fake_BFBSL2PZ2U.jpg,fake,train,train,train/fake/BFBSL2PZ2U.jpg,25198,90338b5e481ba64af5675f434c7e4894,29e107a556ac96da
train_fake_BFETE4ARQH.jpg,fake,train,train,train/fake/BFETE4ARQH.jpg,32669,b36d15622ffaede04ebedc4dfe903609,152a61e1add7849e
train_fake_BGS3SB46WI.jpg,fake,train,train,train/fake/BGS3SB46WI.jpg,28542,c9389e40cb3f2b6b02b1a181d480150a,4b3868f2d1596cca
train_fake_BGV2CVDO95.jpg,fake,train,train,train/fake/BGV2CVDO95.jpg,34143,bc10a6d20d2a64c6547a602f6519ba5f,5e9534d6025aead8
train_fake_BH7SHZMO9S.jpg,fake,train,train,train/fake/BH7SHZMO9S.jpg,29557,4342e0320bf8dee8af4a6cf9891ab7ca,6a70a5c1c33d23dc
train_fake_BHDCWB66EM.jpg,fake,train,train,train/fake/BHDCWB66EM.jpg,24200,2b17e5585000fc2079d9ffd9dc802762,1a756de6649c909a
train_fake_BHPECMI928.jpg,fake,train,train,train/fake/BHPECMI928.jpg,34150,b0e4b2d65d517b67b3daaa43d6eb9d1f,1bac70a2619d8e8f
train_fake_BIRRXVJYKL.jpg,fake,train,train,train/fake/BIRRXVJYKL.jpg,28146,d9cc84a2eb740e31b004c38365e01919,5f287b642178078f
train_fake_BIT917HTA1.jpg,fake,train,train,train/fake/BIT917HTA1.jpg,27779,4eb2167b24374c134eda098ef48b16ba,58d729612725e2d6
train_fake_BJH6ZU4J1J.jpg,fake,train,train,train/fake/BJH6ZU4J1J.jpg,25477,83c16d1c004f3671865f45e970d56954,350a7a76f128c1cb
train_fake_BJJ4HT0LU7.jpg,fake,train,train,train/fake/BJJ4HT0LU7.jpg,36017,cbb1daaeabad5c0062098067c8d92271,1e283d32345a96db
train_fake_BJZQ2F8FBT.jpg,fake,train,train,train/fake/BJZQ2F8FBT.jpg,26223,dcee069114e614cb4ac111f441b6665d,5aa8e56217a15e8b
train_fake_BKID2Q4UCV.jpg,fake,train,train,train/fake/BKID2Q4UCV.jpg,25658,2f7016a158ebf85407a3500a577ab357,7ea8a19787d88698
train_fake_BLLOPDG4MR.jpg,fake,train,train,train/fake/BLLOPDG4MR.jpg,32200,47c637f5af94d0da4ecb92bc6c3321a1,56aca1961f1b079c
train_fake_BLU5WYV2C6.jpg,fake,train,train,train/fake/BLU5WYV2C6.jpg,26338,1bfa2130a19f8554f49d0d8a5fd66cd9,4fb03633303dd2cc
train_fake_BMNOQ3DCVB.jpg,fake,train,train,train/fake/BMNOQ3DCVB.jpg,27867,55ed8cd5ed69874bed8dddda4e2a9130,6a696052a359d78d
train_fake_BNE610CLDF.jpg,fake,train,train,train/fake/BNE610CLDF.jpg,29900,254c2591bdfa3d9e2ad6a853c34ebf17,5b3264c22cd97197
train_fake_BO543YORWM.jpg,fake,train,train,train/fake/BO543YORWM.jpg,28059,e52c37e416df29966020370b6d07d60f,4f733c93010f26ce
train_fake_BO7LRTTG5V.jpg,fake,train,train,train/fake/BO7LRTTG5V.jpg,25227,1666be44ade1472918c52cf03d360493,70786ba3ae46c68a
train_fake_BPC4IZ030G.jpg,fake,train,train,train/fake/BPC4IZ030G.jpg,34677,621b698c2413df0011cce5b40bf9f60f,7aa82187149abdda
train_fake_BPJC3KR9NL.jpg,fake,train,train,train/fake/BPJC3KR9NL.jpg,25478,4b2e19ff944d5214a1e6f21927195f0c,0b5ff821f007c78c
train_fake_BRG8VZTVST.jpg,fake,train,train,train/fake/BRG8VZTVST.jpg,25499,1fd2f582b404c360033229b3f3db5ef9,7e2df0f00383c5ca
train_fake_BSD2W9FSQA.jpg,fake,train,train,train/fake/BSD2W9FSQA.jpg,29394,8310809ad60357fb921811f47a723a1e,4e815ea1917a8bce
train_fake_BSE3RGK14E.jpg,fake,train,train,train/fake/BSE3RGK14E.jpg,26288,115556c65ab87d5505a3200acfb0401b,1f487c63a7589689
train_fake_BSTDLSDP0M.jpg,fake,train,train,train/fake/BSTDLSDP0M.jpg,27610,2da2778aeff11af17fb88cd6313c1baf,1e2929f5645662da
train_fake_BTLOBMDGTO.jpg,fake,train,train,train/fake/BTLOBMDGTO.jpg,26981,36043960cad06fb1d0c20a13ff41ed9a,3ccef0d10be0678a
train_fake_BU6HMW4IAF.jpg,fake,train,train,train/fake/BU6HMW4IAF.jpg,34857,e7c403d4eae82bfac7ac6b18a400022f,2f3cf0940af0f0a7
train_fake_BU9C6RF5TJ.jpg,fake,train,train,train/fake/BU9C6RF5TJ.jpg,24901,69070b1d5d702607afb71d22fbfdf2b7,3e3f21f103d202de
train_fake_BV7VDOZNXM.jpg,fake,train,train,train/fake/BV7VDOZNXM.jpg,33383,dcdc20892d778e1cd69f1c151f3455a6,2157bec0db917a84
train_fake_BVLR260FC3.jpg,fake,train,train,train/fake/BVLR260FC3.jpg,26786,95b386e87a8a605fb7ceabb9b524e6a7,1e08ab70b56192df
train_fake_BVSMJM48SM.jpg,fake,train,train,train/fake/BVSMJM48SM.jpg,31953,f9d84946dcdcfaa2fbe82bc4a49d19cb,34d15a8141eecece
train_fake_BVYRC0HMOP.jpg,fake,train,train,train/fake/BVYRC0HMOP.jpg,26072,415bf2e824af16fa9fa00211316b14d3,0a5aa037e521c79f
train_fake_BWC3FPU5K8.jpg,fake,train,train,train/fake/BWC3FPU5K8.jpg,24757,2d6785c2dc0df48c91902a58d9748184,1e6578d68269d68a
train_fake_BWDB2HOPC1.jpg,fake,train,train,train/fake/BWDB2HOPC1.jpg,29697,56420a88fa0860b37d6bf5e888e7f904,50016b878f7666cb
train_fake_BWSOWNK7ZK.jpg,fake,train,train,train/fake/BWSOWNK7ZK.jpg,27482,c419ce8d068cc4c68803d26f8de01ffd,04f9e25ba979a189
train_fake_BXABTOV84R.jpg,fake,train,train,train/fake/BXABTOV84R.jpg,24063,45daca7c3bffa27d99c7c792c42d75cf,68bca5b1528b56ca
train_fake_BXBSHCSCWZ.jpg,fake,train,train,train/fake/BXBSHCSCWZ.jpg,29179,d34d9a8646614b2ffbe0b31e6bedce18,1a6470f79548c3cd
train_fake_BYDSN7O6JA.jpg,fake,train,train,train/fake/BYDSN7O6JA.jpg,28831,63e438a34a5099505911d6a0e23699dc,1f6a2072305ef15e
train_fake_BZ8QEI5XFY.jpg,fake,train,train,train/fake/BZ8QEI5XFY.jpg,24313,cbbe1a1ca7688c48b9542648f70c5d8a,2fb0f4d2829b8b98
train_fake_BZW0NZ8O3P.jpg,fake,train,train,train/fake/BZW0NZ8O3P.jpg,27674,0a55cf481db69858ccfa072db423713e,2dbd5ab070b2ca92
train_fake_C0SBYUTRWN.jpg,fake,train,train,train/fake/C0SBYUTRWN.jpg,19824,b7f14fd673f400920ba60bfb86526588,4b3c25f2638cc28f
train_fake_C16DE4OMQ8.jpg,fake,train,train,train/fake/C16DE4OMQ8.jpg,28043,df311370671c7c776066d0c7f41cccc2,49336cf2f900cecc
train_fake_C1AYI33B2R.jpg,fake,train,train,train/fake/C1AYI33B2R.jpg,27058,79e6113fff52344f0d8af74843aad4fa,400aebe06177a79e
train_fake_C2FUUPXSOZ.jpg,fake,train,train,train/fake/C2FUUPXSOZ.jpg,24984,5fae7e0986d0baa1d1bea90dcde546ec,7ae121a7a586869e
train_fake_C2RCJR6SIX.jpg,fake,train,train,train/fake/C2RCJR6SIX.jpg,41317,7668b6b771c83c44ae971ca7190f086f,7a4d95d0ad01fc0b
train_fake_C2TF73IMIN.jpg,fake,train,train,train/fake/C2TF73IMIN.jpg,20028,08f0d0a2db6dd2658472f22aadc8d5cf,699187955a879aca
train_fake_C39GZBYNYO.jpg,fake,train,train,train/fake/C39GZBYNYO.jpg,26358,77cf918b95a769edbdb25d83ab149786,7f2b70707070d2d2
train_fake_C4LJ84VIZF.jpg,fake,train,train,train/fake/C4LJ84VIZF.jpg,26609,c64583fb7587f06b71119759692adfa3,253db2da93497898
train_fake_C5CPQQNIDQ.jpg,fake,train,train,train/fake/C5CPQQNIDQ.jpg,29535,9fd56722b9c2645dfbd9489df8d274df,0d212ef5565d82dc
train_fake_C6XVNMZRXQ.jpg,fake,train,train,train/fake/C6XVNMZRXQ.jpg,27026,4d37cf45b30b823669eccb75d39475b4,4e39b0919b4d07ce
train_fake_C799TZGVH9.jpg,fake,train,train,train/fake/C799TZGVH9.jpg,30792,5de971c095b5c376704139f84264c88b,4af020b7e28e9e9c
train_fake_C7M730FECW.jpg,fake,train,train,train/fake/C7M730FECW.jpg,29461,bb2803e45a49c5577f1eb8bd5c7e45b9,4d2d38925309eacf
train_fake_C87HQGE6ZF.jpg,fake,train,train,train/fake/C87HQGE6ZF.jpg,26795,c3f86012594a28bbb52cdcd552728542,4b3d2d366129e18e
train_fake_C88E71SEAO.jpg,fake,train,train,train/fake/C88E71SEAO.jpg,27019,de38f0875fad896c902d19c27f74520c,64303c16af78e2dc
train_fake_C88U1O6SNT.jpg,fake,train,train,train/fake/C88U1O6SNT.jpg,25756,3901f84d07f1d12fb78a6812dc20817e,216d65652077969e
train_fake_C8PA98RBLE.jpg,fake,train,train,train/fake/C8PA98RBLE.jpg,28441,bd345656f6c88a1658fd209af96bc5a6,400a6f63ac678e8f
train_fake_C98SOU2RC6.jpg,fake,train,train,train/fake/C98SOU2RC6.jpg,38906,c353425bd47c0e559e72d0a2ab7ecde6,488a07db4f7905e5
train_fake_C9B3GWWDGH.jpg,fake,train,train,train/fake/C9B3GWWDGH.jpg,45989,459b43a33f252835b090f7895bfc6567,4a85cc8ef93871d1
train_fake_C9GQ50IMUU.jpg,fake,train,train,train/fake/C9GQ50IMUU.jpg,21740,ea979ce9f912c717727dd5bb58fcd30c,36073a76303530df
train_fake_CC0G4GD3HH.jpg,fake,train,train,train/fake/CC0G4GD3HH.jpg,25290,1b5368c0ad6faf935d2e8ce3ce244ecb,35efa2800296f597
train_fake_CC5KL6UKEU.jpg,fake,train,train,train/fake/CC5KL6UKEU.jpg,28967,5d7d107731d0703107fa565e4c9d60bd,4b3e75b2e08bb098
train_fake_CF70S64TIO.jpg,fake,train,train,train/fake/CF70S64TIO.jpg,31702,1b809bd32a3e5e721182a93dd2e676a4,1e686827e4ae558b
train_fake_CG4C0CIZW3.jpg,fake,train,train,train/fake/CG4C0CIZW3.jpg,27010,11bf9ed0c0e7caa2fd3dc32ed029c2dd,15ff2472340b4b93
train_fake_CG4MUYX4Q5.jpg,fake,train,train,train/fake/CG4MUYX4Q5.jpg,25641,c9ac6dbf56d71bf921651b51a9cfffec,4a353016f21dcbf2
train_fake_CGNU0WVOFX.jpg,fake,train,train,train/fake/CGNU0WVOFX.jpg,36532,82adef2994d6e97de1e340de6d4be98f,6fb036b053b0c2ce
train_fake_CIY3028CQF.jpg,fake,train,train,train/fake/CIY3028CQF.jpg,24700,f4980f09813ab0a78cc38be2a5ce27b6,031f38707067e7ca
train_fake_CJ89UXVGBU.jpg,fake,train,train,train/fake/CJ89UXVGBU.jpg,29908,67228c91225b1c23ca9c73acfa7c014d,2f78e086c21ec39b
train_fake_CJKLKUI1G8.jpg,fake,train,train,train/fake/CJKLKUI1G8.jpg,28083,cfc7974c4a9ba44328a643886753d137,5aab60272545a7c7
train_fake_CK4NBMKAUM.jpg,fake,train,train,train/fake/CK4NBMKAUM.jpg,34103,886afe4edbcae3e62532d70ff3108a18,1f7120d6c09fda98
train_fake_CLFHNCRUWL.jpg,fake,train,train,train/fake/CLFHNCRUWL.jpg,32816,e942215b4f05e80234606c19282db63a,3a2b21e725c4be91
train_fake_CM8VK1RK3P.jpg,fake,train,train,train/fake/CM8VK1RK3P.jpg,26004,c56922f6ff976f4f902899de7d4e2c88,5fe421a6204ed69e
train_fake_CN8ZRPH2WK.jpg,fake,train,train,train/fake/CN8ZRPH2WK.jpg,29855,777fb0c55ceeb0fe4c45f58ae79f9178,3dbda072d0dd8382
train_fake_CND4TF7426.jpg,fake,train,train,train/fake/CND4TF7426.jpg,20660,5f08bb030b330a4e59580009e6fba3bd,4eb57087b2cc20de
train_fake_COJARUKS19.jpg,fake,train,train,train/fake/COJARUKS19.jpg,31636,dac6eed9c728395d5d881e109b86571b,35972ab8783652d2
train_fake_CPTKJSKV3L.jpg,fake,train,train,train/fake/CPTKJSKV3L.jpg,31937,55aad3165a736a9b25adc350dbfb1cb6,6ff08ec10d0b586b
train_fake_CR4NA0ME0A.jpg,fake,train,train,train/fake/CR4NA0ME0A.jpg,28580,34da9dad8eb8c5fb82c16f1ad210ac61,454f2af43329439e
train_fake_CRIWVN3ENT.jpg,fake,train,train,train/fake/CRIWVN3ENT.jpg,28916,90274075cfd2911897d571bbb2ad636f,0bf06aa561aaf586
train_fake_CRJ9K2VTN7.jpg,fake,train,train,train/fake/CRJ9K2VTN7.jpg,29789,8e9a7c619751384b14333c4fad0ded02,611aa5d5f74a828d
train_fake_CRPKX1SL6Q.jpg,fake,train,train,train/fake/CRPKX1SL6Q.jpg,25613,f1f2a39602d80effbdef91577c4d8953,1345b46f7034539e
train_fake_CT7OQY9G7B.jpg,fake,train,train,train/fake/CT7OQY9G7B.jpg,27259,b3d28f9d1884d8fde15171d5e24ecde4,5ea121e7264ec68e
train_fake_CTPU2RDDUG.jpg,fake,train,train,train/fake/CTPU2RDDUG.jpg,28020,f77cd3e9c0d358fe30386078c6ebeb7e,18e12187564a7fd9
train_fake_CV6IN3JVFI.jpg,fake,train,train,train/fake/CV6IN3JVFI.jpg,27281,a47032e76f407f29b80692fd749d8bf9,70786aa387e3ca89
train_fake_CV6PRAJYBR.jpg,fake,train,train,train/fake/CV6PRAJYBR.jpg,26772,47f7d9ed4fd4680b99e46867667b84d0,044b3475b05f929f
train_fake_CV7QQ1LC4G.jpg,fake,train,train,train/fake/CV7QQ1LC4G.jpg,33388,fdd43c29d74ec0f3faac9f06c0804f93,1c57787a29092f8d
train_fake_CWPM65N8JG.jpg,fake,train,train,train/fake/CWPM65N8JG.jpg,28566,6f6c54e4ccedbde0b0fb23349cc5c45c,3a5fe135437102d3
train_fake_CXLTKZEKS6.jpg,fake,train,train,train/fake/CXLTKZEKS6.jpg,22093,86c8890a111866cc4c0fd66def4780ec,075ec32f5866a895
train_fake_CYPG2LPJOH.jpg,fake,train,train,train/fake/CYPG2LPJOH.jpg,26528,f64399a7835b4a6d962a61b6ac0c6943,2dba34d37624d2c8
train_fake_CZTGKMO2SX.jpg,fake,train,train,train/fake/CZTGKMO2SX.jpg,27771,78960974db261b5aec479e253c23b6c8,0f70f0db096526c7
train_fake_D01PO4YXLG.jpg,fake,train,train,train/fake/D01PO4YXLG.jpg,26790,19cc2c4dd9ee35270d83341e74171c6f,7f5770e04083ba8b
train_fake_D0RI94XD7D.jpg,fake,train,train,train/fake/D0RI94XD7D.jpg,23592,342f77f300fa512b496188963f13ffbb,4b3c3df2231dc28a
train_fake_D0XHWFY8XE.jpg,fake,train,train,train/fake/D0XHWFY8XE.jpg,32078,4507cc778bfb67b54e12ed1b9185f34a,1aaaade15416d2da
train_fake_D13ZE38DEH.jpg,fake,train,train,train/fake/D13ZE38DEH.jpg,28309,f6561c8fd16d68fd3045ab9e59eda767,06292ce5e54e969b
train_fake_D1SQ6XVT93.jpg,fake,train,train,train/fake/D1SQ6XVT93.jpg,36118,06280a5f1218a27ff3bb777fefcdac94,4fb23483d08d9bcc
train_fake_D29PUZDVHO.jpg,fake,train,train,train/fake/D29PUZDVHO.jpg,41627,e0bcab58cc731216ab0f42cfbaa3a3e9,3de0c2e00fc0cf9b
train_fake_D35T7I69P9.jpg,fake,train,train,train/fake/D35T7I69P9.jpg,25130,8c6eaab554b986851876dd9dc029573c,7ae107e12564e68e
train_fake_D3A8WIL2ZZ.jpg,fake,train,train,train/fake/D3A8WIL2ZZ.jpg,27206,d9902d6cd5ab71289592c15aea282d13,0f8f7cd4302853ce
train_fake_D3IF8XLCTD.jpg,fake,train,train,train/fake/D3IF8XLCTD.jpg,29702,c49c134e25bafd7c408cca2955c5b467,1e2f7827617c8788
train_fake_D4Z47QYRDN.jpg,fake,train,train,train/fake/D4Z47QYRDN.jpg,20181,290cd3f7bbe18ad80ff566ff2a0156fc,4b3e24f2f003c2de
train_fake_D5GKPXINOE.jpg,fake,train,train,train/fake/D5GKPXINOE.jpg,23072,f0a18614bd049f29d010548da87f5e55,4b353c36f00dc2c7
train_fake_D60RDNXS1D.jpg,fake,train,train,train/fake/D60RDNXS1D.jpg,23275,cccb3686a71f70180929af97e2d02af4,4fb064326233c3cf
train_fake_D69WU8INLV.jpg,fake,train,train,train/fake/D69WU8INLV.jpg,28654,d99f15c30f38c53805d3f8090dc6b437,1ee520a7642e86de
train_fake_D6AO3JZ687.jpg,fake,train,train,train/fake/D6AO3JZ687.jpg,32751,072172e32a142e106fd785ac66eed916,0aaf288374a91fcb
train_fake_D71BLL2Z8V.jpg,fake,train,train,train/fake/D71BLL2Z8V.jpg,30635,1d56c33695b7396eb6b3d0bcc281afa8,5d086df52e68829d
train_fake_D7A7D5M3NE.jpg,fake,train,train,train/fake/D7A7D5M3NE.jpg,31386,eabbd91f8626f02246902ed53832c29a,2195f98d255d560e
train_fake_D8CG6LZ8AM.jpg,fake,train,train,train/fake/D8CG6LZ8AM.jpg,32586,78a188561921d63eab061475986a8c36,5a2121b7a68e8fc9
train_fake_D8PZVZQZ2E.jpg,fake,train,train,train/fake/D8PZVZQZ2E.jpg,28748,a04a8afaf19fdaebbabff68a23e36571,2d547a00238dc7df
train_fake_D8QOFZXYDP.jpg,fake,train,train,train/fake/D8QOFZXYDP.jpg,30281,868e1b95b821aa8cde11bad9f8320920,4e2038828b6f679f
train_fake_D8VZRXOMTE.jpg,fake,train,train,train/fake/D8VZRXOMTE.jpg,30871,52d8de2affd7ee8fc8d98356d288d309,746aa38791dcc58c
train_fake_D904VI7VFX.jpg,fake,train,train,train/fake/D904VI7VFX.jpg,29431,2a1808a6d845791eca4298503a7ad2c2,4f303cc2d22dd29e
train_fake_D9HJH3P2WH.jpg,fake,train,train,train/fake/D9HJH3P2WH.jpg,29773,29f0ef0a01b71e211a5cb2bf8ff909d1,4bbf3c723031238b
train_fake_DAC1YAWDN1.jpg,fake,train,train,train/fake/DAC1YAWDN1.jpg,29372,81f0e0b8b0db632f82aa0969d4961ef0,0bb47432f219e38d
train_fake_DADUBQPDMR.jpg,fake,train,train,train/fake/DADUBQPDMR.jpg,28829,86bca683baab9623cf99476b52db1279,40d99889b90f67cd
train_fake_DB4DTMIVBU.jpg,fake,train,train,train/fake/DB4DTMIVBU.jpg,27836,0a936a59c29b1c366543bba345ef7ca8,7e5a352460ae82d7
train_fake_DB8LRN6QQ3.jpg,fake,train,train,train/fake/DB8LRN6QQ3.jpg,32703,912784489c20f39589be1034652ae68a,6c00b4b572b396ce
train_fake_DDYDT5S1MG.jpg,fake,train,train,train/fake/DDYDT5S1MG.jpg,32203,a417c4348b91c9d28dcae39ce6b66661,053d7630f003e39f
train_fake_DE2DZHRLAJ.jpg,fake,train,train,train/fake/DE2DZHRLAJ.jpg,28718,9a69e7aafe2ed099ebed84ba67726ec8,2df4c2f22b95ca88
train_fake_DEJQY9U2FD.jpg,fake,train,train,train/fake/DEJQY9U2FD.jpg,29233,cd4d8692b0a0d547875137191e938c09,4ee66880f531d38b
train_fake_DEUMX6UO3I.jpg,fake,train,train,train/fake/DEUMX6UO3I.jpg,34038,1d20053a6b7e8dd81855405c2042302a,45d278d8492d2f8e
train_fake_DF4XIZC0JM.jpg,fake,train,train,train/fake/DF4XIZC0JM.jpg,28938,e2e6c1458b75d912bca43aa46049367d,167a7a256214d79a
train_fake_DFR20N46KA.jpg,fake,train,train,train/fake/DFR20N46KA.jpg,35724,a9944eebc32b051a1844c6c5d2f6e646,789465da6c29d28b
train_fake_DGAM9YKGU7.jpg,fake,train,train,train/fake/DGAM9YKGU7.jpg,27699,3ceb7aae39f2184e00cb9f312c695b1a,70ea07a325e516dc
train_fake_DIH2TS5GE5.jpg,fake,train,train,train/fake/DIH2TS5GE5.jpg,32792,158b4cd5ac167d32bb93fb7d45f15ba0,5e7129b2343626cb
train_fake_DIIAWUD4JS.jpg,fake,train,train,train/fake/DIIAWUD4JS.jpg,27915,80af0e37a9478f2f792d6074b29cf174,78eb2545a4c7868e
train_fake_DKTHP9F1YB.jpg,fake,train,train,train/fake/DKTHP9F1YB.jpg,26363,0060e8e1961366956e8f397436497e45,2d29b652b7944ad4
train_fake_DKW5IP4W3Y.jpg,fake,train,train,train/fake/DKW5IP4W3Y.jpg,28774,1e63668eb74259a415385fd8ff0fbf10,1ed6613e25216acb
train_fake_DL2CVCR2MQ.jpg,fake,train,train,train/fake/DL2CVCR2MQ.jpg,29266,a75d4a60d305e500779d8d0c8b5b53a9,39288187175f36d6
train_fake_DLVP837745.jpg,fake,train,train,train/fake/DLVP837745.jpg,24464,b063e2c1f75308a211652fcd52c71220,4f3936f0307093d3
train_fake_DO7H7ZFDI9.jpg,fake,train,train,train/fake/DO7H7ZFDI9.jpg,35698,2549300c80da04be8ac87ddada0a8172,4adf34a1b12a23cd
train_fake_DOQ8ASWNXJ.jpg,fake,train,train,train/fake/DOQ8ASWNXJ.jpg,27654,d821ed78666f3152324aaad38cbfcdcc,58bd20f297888fd2
train_fake_DQ1VS53VZU.jpg,fake,train,train,train/fake/DQ1VS53VZU.jpg,26483,e9db232925f394e41ddfa72198b1a571,7a6a72636261cae1
train_fake_DQCMS04XZ0.jpg,fake,train,train,train/fake/DQCMS04XZ0.jpg,28470,c412f463f110f29aca2196187581dfa0,2af085b6a63692da
train_fake_DQZKKAQM4V.jpg,fake,train,train,train/fake/DQZKKAQM4V.jpg,29575,8b31c95dc65597a3243470871f8d3ae9,0ef975a3302caac6
train_fake_DS65UQ8WIF.jpg,fake,train,train,train/fake/DS65UQ8WIF.jpg,24035,5d635597b2b042fd8f7d41ed87656218,3abd3196361a9299
train_fake_DTTUYAZLGI.jpg,fake,train,train,train/fake/DTTUYAZLGI.jpg,28658,671099b22ac5ccb969613fe9ad679990,5ce32ba7e406868e
train_fake_DX1MOBCWDH.jpg,fake,train,train,train/fake/DX1MOBCWDH.jpg,25538,fa1f3ec1bffd2281940a9e2197a967b6,7a3823a3a78e8e89
train_fake_DY6F5ZJBBM.jpg,fake,train,train,train/fake/DY6F5ZJBBM.jpg,30756,5cffc487e12807a90c7df11f8e952327,4b2ab562744aeacc
train_fake_DYQP6UM8RR.jpg,fake,train,train,train/fake/DYQP6UM8RR.jpg,31228,d39b98a62d8bcc143c5776379c12542c,10fee105a7c2b693
train_fake_DZAQECRJQS.jpg,fake,train,train,train/fake/DZAQECRJQS.jpg,36064,1cd70a406e7ca3ab04b1107bc26849ee,185bf5618135c79a
train_fake_DZCI5252LR.jpg,fake,train,train,train/fake/DZCI5252LR.jpg,32770,aef01966bd253c2169b0e0bcd036f7d5,4b7e6c636131238b
train_fake_DZX9JMLOPF.jpg,fake,train,train,train/fake/DZX9JMLOPF.jpg,32698,ea64e8ffcd497fb827de99a705bebeee,0abc6426e68ff099
train_fake_E353ZEL9XE.jpg,fake,train,train,train/fake/E353ZEL9XE.jpg,26418,9b2580db3d99a71d8aaec41acf607a6a,526a63a56565c695
train_fake_E3Z6ELEZMK.jpg,fake,train,train,train/fake/E3Z6ELEZMK.jpg,33910,9e196c8e5d19b93d1297efdb42a592a8,1487fb057e22369a
train_fake_E6BD3A070N.jpg,fake,train,train,train/fake/E6BD3A070N.jpg,23372,971255cf3868acffae4e7a1306045e61,4b3824336699c7ce
train_fake_E73W3DS4QM.jpg,fake,train,train,train/fake/E73W3DS4QM.jpg,23533,175c577a244dfb7549a8d75d0e7472ae,29f605f7228cd29c
train_fake_E7BCO6EAD7.jpg,fake,train,train,train/fake/E7BCO6EAD7.jpg,29827,9ef5dd374d5fb6ed1910340996f89163,0b347cb62d292c3e
train_fake_E7K26IJLX9.jpg,fake,train,train,train/fake/E7K26IJLX9.jpg,34696,204a5cb068bfb15857a8c3add164ae25,56dae1c383238d8b
train_fake_E84X7BETXE.jpg,fake,train,train,train/fake/E84X7BETXE.jpg,31983,9614fe749874da027fcaf34486a5f08b,291ff5680665da86
train_fake_E8PVNE4A1P.jpg,fake,train,train,train/fake/E8PVNE4A1P.jpg,29074,5fd3d4a5517d970a1fbfb77b32e8eaa5,1ae821a16720f7de
train_fake_E9IUZ6OIKY.jpg,fake,train,train,train/fake/E9IUZ6OIKY.jpg,26078,f7682cf9cef783bd3271fae109f8ecda,439642b6603bc6cf
train_fake_EB9BJU4Y6K.jpg,fake,train,train,train/fake/EB9BJU4Y6K.jpg,32470,2a26d6b68fa12f99fe39fabcccf10aa2,1a686127a7ccd789
train_fake_EBPC7IPSPA.jpg,fake,train,train,train/fake/EBPC7IPSPA.jpg,25654,5402e769539078eaece6fce83072ddd9,406335b6a7cc07ce
train_fake_EBWBHHMKXI.jpg,fake,train,train,train/fake/EBWBHHMKXI.jpg,34093,e85708a532b692395caceade48508209,1ee325d2a4594a9b
train_fake_ECDREX24AN.jpg,fake,train,train,train/fake/ECDREX24AN.jpg,31695,7c6edb885aa354dbe5dfe92d1d66c2ba,439f742c702ae3c6
train_fake_ECZRF128BJ.jpg,fake,train,train,train/fake/ECZRF128BJ.jpg,31697,67dfcc5733e8dc761de14e5fc5aa146c,1a6d24367269b2cb
train_fake_ED780ISD5F.jpg,fake,train,train,train/fake/ED780ISD5F.jpg,33738,2b8fb26d40b68a4a8e9e2a240f2b34ab,0aa1a1d6e29a9e9d
train_fake_ED78WRI3OZ.jpg,fake,train,train,train/fake/ED78WRI3OZ.jpg,22590,e5cf61321df8a00ee397d6c55f60b395,4a2f6027f02fd20f
train_fake_EDIWPTZWJY.jpg,fake,train,train,train/fake/EDIWPTZWJY.jpg,31408,45247ed8e25a918938089321c484933d,43b0bca6a0acc7ce
train_fake_EDQ4DWZCG5.jpg,fake,train,train,train/fake/EDQ4DWZCG5.jpg,22641,bef55ef12efa31541d68aaa154c3e326,68b9b0a706ced68c
train_fake_EE5F3INBK7.jpg,fake,train,train,train/fake/EE5F3INBK7.jpg,28797,f73dd8a2aab7d46923cf44fa7f04319d,0bbd3d727021e2ca
train_fake_EEPZ5JNV4J.jpg,fake,train,train,train/fake/EEPZ5JNV4J.jpg,33206,a2970212f79474475db2a7f5d7ddd512,5c20ab87c3ce23ce
train_fake_EEW14CJ5SW.jpg,fake,train,train,train/fake/EEW14CJ5SW.jpg,24001,59cd37feac12e1e63b8ae171a7210eb3,51f1e716a665c08e
train_fake_EFFD4NAGDN.jpg,fake,train,train,train/fake/EFFD4NAGDN.jpg,30404,1ce11be20afdb9ba408dd7294e81bfe9,6d2b74b069b2c9d0
train_fake_EG5WKZCO3J.jpg,fake,train,train,train/fake/EG5WKZCO3J.jpg,27707,ed0f3db9b987038f857e3e9366759694,5a2f71f4a47a8298
train_fake_EHFAXAB75T.jpg,fake,train,train,train/fake/EHFAXAB75T.jpg,27522,0f7c4ca54e7adbba349635146553ef5c,1e6121a7d59c969a
train_fake_EHNROS5V84.jpg,fake,train,train,train/fake/EHNROS5V84.jpg,29179,4d94a16bd83179c4ff9d1932a5759add,252f70b4f106e3cc
train_fake_EIF93V3O8U.jpg,fake,train,train,train/fake/EIF93V3O8U.jpg,32174,352b3a93ad6c2e29a4c8bbf1bf322666,435c292b743da5ca
train_fake_EILSFO9Q50.jpg,fake,train,train,train/fake/EILSFO9Q50.jpg,35830,2947a77fb850d454298cca0d06c98aab,78e3dcb408fad482
train_fake_EITRRLUXK8.jpg,fake,train,train,train/fake/EITRRLUXK8.jpg,31452,ed1895c8b7c50610151b3e6427564f87,27beb25270a183cb
train_fake_EKJPR2PLDX.jpg,fake,train,train,train/fake/EKJPR2PLDX.jpg,27074,0f25d762a1708dd9f27e625c3596fc1f,69ebace1076429ac
train_fake_ELHZBX7O4V.jpg,fake,train,train,train/fake/ELHZBX7O4V.jpg,28174,0366b661fd416ddb348330b5454d158d,78ada3a4671c86d8
train_fake_ELIUNNM6EA.jpg,fake,train,train,train/fake/ELIUNNM6EA.jpg,25393,99c8e2ec31a1c539e1c516375df39fed,1ae461a725de868e
train_fake_EMMN31PA30.jpg,fake,train,train,train/fake/EMMN31PA30.jpg,30856,321ed50f080e6df6de2a14508cf3246e,4a1df92aa76116d2
train_fake_ENAZVP7GCM.jpg,fake,train,train,train/fake/ENAZVP7GCM.jpg,27819,884aaac30c6128ccca5da31562c2fb9d,7ca0a1c20fc9cb9d
train_fake_EORRPZ5D9N.jpg,fake,train,train,train/fake/EORRPZ5D9N.jpg,26211,dfeb6e7d74aeccd4704250692fb73c3c,4b3a6572221ed4d9
train_fake_EQBV8QAGL8.jpg,fake,train,train,train/fake/EQBV8QAGL8.jpg,25531,33fec65a52b362eb0734a6aa673ee73e,490b343f3231a2df
train_fake_EQX8EQUJFF.jpg,fake,train,train,train/fake/EQX8EQUJFF.jpg,29005,455b82ea6afb2fc8603d2fb863896fc3,4f702093a3a9eecc
train_fake_ER0DOMBUOY.jpg,fake,train,train,train/fake/ER0DOMBUOY.jpg,21390,565240765a020453b11e51c608e1e41d,491d3036f21ddec8
train_fake_ESC5ZU7N44.jpg,fake,train,train,train/fake/ESC5ZU7N44.jpg,31994,f974b15684a76ca6afd74a319ff1f075,1ff47083c149c7c9
train_fake_ET0UQ5RXW6.jpg,fake,train,train,train/fake/ET0UQ5RXW6.jpg,36729,6b2bde1e1fdec5f90fa917a40c3885fa,6df5adb6147ca040
train_fake_ET1ODL6K01.jpg,fake,train,train,train/fake/ET1ODL6K01.jpg,30508,d3779679a52fe3781087f1fff393699f,60bd2fa0a0b613de
train_fake_ET1RYU9AVK.jpg,fake,train,train,train/fake/ET1RYU9AVK.jpg,30748,aed01af70e5cae10518241536d919436,4fdd30a2230dc78e
train_fake_ETBCNAUYDE.jpg,fake,train,train,train/fake/ETBCNAUYDE.jpg,27463,f9974c28e239d3429f00bb8f873108e0,4b257cb2c1c9838f
train_fake_ETD3BSSMA5.jpg,fake,train,train,train/fake/ETD3BSSMA5.jpg,29229,de4809a11fc1d7a6236ad84f3503f5b9,2e61b527e0b4c29e
train_fake_ETDM2P4MPO.jpg,fake,train,train,train/fake/ETDM2P4MPO.jpg,33356,e57c7716a816b759aa5dd33449d89f38,4329bab2d149d3c5
train_fake_ETMDLO5UC3.jpg,fake,train,train,train/fake/ETMDLO5UC3.jpg,28211,2c4ebfcb564bc3334d062358dfec1faa,7e3d252526d086da
train_fake_ETNE0JQ6CC.jpg,fake,train,train,train/fake/ETNE0JQ6CC.jpg,32388,8a65e6ebd129dd7bb53777bf33257d0f,3c2dd0e3d7095d09
train_fake_ETVHWPG0OE.jpg,fake,train,train,train/fake/ETVHWPG0OE.jpg,27068,1febd135748a0dfe3ffca79412e885c7,1f6e60656548d28f
train_fake_EVCSYMUX8R.jpg,fake,train,train,train/fake/EVCSYMUX8R.jpg,30396,05d361edfe8418507b6e91905d6751b2,2a2a2595429cebdd
train_fake_EVTVB26YI1.jpg,fake,train,train,train/fake/EVTVB26YI1.jpg,26485,33f04529558475f9c1a3c4799daaf648,418f2d34f019db99
train_fake_EWN5W2G2XO.jpg,fake,train,train,train/fake/EWN5W2G2XO.jpg,23884,ae248c01a30661f13f76f95687e41d1d,516867c724ce9cca
train_fake_EWXOZX6G2P.jpg,fake,train,train,train/fake/EWXOZX6G2P.jpg,25645,41c03ee784467d3f201cf31827232b49,42322f0f3c4daec5
train_fake_EX9BP9R25H.jpg,fake,train,train,train/fake/EX9BP9R25H.jpg,25147,0566548edbb27e4530cd762a1ba29bc2,432f34367038d3da
train_fake_EXBHBOV111.jpg,fake,train,train,train/fake/EXBHBOV111.jpg,28012,340bbdf5a983a7c00d14aa22692b0423,7aa531b6e169c48c
train_fake_EXCUESPXJI.jpg,fake,train,train,train/fake/EXCUESPXJI.jpg,25673,6683f7b6b1acce515d81152a763b4fa4,6373632964238ec7
train_fake_EY45QSZ01Q.jpg,fake,train,train,train/fake/EY45QSZ01Q.jpg,32555,a04d2a83fc048c042c0b45a0de81f643,5ff0e1c2d92822f2
train_fake_EYKZDBZ2WB.jpg,fake,train,train,train/fake/EYKZDBZ2WB.jpg,23656,5fb595a027ad175546349bec01121e15,561e2575616123db
train_fake_EYP5AZ6M76.jpg,fake,train,train,train/fake/EYP5AZ6M76.jpg,27228,615a8cf35b50ec1e6945a2f53e2e582b,4a0d3eb47130738f
train_fake_EYSW9TBBTL.jpg,fake,train,train,train/fake/EYSW9TBBTL.jpg,29058,8297e6a3226c7659bc13677fe98b89cd,0ae560b77553c389
train_fake_F021KZR08V.jpg,fake,train,train,train/fake/F021KZR08V.jpg,31514,4f22978da53285a195a98bc47b2be2e2,42a9f90c07e00fdf
train_fake_F0BE6MR761.jpg,fake,train,train,train/fake/F0BE6MR761.jpg,32488,59c6513a64b94b43324fd0d217ddeee5,35b5f5f2a0ca828a
train_fake_F0C4UEDD9F.jpg,fake,train,train,train/fake/F0C4UEDD9F.jpg,24167,1922b5166cc7546b6ac96e208161d3ca,451b3412f00fafdc
train_fake_F0ESQIOKJV.jpg,fake,train,train,train/fake/F0ESQIOKJV.jpg,27821,165162a8ad729bc5634e44f620d00673,2fb5a592d7c182c1
train_fake_F0OCSN72CO.jpg,fake,train,train,train/fake/F0OCSN72CO.jpg,25242,0a43ac6e46addedf5e9dfb92231cac11,3c4ff060a1a38b9b
train_fake_F0Z092GPGM.jpg,fake,train,train,train/fake/F0Z092GPGM.jpg,32041,628e7a48d1536503efe1514686e1cebd,2b24f5a0701fd2cb
train_fake_F1DBLGDHU7.jpg,fake,train,train,train/fake/F1DBLGDHU7.jpg,25584,55566b8273c8f408f4303f360c05f1bd,1b1e7c72707056d8
train_fake_F1PTXZLMU1.jpg,fake,train,train,train/fake/F1PTXZLMU1.jpg,26126,7000c3c2dcd1b50ce3d7dc0f23390d62,0ebe7c7af01142d4
train_fake_F3TFCFV71X.jpg,fake,train,train,train/fake/F3TFCFV71X.jpg,20133,cc81932a04713c584f9d8114323d02ea,4b592e72307183cf
train_fake_F403DW067W.jpg,fake,train,train,train/fake/F403DW067W.jpg,27781,f04eee67ce3a9c0281d9afcb6a336b4d,10ca53e32ae30fd5
train_fake_F4EMXBL8R5.jpg,fake,train,train,train/fake/F4EMXBL8R5.jpg,28531,5fb92b4c6bd762de7996149d48ed6438,5b3f70247074b3c2
train_fake_F4XVG9F1RU.jpg,fake,train,train,train/fake/F4XVG9F1RU.jpg,27634,1fb57dde9acf11754f053177294e6db7,2b8025a776a596ce
train_fake_F50JGG0M9X.jpg,fake,train,train,train/fake/F50JGG0M9X.jpg,25875,b6623dc0c7ca651bb4d254df458a5054,5e2578621fd89998
train_fake_F5EQBBQH13.jpg,fake,train,train,train/fake/F5EQBBQH13.jpg,27975,65ae52602453ca366ace837021aa7b5f,3f7e01a042de86da
train_fake_F5UR2DDS1J.jpg,fake,train,train,train/fake/F5UR2DDS1J.jpg,28504,a94bbfcc97542f338db5aec99f82a448,7fa030b721f283ca
train_fake_F6GASXD29U.jpg,fake,train,train,train/fake/F6GASXD29U.jpg,24581,57fbee835228c41b528a9ce7ed550354,2fb4f282c189c58f
train_fake_F6M1VGNM2D.jpg,fake,train,train,train/fake/F6M1VGNM2D.jpg,26423,a9671b5e485e5b17b4afc56283062ee9,3ea134a2f60297da
train_fake_F7IVZ2R9VZ.jpg,fake,train,train,train/fake/F7IVZ2R9VZ.jpg,29870,2ec2d7d6adea1603a7603d0c814a029b,0a177d023b4bd9cc
train_fake_F7QHZ8X42P.jpg,fake,train,train,train/fake/F7QHZ8X42P.jpg,24646,6cc2781eb887980dde16d05c413e0a4c,1aa575e626cc92ca
train_fake_F8VFG8KMVE.jpg,fake,train,train,train/fake/F8VFG8KMVE.jpg,32506,5af9d464a710782a71a47342837ebec6,3a823fe1652107cf
train_fake_F9MLQBB6RW.jpg,fake,train,train,train/fake/F9MLQBB6RW.jpg,26905,f48802188a01166a4a3e2000be35abf4,3f4f30e012f2c38b
train_fake_FA8TN9V55C.jpg,fake,train,train,train/fake/FA8TN9V55C.jpg,25955,d3e72ddf3490deabe6e4aa13ef7c217b,6ff824706070c7c7
train_fake_FAQJIR5CXI.jpg,fake,train,train,train/fake/FAQJIR5CXI.jpg,28540,75249d9a90aa4c4739fd106627ad73fd,5f7f20a0966c0f46
train_fake_FAX9WPHVCP.jpg,fake,train,train,train/fake/FAX9WPHVCP.jpg,29042,29897f60bba745817d1b194f715f685d,0a857de222fcd2d8
train_fake_FCDALCNKWI.jpg,fake,train,train,train/fake/FCDALCNKWI.jpg,31001,bc7416af8ec1bc62d879fcd7da681059,52d04e8bf4128edd
train_fake_FCKDBSTQML.jpg,fake,train,train,train/fake/FCKDBSTQML.jpg,26980,0df8135d02018442d4ab472e08f94b40,0dfa7ef27041c2c8
train_fake_FCMCMHLJ7Q.jpg,fake,train,train,train/fake/FCMCMHLJ7Q.jpg,28228,3f86d96a9aaeeadba99454ca5db4871b,0bba34b3207972d9
train_fake_FCP76C5BFZ.jpg,fake,train,train,train/fake/FCP76C5BFZ.jpg,24198,51b417fbde5fcfda7149d2ce4776c39a,03fee8a3acc09d98
train_fake_FDRL7X40KH.jpg,fake,train,train,train/fake/FDRL7X40KH.jpg,32295,ac5a0282452bcb7d09a72454f121bc45,38f526a5a29696d2
train_fake_FE07JQ3HTA.jpg,fake,train,train,train/fake/FE07JQ3HTA.jpg,26220,88c4ae94a43093eee5eb8761facff604,170570672b5dc39a
train_fake_FE2T5R63IW.jpg,fake,train,train,train/fake/FE2T5R63IW.jpg,27702,5909f7bacec6bd8094207660f9c2417b,5e22292571d6979a
train_fake_FF7VZ5OX0J.jpg,fake,train,train,train/fake/FF7VZ5OX0J.jpg,23519,7a5113154482935bcc720506c1de7b90,683865a535e197ca
train_fake_FF9GX8C2Z2.jpg,fake,train,train,train/fake/FF9GX8C2Z2.jpg,25301,80e5a89645e6e070527f3acb64f717e6,2f052a773434b792
train_fake_FGGWZXR8SF.jpg,fake,train,train,train/fake/FGGWZXR8SF.jpg,27535,5a2d19c7385fd2ade126595f4334e412,5e0f222027718bdf
train_fake_FH1JC57SGQ.jpg,fake,train,train,train/fake/FH1JC57SGQ.jpg,24825,8b15baa6a15c81275fe71bec5ba0535d,60aa2fbd24f580dc
train_fake_FI9EHT5CNF.jpg,fake,train,train,train/fake/FI9EHT5CNF.jpg,31415,eedd907faa9e3d2520fc840366c4c835,533a6fa704949a99
train_fake_FJAZOZOB7R.jpg,fake,train,train,train/fake/FJAZOZOB7R.jpg,30199,84a17574f7bab7867348dc9b7bb7dee1,580f6bbee43e8288
train_fake_FJDTHB3JYQ.jpg,fake,train,train,train/fake/FJDTHB3JYQ.jpg,34566,2128d7e3ed9b0dcbd8aac5f5bcbbb4ee,15853f5e601afa98
train_fake_FJFJW6L1Y8.jpg,fake,train,train,train/fake/FJFJW6L1Y8.jpg,23022,dd05a584e06e6d2da7f27b8793803bb6,0dd042b77309f789
train_fake_FJIXAC3A7V.jpg,fake,train,train,train/fake/FJIXAC3A7V.jpg,27965,5a7780cf155f08b09d07b816a89f2474,7cfca1a021c7d2d2
train_fake_FKESZAJUS8.jpg,fake,train,train,train/fake/FKESZAJUS8.jpg,25228,5e9ef967be80a8d4a77c61bfb3e47fef,526d22a725da97c8
train_fake_FKIJXC6HFJ.jpg,fake,train,train,train/fake/FKIJXC6HFJ.jpg,23986,7b16cbc22ef7d1072acd2ef63a348740,36dbc8f748364e80
train_fake_FL9D7HEJB5.jpg,fake,train,train,train/fake/FL9D7HEJB5.jpg,30691,057638e1a7e9e51c6d8da90d757c0382,5d807502e72fce8c
train_fake_FLA5IWSCT8.jpg,fake,train,train,train/fake/FLA5IWSCT8.jpg,27398,1e91729b635688726ff7481eb99f2098,6d3950f03303d2cf
train_fake_FMKVMB5BSY.jpg,fake,train,train,train/fake/FMKVMB5BSY.jpg,26749,40a3705c149228bf50f88c2f9ff2ab85,0bb87452765cc29d
train_fake_FNIEQ53V6M.jpg,fake,train,train,train/fake/FNIEQ53V6M.jpg,27417,bef3f68f33d9f805ebbda4c3d76a0c83,3ff0a8d7858a8e88
train_fake_FO9DZQ74UQ.jpg,fake,train,train,train/fake/FO9DZQ74UQ.jpg,27305,a90cce97bc74d788ea2f07caef59ca5e,6f7d61a138219cc3
train_fake_FOACUKSSBA.jpg,fake,train,train,train/fake/FOACUKSSBA.jpg,31906,b4176d9636617d7fcee0310b6af94c48,7a24a19cc325e35d
train_fake_FP8YHKDS4M.jpg,fake,train,train,train/fake/FP8YHKDS4M.jpg,21511,55626f3695b889a6d9c3a263be3085d7,0a3a7557445c9d99
train_fake_FPTZ6L5XT3.jpg,fake,train,train,train/fake/FPTZ6L5XT3.jpg,31825,5e04b657e57dc833f6ef7ea573eb1bb5,291634fe73428adc
train_fake_FQ07GCT80E.jpg,fake,train,train,train/fake/FQ07GCT80E.jpg,32990,56bb60ea943059a7499721c411064b72,2df4f786d28cc288
train_fake_FRSKL9OG11.jpg,fake,train,train,train/fake/FRSKL9OG11.jpg,26618,2927a4b88ff2b1f5435a87b0ed215bd4,3ce1d2c38eca8ad8
train_fake_FRUB6OUPIM.jpg,fake,train,train,train/fake/FRUB6OUPIM.jpg,27209,5b35aff9d0d07286cdc6b27b7fc30bef,0d0a7716e25d96a9
train_fake_FS9SUMBOAL.jpg,fake,train,train,train/fake/FS9SUMBOAL.jpg,27117,c08e61bfebfae53734d9019987e15938,5ee368f221058fd2
train_fake_FT5VE7TMOB.jpg,fake,train,train,train/fake/FT5VE7TMOB.jpg,34080,805c22267fe736d0a1c5abc2999f6f3b,4ea921277534b29b
train_fake_FTBK50MFLO.jpg,fake,train,train,train/fake/FTBK50MFLO.jpg,29230,fdf8db40e09a54d1fea2efb4bcc0a83d,0fdb7c9361214b8c
train_fake_FVVPFQT49K.jpg,fake,train,train,train/fake/FVVPFQT49K.jpg,28341,6646ac12dc0e8f2c48a562b5d18f2e12,5e6960966349ef88
train_fake_FVX2REPL8W.jpg,fake,train,train,train/fake/FVX2REPL8W.jpg,25760,d0fabd11102de74c768aa32729d966f7,17617846f058c3dd
train_fake_FXXL1N4WMZ.jpg,fake,train,train,train/fake/FXXL1N4WMZ.jpg,21810,0ad665100661726ae2b563133f472906,1a646936b2da8d8d
train_fake_FXYCAFSONC.jpg,fake,train,train,train/fake/FXYCAFSONC.jpg,25805,c47532933713342069d6bc223a2ab22b,0f7a2ce6e0549a9c
train_fake_FZ2AK8QWAZ.jpg,fake,train,train,train/fake/FZ2AK8QWAZ.jpg,27505,c87abce35752249974f472d8afabd550,4b377403d01d7b98
train_fake_FZD1EULHM2.jpg,fake,train,train,train/fake/FZD1EULHM2.jpg,31557,a8e1cc02fce51c9509a803cf307fe746,4b6a74357013d5d2
train_fake_FZXEAL9FNY.jpg,fake,train,train,train/fake/FZXEAL9FNY.jpg,29001,d595cd031ebfef389ccaa2d0bdf656dc,2ff820b2729783ca
train_fake_FZZXYVG9LR.jpg,fake,train,train,train/fake/FZZXYVG9LR.jpg,20542,9605d12790f0fba4d0a87e4f0d394f0e,35f642b05789d28b
train_fake_G0FXHMF3Q4.jpg,fake,train,train,train/fake/G0FXHMF3Q4.jpg,32958,0351430e164567a0913f3a5ba4afd810,588f74f682858bd8
train_fake_G1DEC1YEUJ.jpg,fake,train,train,train/fake/G1DEC1YEUJ.jpg,24213,d366e0a912f8096c314579d59432bd90,3e2fe0e4c364c398
train_fake_G30H34ZU5B.jpg,fake,train,train,train/fake/G30H34ZU5B.jpg,27257,3efa8cc5d7069a63bb1aaadecc275b73,0bd6fde262057289
train_fake_G3C4VL5GIL.jpg,fake,train,train,train/fake/G3C4VL5GIL.jpg,23359,7bd1fb00d6b8e87796c2feccbb276e51,1b0ce114a5728edf
train_fake_G3G2D3S1PI.jpg,fake,train,train,train/fake/G3G2D3S1PI.jpg,27823,8733ffa70ec6be08ced4d8722603a29d,3fc4f0e34054af8a
train_fake_G3PUV19GTH.jpg,fake,train,train,train/fake/G3PUV19GTH.jpg,29218,ea494e7075fa6337c5eff761e5f0e012,0fb52192748babcc
train_fake_G4BHRRSZM2.jpg,fake,train,train,train/fake/G4BHRRSZM2.jpg,37363,4ac468c6addc69c2bcb3f95cf0d81ab0,4fb430f231cd83cc
train_fake_G4YGHUL1WL.jpg,fake,train,train,train/fake/G4YGHUL1WL.jpg,22404,9d88c2f9841202ab5e8e608a1d743418,6a28a725a5a39e8d
train_fake_G55UPZ5LRN.jpg,fake,train,train,train/fake/G55UPZ5LRN.jpg,26653,75371818a55018f9b07fd8c809815964,253a7f3764360293
train_fake_G6ON2FPZIR.jpg,fake,train,train,train/fake/G6ON2FPZIR.jpg,27745,f9ab65aae8bb47a5bbc78dea99636448,60fe818787fc3492
train_fake_G6R31U0250.jpg,fake,train,train,train/fake/G6R31U0250.jpg,31661,68ee2eea976da01d47934a2879859eda,4043aa0b7f2d2ddc
train_fake_G7HK6P2V0D.jpg,fake,train,train,train/fake/G7HK6P2V0D.jpg,26108,f86c6d4fd1e6d40661edfa382a3a38f0,1cb561676554669a
train_fake_G7INHFR8NA.jpg,fake,train,train,train/fake/G7INHFR8NA.jpg,25663,737f8deeec094577102929dd8f02fb3d,687a352135e714c7
train_fake_G7OTR4XD8O.jpg,fake,train,train,train/fake/G7OTR4XD8O.jpg,34088,729e30e886b364a44d22e641163b125f,0fa63ea3336502ce
train_fake_G8C7GN9KZO.jpg,fake,train,train,train/fake/G8C7GN9KZO.jpg,44765,85896eb6ee52d622ca35d7278c73fa95,7aa5c582958b80fd
train_fake_G918MOU7UN.jpg,fake,train,train,train/fake/G918MOU7UN.jpg,34334,f307dfba76aab736f947046388bef389,4b2da8b4308f87cd
train_fake_GADCUIO4SK.jpg,fake,train,train,train/fake/GADCUIO4SK.jpg,23507,6907b84b76503597a5bf4e385187cf23,5f287c20707a82df
train_fake_GAYNMSSUEL.jpg,fake,train,train,train/fake/GAYNMSSUEL.jpg,23125,a0fe1abc0fede1ecaf51c497c726d728,075a2d70a17ea3d4
train_fake_GBHWH3V794.jpg,fake,train,train,train/fake/GBHWH3V794.jpg,35082,24ec196f0227aad7f8eadd7d709cff8e,2ff4f481808bceca
train_fake_GCFVM71A30.jpg,fake,train,train,train/fake/GCFVM71A30.jpg,28767,453cf00e25b9a7596f59e4c525478930,56e86ba5e4a5849c
train_fake_GCH9844LQG.jpg,fake,train,train,train/fake/GCH9844LQG.jpg,27830,d986ea946d18913f06e71fd1d8bef5c1,1fa17680b40d7adc
train_fake_GCXEOJ4S8C.jpg,fake,train,train,train/fake/GCXEOJ4S8C.jpg,43648,5ec62e897c433d710d9fa1dd8146f00b,6f8cb4b07003cbc7
train_fake_GD8L7WVRQ9.jpg,fake,train,train,train/fake/GD8L7WVRQ9.jpg,26369,8c26f795065cd430ef300789d683590b,093a34c3a6db96d8
train_fake_GFIHG6GVCG.jpg,fake,train,train,train/fake/GFIHG6GVCG.jpg,25868,544bc29a9ddc165a817c36656bbe4e97,1e68782505dede89
train_fake_GFIPR8NYUT.jpg,fake,train,train,train/fake/GFIPR8NYUT.jpg,29182,c9b0a2a26fd4f3ad69ec3a48ec755166,17f9a017a21eca9c
train_fake_GFT9W5ZT45.jpg,fake,train,train,train/fake/GFT9W5ZT45.jpg,28236,5767d410435ded886c375256793000be,4b2f7032744987da
train_fake_GFYE2NQT89.jpg,fake,train,train,train/fake/GFYE2NQT89.jpg,32562,4050309cff3ee2d3db8621a235843e61,5e27219249de659a
train_fake_GH5ZJWNCPC.jpg,fake,train,train,train/fake/GH5ZJWNCPC.jpg,25831,c2d7656c4d0218070d464c0be501fbad,7ee021a7a325c7c4
train_fake_GH8PYM2M3Q.jpg,fake,train,train,train/fake/GH8PYM2M3Q.jpg,30433,b582607d445c42b3cadcc87488905794,0f3c32b2d299dac8
train_fake_GJIWPN9TOQ.jpg,fake,train,train,train/fake/GJIWPN9TOQ.jpg,25190,2bfc24fccb5f36e6a472a1276f37f21a,5a6a61e32563958d
train_fake_GJTEH5KHMB.jpg,fake,train,train,train/fake/GJTEH5KHMB.jpg,28573,e54730ae76de8305b37383b47f717560,4aea255674ad2798
train_fake_GJTR1LAR5E.jpg,fake,train,train,train/fake/GJTR1LAR5E.jpg,25055,b0a25c91050618a6a30f2534d5b48aed,5f67a072a2685e8a
train_fake_GKJNAXYJUJ.jpg,fake,train,train,train/fake/GKJNAXYJUJ.jpg,28957,52e96de12dfd5853bab22f09b24ac13f,5aa4a40062fedf8b
train_fake_GKPZ4ZFQFA.jpg,fake,train,train,train/fake/GKPZ4ZFQFA.jpg,26982,9c68f132c3e13724273f00815ab751c8,792f2172a55883da
train_fake_GL58K6AKTV.jpg,fake,train,train,train/fake/GL58K6AKTV.jpg,27714,0eee022069242c1f2dea676e13e4c9f0,1b246937e51ac29b
train_fake_GLH2JFO908.jpg,fake,train,train,train/fake/GLH2JFO908.jpg,24822,fb6539d3f31fe76e464d079c6af73859,544b6bb4a4778698
train_fake_GLREP61JPS.jpg,fake,train,train,train/fake/GLREP61JPS.jpg,26223,f4828f91e5e0362cacf1754f8fd5c8bf,0dbe36b6723812d8
train_fake_GLXFJIRXYE.jpg,fake,train,train,train/fake/GLXFJIRXYE.jpg,26911,3a55487e384f60e305234b14bcbf23dd,6ae5258516c69e9a
train_fake_GNW4BIOW01.jpg,fake,train,train,train/fake/GNW4BIOW01.jpg,27861,915bc5bab0e6e0199bf5d94a7e39fcde,0b4b7a72702fc18b
train_fake_GOKSF7Y52B.jpg,fake,train,train,train/fake/GOKSF7Y52B.jpg,27002,0b85959ee4db3d9ff3428abd9b72c974,3f3c61e0d4a8d293
train_fake_GPEP7MKCIS.jpg,fake,train,train,train/fake/GPEP7MKCIS.jpg,31285,af61729df6272ee7a75bbee4803e384d,382fa3a194d09fc3
train_fake_GPN09P5OI0.jpg,fake,train,train,train/fake/GPN09P5OI0.jpg,30210,5a733c7a3856347255ea6046d032d913,2c7c75b051a88add
train_fake_GPOM33NCR5.jpg,fake,train,train,train/fake/GPOM33NCR5.jpg,33289,fad2934ddeb374d0886272cf6b15d7ed,58ca2d232567d695
train_fake_GQH7K577ZE.jpg,fake,train,train,train/fake/GQH7K577ZE.jpg,24218,7cecef616bf842dad7a41c31f4db9d51,7fb0e8c240c3878f
train_fake_GR2VGHWQ5K.jpg,fake,train,train,train/fake/GR2VGHWQ5K.jpg,28966,4fc7f62ffd63ef28a78a5ee435a9d4d4,7a2fa1e152c70b8a
train_fake_GSDW2ETD7O.jpg,fake,train,train,train/fake/GSDW2ETD7O.jpg,28568,18cda55f66889ba23d74438629a91f66,4ae829a7a10cd7dc
train_fake_GTAKGTDOB6.jpg,fake,train,train,train/fake/GTAKGTDOB6.jpg,27562,c26cbc2abe653780ac1d8c126489c50a,746af460a022cfd7
train_fake_GTCBHYARDQ.jpg,fake,train,train,train/fake/GTCBHYARDQ.jpg,32864,e0fd3ba73449b82bc5d0997500ad9bbb,07be16072235f1da
train_fake_GUQG6RMTXW.jpg,fake,train,train,train/fake/GUQG6RMTXW.jpg,26504,7732baf3df8b3ca52e7e61ca6586c49c,39ea63a565058ec9
train_fake_GVDWFB7MQ9.jpg,fake,train,train,train/fake/GVDWFB7MQ9.jpg,28165,d5455f11da035af90ea5573319c9a27c,5a8328e0757926dd
train_fake_GW8NNY5KYV.jpg,fake,train,train,train/fake/GW8NNY5KYV.jpg,32238,9e838311a018b81024863f3f84f07bfe,586324da8ff00ed9
train_fake_GWC2GB0161.jpg,fake,train,train,train/fake/GWC2GB0161.jpg,25741,55b3dbb46dd2c3d12f2617db460b5259,493e3cf07101dace
train_fake_GWQ2CHGMHH.jpg,fake,train,train,train/fake/GWQ2CHGMHH.jpg,24195,38c11e83ff2edabc3999982af473da48,686aa5b596989acc
train_fake_GY6ZF8MBS0.jpg,fake,train,train,train/fake/GY6ZF8MBS0.jpg,40421,e545ad7def6f85a38843a4724a66528a,0df070b7a35a838d
train_fake_GYUBYEAPWJ.jpg,fake,train,train,train/fake/GYUBYEAPWJ.jpg,24007,f96cf2b6611dfeb221900cd26ef42b6b,093e74f264a5aad8
train_fake_GZ09E1PMCN.jpg,fake,train,train,train/fake/GZ09E1PMCN.jpg,20066,e2ef730fee80d41ea60bb5d2baaa54ff,2d39b2b0c387c3ca
train_fake_GZM1J9DCZT.jpg,fake,train,train,train/fake/GZM1J9DCZT.jpg,20513,0f3a71167126dee237fa6d1558b724d4,687825b567a5868e
train_fake_H1BREHUCOK.jpg,fake,train,train,train/fake/H1BREHUCOK.jpg,29786,fa11826c64fd717e490f3dff39d8302a,2ae04165782bd7da
train_fake_H1HE312MAB.jpg,fake,train,train,train/fake/H1HE312MAB.jpg,26829,405d5f91157ca5646a167b5af8d0c019,1e805f0ba5787e89
train_fake_H1JLRZ3J8U.jpg,fake,train,train,train/fake/H1JLRZ3J8U.jpg,24968,e7d96488c7ec6d8307e7bd064d08c183,4f38652266d887d9
train_fake_H1T944CGAK.jpg,fake,train,train,train/fake/H1T944CGAK.jpg,25497,232ba7c08caeb2d0e21487548ab4c781,086e7867662cda9c
train_fake_H2RLXDR733.jpg,fake,train,train,train/fake/H2RLXDR733.jpg,26820,b0172075098c5ba464ce386c1db293a7,6abc25a53426b68e
train_fake_H3SA7FCXNB.jpg,fake,train,train,train/fake/H3SA7FCXNB.jpg,26466,749f5f878dec6b2e54f5d5f9fbc1cb4d,7861a787dd1d24d0
train_fake_H45KJQZLO9.jpg,fake,train,train,train/fake/H45KJQZLO9.jpg,32806,975d6e126c060fe8da4c73dd7388118a,478f2e35683170c7
train_fake_H4FWLKF651.jpg,fake,train,train,train/fake/H4FWLKF651.jpg,23170,39e8def3886d2b463283f63456ee08f3,1ee86be56534069a
train_fake_H4JIMO8MYP.jpg,fake,train,train,train/fake/H4JIMO8MYP.jpg,24194,ac7d361e56ca4e7afa318ca535a96ae7,5e023ce7206dae9c
train_fake_H4MTRBKS7Z.jpg,fake,train,train,train/fake/H4MTRBKS7Z.jpg,22756,4eb8f7d3879c7a9c9df39ed2361d8afc,6b858dc23ce19ed0
train_fake_H4RR444GCO.jpg,fake,train,train,train/fake/H4RR444GCO.jpg,31585,862d7ab434c77f80a4ec0dec7af85d2c,0bb5bcd2700bcb8a
train_fake_H5F84UNM86.jpg,fake,train,train,train/fake/H5F84UNM86.jpg,24062,1b907252e2e63ad47ed874706b3a9c30,0ffc49b663a4d288
train_fake_H62ARUQZGJ.jpg,fake,train,train,train/fake/H62ARUQZGJ.jpg,29090,69f28ac0af9d6d1d46afcce4ab4b63fa,78ab61a7272a878a
train_fake_H6YNC3TJ8I.jpg,fake,train,train,train/fake/H6YNC3TJ8I.jpg,30693,9503c7daec6746cbdd10f757b8b0d3c1,07297c25746aa7d2
train_fake_H7R4N8LAUI.jpg,fake,train,train,train/fake/H7R4N8LAUI.jpg,23371,86faafce16dea8a3f517a219e7abe34c,0b763592d18d66c5
train_fake_H8IULC3QL7.jpg,fake,train,train,train/fake/H8IULC3QL7.jpg,25867,54fd8dc2c652a342cc092910ace737f1,4ae528e702aadf8a
train_fake_H8LXRKEGPJ.jpg,fake,train,train,train/fake/H8LXRKEGPJ.jpg,33400,d159ee18abe109e954f7e04c7b0a8d00,7dadadf870346084
train_fake_H8NNZ6BPA5.jpg,fake,train,train,train/fake/H8NNZ6BPA5.jpg,33768,3eb244730fb3db7308fdc1420725d4e5,786b23c7e00b598b
train_fake_H9HRKIGELP.jpg,fake,train,train,train/fake/H9HRKIGELP.jpg,25722,7173533944e36f8e327cb10bd8609cdb,4d1cee603274439f
train_fake_H9T7XV1O0U.jpg,fake,train,train,train/fake/H9T7XV1O0U.jpg,44103,276e8fd6c15f47165de91aa5c12dc2c9,3dc8c5d28b88cc5e
train_fake_HC2WUDNK0T.jpg,fake,train,train,train/fake/HC2WUDNK0T.jpg,31239,426dfd92629126358a927d63266ec29c,0b8e69adf03c878a
train_fake_HDB11YB8WA.jpg,fake,train,train,train/fake/HDB11YB8WA.jpg,26087,e3ddf4116e00ca5c0a5775dd06d682f4,35ef12f010f0c39b
train_fake_HFCGODI2PO.jpg,fake,train,train,train/fake/HFCGODI2PO.jpg,33362,05e097e1773416a37b4ff0ac1b15973e,6ea5f8938889f494
train_fake_HG3LLMXVOT.jpg,fake,train,train,train/fake/HG3LLMXVOT.jpg,28481,f9aa5fb0427bb7fd2bb557dd7eda5c00,7a7863216560879f
train_fake_HH8G58W5AK.jpg,fake,train,train,train/fake/HH8G58W5AK.jpg,20199,f5f832b74d1c2034931a4073384f0526,70e92ee7a4c5849c
train_fake_HHUDES2G2F.jpg,fake,train,train,train/fake/HHUDES2G2F.jpg,30988,cadf6c35f40c6bfafb9aa0d8f60f416d,03b46ff0702b91cb
train_fake_HI96UML3QF.jpg,fake,train,train,train/fake/HI96UML3QF.jpg,24684,c9d21b65a74479eb63641b650f17129e,78a671a576a15683
train_fake_HJHGFS7JZP.jpg,fake,train,train,train/fake/HJHGFS7JZP.jpg,25073,464a5ee0ba292cedfb1532df0775934c,58212f1637f0cbd8
train_fake_HJSQHXRXMQ.jpg,fake,train,train,train/fake/HJSQHXRXMQ.jpg,26465,dca6764cb5085ecf939b4205a37bf661,78a678a3656165c9
train_fake_HJUCD2B1P1.jpg,fake,train,train,train/fake/HJUCD2B1P1.jpg,23961,d08666cd77f6453eeccdc1a054cec5d5,687a01a57527e197
train_fake_HK1SBOEWCD.jpg,fake,train,train,train/fake/HK1SBOEWCD.jpg,28318,1f6b4404f92083401a7b50eb5ee4dc84,4e2df1273115d28d
train_fake_HK2FVICOJA.jpg,fake,train,train,train/fake/HK2FVICOJA.jpg,35715,3e3d43ce9236490d1d64e13ea96b6ef9,166371e72364c29e
train_fake_HK58L1TGRV.jpg,fake,train,train,train/fake/HK58L1TGRV.jpg,26999,b8828c2a671b3d798fd2deb328f40b7b,4b2f34367011b0df
train_fake_HKG6AERQM3.jpg,fake,train,train,train/fake/HKG6AERQM3.jpg,31173,ca55475b4352049097244fb2882b9795,08f877a3407cd71a
train_fake_HKN3V22AUD.jpg,fake,train,train,train/fake/HKN3V22AUD.jpg,31097,2f6559263cb26c17360bfc817c0ba174,2fa53ef2b050b318
train_fake_HKV24N27TU.jpg,fake,train,train,train/fake/HKV24N27TU.jpg,28393,c93c222f3b0f6cd04007c0cb5aba38ea,5a7d3c70757d0380
train_fake_HM0DGB4VWF.jpg,fake,train,train,train/fake/HM0DGB4VWF.jpg,28660,a6d20d7dae5f154d0db2ce213e096e11,581e2b23252a2edf
train_fake_HM73UWG6NS.jpg,fake,train,train,train/fake/HM73UWG6NS.jpg,36805,c719c7b294f7b7df5008cfa8e0ff273d,0e382ca2664fd5da
train_fake_HMCTCN7G3H.jpg,fake,train,train,train/fake/HMCTCN7G3H.jpg,31474,6e8f1035568d77e115141a8541f85436,179ca8a0f167838f
train_fake_HNKML27SUK.jpg,fake,train,train,train/fake/HNKML27SUK.jpg,26381,16df0e8709d37683130a93085f5df349,3f0f78743070b2d2
train_fake_HNYD40OH1N.jpg,fake,train,train,train/fake/HNYD40OH1N.jpg,28157,21f8ef9acc2c9d2306debda5bc26e194,5f403977205ccb95
train_fake_HOEIQ5HFGT.jpg,fake,train,train,train/fake/HOEIQ5HFGT.jpg,31599,e0a5660e2ef086798ee7126eaf813cf5,65bf36b0709671c0
train_fake_HP60D4UK0I.jpg,fake,train,train,train/fake/HP60D4UK0I.jpg,24068,9740c645c548c95c6c60073137b5b166,2cba21b172b3d293
train_fake_HPGY0X0VQI.jpg,fake,train,train,train/fake/HPGY0X0VQI.jpg,25350,bbb408661a0878a988e46a8ca4ef4a66,0f683230f07be3ca
train_fake_HQPQLTD8RC.jpg,fake,train,train,train/fake/HQPQLTD8RC.jpg,32426,d9497cd6cdda85deb59674c842113485,5ae161d367c88e58
train_fake_HR5HIVVKU1.jpg,fake,train,train,train/fake/HR5HIVVKU1.jpg,29266,0705bb2305d4a21a92c57f469ee7d82f,693821f4257597ca
train_fake_HRDE8J28KU.jpg,fake,train,train,train/fake/HRDE8J28KU.jpg,33064,ef6b5096bd8c2007537dc222d60d3da8,28a125e182e5d7fa
train_fake_HSQZ8KZ2F3.jpg,fake,train,train,train/fake/HSQZ8KZ2F3.jpg,24388,b739e33e328aea2bd839a513a98c71a4,3bf56061f422978a
train_fake_HTEVTC9CW2.jpg,fake,train,train,train/fake/HTEVTC9CW2.jpg,27754,f5ad2a753a3d495ade0bf4bed06dd1a8,5bf620a2271457dc
train_fake_HTGCLU5Q71.jpg,fake,train,train,train/fake/HTGCLU5Q71.jpg,24362,9fc474aeda8dc2e4b3ef4a0c3ff40465,7ae915a1055ee196
train_fake_HV5Q9RDSRL.jpg,fake,train,train,train/fake/HV5Q9RDSRL.jpg,22055,d755b68661b94a7e4f26981b9e976e58,788ce7a546a5168e
train_fake_HVC6IOS2CY.jpg,fake,train,train,train/fake/HVC6IOS2CY.jpg,27561,05d2a6c5d91d7dc56e5b96b8b6ed7fb0,50e3eba6a58c9698
train_fake_HVNQPLBD0X.jpg,fake,train,train,train/fake/HVNQPLBD0X.jpg,27322,7f76f21edfbfdd031abb968b333e0517,2b36759fe07c00ac
train_fake_HVS4Q816MQ.jpg,fake,train,train,train/fake/HVS4Q816MQ.jpg,26008,e7d144146426f682a3a3d3f8319efadb,40af85b43162d7cb
train_fake_HVU6HBZD1L.jpg,fake,train,train,train/fake/HVU6HBZD1L.jpg,28334,53522a3082da94e25a0f4c20a04cc29a,2df072f660b5c291
train_fake_HW51F5FIOO.jpg,fake,train,train,train/fake/HW51F5FIOO.jpg,25419,4faf319a4024e98baaeff9f24e4401da,3d2f52e05e4394d2
train_fake_HWRNRUEL7Q.jpg,fake,train,train,train/fake/HWRNRUEL7Q.jpg,26617,499554a42a6dd731d1838fa86d4150f9,6bb474e2e083c3c9
train_fake_HWYP3HBEKK.jpg,fake,train,train,train/fake/HWYP3HBEKK.jpg,30624,107f6af4976c1de247eebddc92effd70,1ef82523255696dc
train_fake_HX7OUDZQE0.jpg,fake,train,train,train/fake/HX7OUDZQE0.jpg,28867,3637b47f3206a12f04fd85a1d61ea37a,74f582d28f88c89d
train_fake_HYQIGXFO2R.jpg,fake,train,train,train/fake/HYQIGXFO2R.jpg,26422,1c3b43fd031ca6d0134af343bff67ef2,14de6b51257066cb
train_fake_HZ3OVJ0NBG.jpg,fake,train,train,train/fake/HZ3OVJ0NBG.jpg,33236,b9ea15cec065ea5534e5214083dbc2dc,75f58282d29c878d
train_fake_HZFLVNAFST.jpg,fake,train,train,train/fake/HZFLVNAFST.jpg,27585,aa51b7284a39fe863f1f555e4e673b09,68fc458594ce9e8a
train_fake_I0H95IUEDO.jpg,fake,train,train,train/fake/I0H95IUEDO.jpg,36872,bccdbf676bfbf14142048cfa215cb9d8,1c6af057f2a8c3d0
train_fake_I0Q4LFBG8X.jpg,fake,train,train,train/fake/I0Q4LFBG8X.jpg,36445,943904ff35a089963ec87152f12a7d92,3d7c75a0f02a62f0
train_fake_I1GLR7PFLJ.jpg,fake,train,train,train/fake/I1GLR7PFLJ.jpg,21257,40bffed1cf0b8c751d95cf6c75a13a8f,6a3c25a566a5d686
train_fake_I1Y8USBDDE.jpg,fake,train,train,train/fake/I1Y8USBDDE.jpg,21275,4116fe13df8736c28afd7abcc4f24b8c,0a746c332779c3c9
train_fake_I2896EVRWD.jpg,fake,train,train,train/fake/I2896EVRWD.jpg,26432,cb01c62d0f2f204fb2df40166dd798aa,588e7992207b96cb
train_fake_I2CIF4XU4U.jpg,fake,train,train,train/fake/I2CIF4XU4U.jpg,25127,ae7bd036438ab81187370ce929689569,400f703ff019dec9
train_fake_I3101ZWGW8.jpg,fake,train,train,train/fake/I3101ZWGW8.jpg,34964,91d55212e1eaf3ea810eb4503331ddeb,3dc9d0fd81680a7a
train_fake_I3CWPW0DML.jpg,fake,train,train,train/fake/I3CWPW0DML.jpg,33486,7aef7fd2160cc30b76ad453aabf99c98,10efa9472e099ec9
train_fake_I3EFGV733P.jpg,fake,train,train,train/fake/I3EFGV733P.jpg,21494,2ec1c682415007f1b24be5de7c085453,0c457ca65632a7cb
train_fake_I3RVLX6PNL.jpg,fake,train,train,train/fake/I3RVLX6PNL.jpg,28409,f7605db514a25aea3e503b574a0785d8,3dcb90ea03d847ca
train_fake_I3SJZT7EVJ.jpg,fake,train,train,train/fake/I3SJZT7EVJ.jpg,33389,f58e7749a303728f6bc2a09e676e97fe,153074c30e8f7bcc
train_fake_I5GO69X9SY.jpg,fake,train,train,train/fake/I5GO69X9SY.jpg,24220,3f3ac4b2abe4247bfb26bf1a926e2ba2,0b3474f2e29b86d8
train_fake_I64CK2N59Z.jpg,fake,train,train,train/fake/I64CK2N59Z.jpg,31180,115b94bb65627c3ad5804ab78b0074be,3fe2f2528a198b89
train_fake_I64OP0F8L9.jpg,fake,train,train,train/fake/I64OP0F8L9.jpg,28333,70f251a54f84a8ccbf992d9af2024f28,78d978e1272907cc
train_fake_I691TEAD50.jpg,fake,train,train,train/fake/I691TEAD50.jpg,22540,7ac953d9c0b6324ca230a4bafb915cda,50c106f11ef98ed9
train_fake_I6VH3P0233.jpg,fake,train,train,train/fake/I6VH3P0233.jpg,27123,a93abf680789b8d73c9a67d9e6ecc49e,6aba61a125e187cd
train_fake_I7S5H5JR3C.jpg,fake,train,train,train/fake/I7S5H5JR3C.jpg,36373,7384f0b8be26b3899b75767641883d7c,5aad35e122e886d6
train_fake_I9QSQV4511.jpg,fake,train,train,train/fake/I9QSQV4511.jpg,34002,e473d5df3d8ffa56cafe72032530fde2,0a5b315bfa59208f
train_fake_IAG6KR4VEB.jpg,fake,train,train,train/fake/IAG6KR4VEB.jpg,26644,7a93457c74c1b6feb481d1bf03f771c8,3ee5d0c3895c968a
train_fake_IAIPNU5YIB.jpg,fake,train,train,train/fake/IAIPNU5YIB.jpg,21277,f6b1ad561056179ac85995349e5bc413,1f306d92d618f389
train_fake_IB18GRWHS2.jpg,fake,train,train,train/fake/IB18GRWHS2.jpg,28739,576f02adc4df7602320707a1744da896,0f567812751da2ad
train_fake_IB1HEKCV45.jpg,fake,train,train,train/fake/IB1HEKCV45.jpg,26363,81c87b0c47d8cccc2fe8feff03fe0557,5ee93073332093cb
train_fake_IB32BSPQPX.jpg,fake,train,train,train/fake/IB32BSPQPX.jpg,27728,bef99f329e999994cabc8a082245f3dd,0ad00bbe6b3dc28d
train_fake_IBWIVUX1F7.jpg,fake,train,train,train/fake/IBWIVUX1F7.jpg,43226,9074d2fc1ae0012ed1a292e75fa134ad,4ea7a0df287867c0
train_fake_ICCXSESY9M.jpg,fake,train,train,train/fake/ICCXSESY9M.jpg,34398,38a616637b4e233bf92551244a60028a,1a4eab6ce045f38c
train_fake_ICW9JDXTKD.jpg,fake,train,train,train/fake/ICW9JDXTKD.jpg,24818,22e83cd69aeb4897535bcdc0ef10bc3d,60eb07e954e19cc5
train_fake_IDNQ7MIGT8.jpg,fake,train,train,train/fake/IDNQ7MIGT8.jpg,34365,37443ea04dafa93c11438beca430a490,1df4f5c2c441c6c9
train_fake_IEKOMPJ450.jpg,fake,train,train,train/fake/IEKOMPJ450.jpg,28696,4aefc69abde4ec8f7dd469ddb374883b,5e7d7c22a4098ec3
train_fake_IELDTHKO65.jpg,fake,train,train,train/fake/IELDTHKO65.jpg,29809,9579660e72bde9d6c86dedc467dae627,0f583d22752c87d6
train_fake_IF3ZOLLVFK.jpg,fake,train,train,train/fake/IF3ZOLLVFK.jpg,23473,4d2fe839f5fc1ccb743ebe044a3ea5f1,3ff400b1e117c2cb
train_fake_IFDP1OJYEJ.jpg,fake,train,train,train/fake/IFDP1OJYEJ.jpg,28412,4cf19b953e0ece1ac4c9ed26384c421a,4d1a6c72626387c7
train_fake_IFF9B8TT6H.jpg,fake,train,train,train/fake/IFF9B8TT6H.jpg,32797,fc366d3a54df0f6647157337a4cc2bdd,4bb53db03203c3cb
train_fake_IHSSPT3O6P.jpg,fake,train,train,train/fake/IHSSPT3O6P.jpg,22584,41dd1fa95b11179456e371c5bd9d6f2b,5e212972256dc29f
train_fake_IHX0KKYZTY.jpg,fake,train,train,train/fake/IHX0KKYZTY.jpg,30364,3ab8530e63435361b11a556a068363c0,2dbebcf2f0918089
train_fake_IHZ0SRZT03.jpg,fake,train,train,train/fake/IHZ0SRZT03.jpg,27916,cbb7e9e89f5dd70d30bbd60a0dfa81d7,1fedad42700a7592
train_fake_II5R4SFPKS.jpg,fake,train,train,train/fake/II5R4SFPKS.jpg,26342,63bdeb241406fb0cda2bdc372a6892bc,4f910af87909f5c8
train_fake_II5TXAU0UD.jpg,fake,train,train,train/fake/II5TXAU0UD.jpg,26542,737ec8505fc7c835cb7bd3d0a95c9afa,7a7e20a187c95789
train_fake_IIA1XVZNKX.jpg,fake,train,train,train/fake/IIA1XVZNKX.jpg,24729,2ab6d3b7cb1d24458acc05f8cf915f74,1a256927660ef29b
train_fake_IJ1KEAGAON.jpg,fake,train,train,train/fake/IJ1KEAGAON.jpg,35096,a9027b2ca67dd395694b800bc59c6760,1a29a082bef8daf8
train_fake_IK4EUCGWOD.jpg,fake,train,train,train/fake/IK4EUCGWOD.jpg,27797,9e5daa7de671dc30aaa90e1065dec4c5,4f3e7470705107da
train_fake_IMZA1YFXXZ.jpg,fake,train,train,train/fake/IMZA1YFXXZ.jpg,26774,b499ec8f2dc75ff69915fdaf6df28c84,08c22d81f57d77c8
train_fake_IO6YFOXHQE.jpg,fake,train,train,train/fake/IO6YFOXHQE.jpg,27243,a8b544e5b8e84fb0e4b1446fe8dfa30f,1e397a7a25689689
train_fake_IOPQ73OMR6.jpg,fake,train,train,train/fake/IOPQ73OMR6.jpg,34288,e7398a86e42d1d5eceb841245652771f,7058e3232524f69f
train_fake_IORYGJV759.jpg,fake,train,train,train/fake/IORYGJV759.jpg,29893,76739219a4e5655282eedae4fe46867f,14166b6a656de6c4
train_fake_IPHS1ZZZ16.jpg,fake,train,train,train/fake/IPHS1ZZZ16.jpg,27420,13aead5f96ef0b50f276ea049cf5b4f6,252d76f2f0b183d0
train_fake_IPRTBDCXB2.jpg,fake,train,train,train/fake/IPRTBDCXB2.jpg,29775,d385f2dfe306cec85b186b3f33db89ac,7aeeaae194602b94
train_fake_IQCYO008UL.jpg,fake,train,train,train/fake/IQCYO008UL.jpg,20492,17ff41ec49cd34f6e75d52efb7c8f29d,4f732d72308ddb80
train_fake_IR9RLV6GJC.jpg,fake,train,train,train/fake/IR9RLV6GJC.jpg,28360,a7880e5f185553d47b607611e2db152f,0552b6d2e389c78d
train_fake_IRHA20CRVR.jpg,fake,train,train,train/fake/IRHA20CRVR.jpg,29647,7acdf7f77fefad07bdf905fb74d32d09,422a35f0b1a9de87
train_fake_IRJ571QAX2.jpg,fake,train,train,train/fake/IRJ571QAX2.jpg,27564,c6199bbe91c17d02a8a7285f38dfcb1c,2b2b50f05382d3db
train_fake_IT5A0O9GLL.jpg,fake,train,train,train/fake/IT5A0O9GLL.jpg,25000,2ba0e5274e31c80585da639576f905dd,6aeaa7a5e404968e
train_fake_ITD7KRPVYK.jpg,fake,train,train,train/fake/ITD7KRPVYK.jpg,27635,c2d24e8f6bc8d1d23690c2ee46e14fd0,5c6b23a704d0dd8d
train_fake_ITTWBHE0ZP.jpg,fake,train,train,train/fake/ITTWBHE0ZP.jpg,30152,676278700236f19c95ededcacd433ef5,0f682077a15de387
train_fake_IUJ2QIOGTG.jpg,fake,train,train,train/fake/IUJ2QIOGTG.jpg,30137,0ee3a38b4f4343796105461268f4d5da,2fb474d2705383cc
train_fake_IVR2KHTYPZ.jpg,fake,train,train,train/fake/IVR2KHTYPZ.jpg,22467,7eacdf68ba30693b7257f28202e870d2,4f342c32e30dcf94
train_fake_IWW8XGAFIG.jpg,fake,train,train,train/fake/IWW8XGAFIG.jpg,26662,90ec43b405d0d25b1ddf1b536634078e,7068af85cc989b9a
train_fake_IYEU3V6BCK.jpg,fake,train,train,train/fake/IYEU3V6BCK.jpg,33331,e3b5efde276ebc394c0b47edd208b107,18ca25632567969f
train_fake_IYH7OHBTG4.jpg,fake,train,train,train/fake/IYH7OHBTG4.jpg,27963,801f2d753f95a7fa29cd2a66460826f8,16682127a51edf9c
train_fake_J02B4TUKHG.jpg,fake,train,train,train/fake/J02B4TUKHG.jpg,32104,7eef6351393c995b738f09be19e40023,2d2d34f0b19bd08b
train_fake_J0ISR6A7N8.jpg,fake,train,train,train/fake/J0ISR6A7N8.jpg,22600,e4fa22beae508bc0295cff9e8f2fe126,2f857472621bc798
train_fake_J11LEIK8ZW.jpg,fake,train,train,train/fake/J11LEIK8ZW.jpg,29717,ce3ec6f536c8b79aa2f7b2b203b1335c,72ad87161c1a9ad9
train_fake_J1FQVCZMH7.jpg,fake,train,train,train/fake/J1FQVCZMH7.jpg,38852,e13be7341c8fcf096ae0cff0f13e441f,124e2bd764589adc
train_fake_J24FVZ0F4V.jpg,fake,train,train,train/fake/J24FVZ0F4V.jpg,28236,0a8f8b5a5159e19a6d9ae03605b3b23b,4f6264a3d6781a78
train_fake_J2H3FFGDDZ.jpg,fake,train,train,train/fake/J2H3FFGDDZ.jpg,29953,a4f69ecab2814689b45140e7e1ec9fbc,6e7b78b07052878a
train_fake_J2Z5TXRKOM.jpg,fake,train,train,train/fake/J2Z5TXRKOM.jpg,27318,c84a3ba582d4e9d2989d458a347827ea,2fb4f480c283c3cf
train_fake_J328OIAGJ5.jpg,fake,train,train,train/fake/J328OIAGJ5.jpg,38384,4752e2ac30dbd990bc76ac3ab954e733,03bc3ed2d49988d9
train_fake_J42I1RTXFA.jpg,fake,train,train,train/fake/J42I1RTXFA.jpg,29184,255a692177cba9af242cf92853ccde31,7e7e25c08671d286
train_fake_J54IPUDWDB.jpg,fake,train,train,train/fake/J54IPUDWDB.jpg,23898,50f597d019ce1cf9b1681e99dbdec0de,2ae061a537a6d696
train_fake_J5G1211A9H.jpg,fake,train,train,train/fake/J5G1211A9H.jpg,25313,a20ef9424a263179bdb376f459552799,059e899f9c695a89
train_fake_J5M4M46DQ0.jpg,fake,train,train,train/fake/J5M4M46DQ0.jpg,26588,3b27a9621fd74cbb58dcbb502f581dbd,6a1dad29a062d7c9
train_fake_J5URWGXAKK.jpg,fake,train,train,train/fake/J5URWGXAKK.jpg,36782,94fdbe97cd709a01372df7ce5aba69bc,13e13fc007c887dd
train_fake_J66ET56IZX.jpg,fake,train,train,train/fake/J66ET56IZX.jpg,20448,ee783bceb162883f10409548ae35c3a8,4c4e310ff133f08e
train_fake_J6NY3VEFZL.jpg,fake,train,train,train/fake/J6NY3VEFZL.jpg,38843,f463353a5decf5ae4556ce997b2c69e7,149e9ad7dac05b88
train_fake_J7BIOS8H88.jpg,fake,train,train,train/fake/J7BIOS8H88.jpg,24195,7fa8a8331418f636caee93cdb72245aa,4a7525f2215b87d8
train_fake_J84TFWJNCT.jpg,fake,train,train,train/fake/J84TFWJNCT.jpg,32725,9ca5bf0a6a8d7706edc4d20004e8e9ef,3a2d2ae320a5ca9f
train_fake_J86V8KWQ0L.jpg,fake,train,train,train/fake/J86V8KWQ0L.jpg,27183,7c8d124e70f3653bd81d7077dbf7b24a,789ca385a6949e9a
train_fake_J8NGHKI8XZ.jpg,fake,train,train,train/fake/J8NGHKI8XZ.jpg,30072,b3406545ca70d6ff8ddc949de8f51e3f,2f3cb474e0f44392
train_fake_J8NU1TRZVV.jpg,fake,train,train,train/fake/J8NU1TRZVV.jpg,30420,6c83faf9ab618e015348622c081fedc4,093c7056637ac7cc
train_fake_J93MSV2DNY.jpg,fake,train,train,train/fake/J93MSV2DNY.jpg,31200,d797c886a1f7dd4eac0a545583ef9cf3,4ada75d39d1c3450
train_fake_J9D85Q2KOZ.jpg,fake,train,train,train/fake/J9D85Q2KOZ.jpg,22145,a07c3868286378e3f8012e5da7f45670,4f3524726a1983dd
train_fake_J9OMJHA8J2.jpg,fake,train,train,train/fake/J9OMJHA8J2.jpg,26550,471760a1713c3269e6fbbfceb6ecde3f,0be434b263cb838f
train_fake_JB0DJHU7OU.jpg,fake,train,train,train/fake/JB0DJHU7OU.jpg,23928,2049478ec13b68ddb4fc7cd0fb8a7375,0b1554b22373e8db
train_fake_JCRSLJ7E2S.jpg,fake,train,train,train/fake/JCRSLJ7E2S.jpg,24710,2c19d2d45b21d901682b3ba91e6be815,1c3d68622678d3d9
train_fake_JDQBWBMMU5.jpg,fake,train,train,train/fake/JDQBWBMMU5.jpg,27255,03e7a6f6bec3f24b1f0b1f101bd1a895,0e60a1d7ff0d868c
train_fake_JEQ3DEAQBD.jpg,fake,train,train,train/fake/JEQ3DEAQBD.jpg,23812,e89677616a16be0d0d2f5402963e9359,5a742143ce8dd62d
train_fake_JEZ7C34UYE.jpg,fake,train,train,train/fake/JEZ7C34UYE.jpg,28339,1fe4e4400f3382db595a23ab71f1e0eb,0b3f74b6c08bf098
train_fake_JGU0RPYFLO.jpg,fake,train,train,train/fake/JGU0RPYFLO.jpg,33235,59cd714b8a9b8db65c4ebb59a61f747c,4fb575a520a5868b
train_fake_JI4O7NG2Q2.jpg,fake,train,train,train/fake/JI4O7NG2Q2.jpg,24081,ba6ed625641565a0cef818b7cf61de0c,5ea131a732ca87cc
train_fake_JIDOY2U7DQ.jpg,fake,train,train,train/fake/JIDOY2U7DQ.jpg,28864,99bb99f6c27bd688c4174a6a32db83b4,25b770b6d09878d4
train_fake_JIL7MZ0DRH.jpg,fake,train,train,train/fake/JIL7MZ0DRH.jpg,25374,55422bc2d6fac56a01f3b78e3c2732c3,1e5a6b31e03ec698
train_fake_JJB6LQUFJ6.jpg,fake,train,train,train/fake/JJB6LQUFJ6.jpg,28316,2bd088eea38c2c6a485f6bf82b60d935,5e6968a52546d68e
train_fake_JKESP1V2PQ.jpg,fake,train,train,train/fake/JKESP1V2PQ.jpg,26985,ec03b324454b1b16a23969b739ea9875,5e257002734bcf8e
train_fake_JL47O1YEXN.jpg,fake,train,train,train/fake/JL47O1YEXN.jpg,34559,5764ee3928c2fa52606f891d05c62a88,38d0630f4726e69e
train_fake_JL54FKA7BZ.jpg,fake,train,train,train/fake/JL54FKA7BZ.jpg,42084,f0b8b0b8354153d729cd0e4ca320126d,6fbd34f4f010838a
train_fake_JLM5829THA.jpg,fake,train,train,train/fake/JLM5829THA.jpg,24709,b2f2bfdefdb8fa0eac63fbe313415890,5a386526a72c9c8f
train_fake_JLSH3Z32KP.jpg,fake,train,train,train/fake/JLSH3Z32KP.jpg,41178,9fb196ad24bc53eebf39f7f19f1b27cc,3aa0e585c291cbdb
train_fake_JM77XMD5FZ.jpg,fake,train,train,train/fake/JM77XMD5FZ.jpg,31297,0792754cdcc72b239b05ce8897224a53,1edaa9312572d28b
train_fake_JMJSV164VV.jpg,fake,train,train,train/fake/JMJSV164VV.jpg,27245,d86567a183ef0621d692acb4132c916c,70a8e3d6cf8a8cc8
train_fake_JMMEQLSNBL.jpg,fake,train,train,train/fake/JMMEQLSNBL.jpg,35909,8d17a927ea887b89b86f43bd8abe960f,429f3c79707292ca
train_fake_JNCKNXKUKN.jpg,fake,train,train,train/fake/JNCKNXKUKN.jpg,23485,f0503e07584f82341791a95c15e69c14,490536ff3100f3cd
train_fake_JNEGI77XOB.jpg,fake,train,train,train/fake/JNEGI77XOB.jpg,23872,b9d59584bc3d7577bc1fcdc7004ee595,71cac72d2564969a
train_fake_JO6ENWJF5X.jpg,fake,train,train,train/fake/JO6ENWJF5X.jpg,27372,f4a25a196957601c527432e888a03081,5aea78e32169838d
train_fake_JOEYZE74QN.jpg,fake,train,train,train/fake/JOEYZE74QN.jpg,26213,709d6c53318c4478e3ca967e46b50f4e,2fe834f0728b838b
train_fake_JP8O989LKS.jpg,fake,train,train,train/fake/JP8O989LKS.jpg,26867,94087f078144bbba4c413ae5070f5e34,25a1f6d2dae05ac1
train_fake_JPGFXRQVUY.jpg,fake,train,train,train/fake/JPGFXRQVUY.jpg,26233,961c91c2341ec1ccfc58758b9e22a099,5fb52526620e86ce
train_fake_JQXGTZY1HD.jpg,fake,train,train,train/fake/JQXGTZY1HD.jpg,24483,79e337159604d8685b39770af14ec2d2,1c657195951c4e8f
train_fake_JR6X37IRP7.jpg,fake,train,train,train/fake/JR6X37IRP7.jpg,24797,b134c24a12ffd044592f494f341908cb,5afc21f0a252d28f
train_fake_JRB9T37TIS.jpg,fake,train,train,train/fake/JRB9T37TIS.jpg,30212,f3e037d617fb7af6c5d5f3e46b587937,4adce1a356e806da
train_fake_JRWV4VHYK4.jpg,fake,train,train,train/fake/JRWV4VHYK4.jpg,28592,2fbff285b936ba7bed07beca86d4bbfa,2f0db512933f0d8c
train_fake_JS05AO9P74.jpg,fake,train,train,train/fake/JS05AO9P74.jpg,27840,f1835ce910dbdb6379517e3ebdd91cc9,3ff4b0e1f081828f
train_fake_JUIEVB4171.jpg,fake,train,train,train/fake/JUIEVB4171.jpg,34082,6f9d0dcebb9a92768773a9439e794436,0bfa1d256037529e
train_fake_JV1QHXX45E.jpg,fake,train,train,train/fake/JV1QHXX45E.jpg,28510,359c46bb0485fd6b48d29eefa5cd366a,4fa134b2a399d28e
train_fake_JV88EPG2GD.jpg,fake,train,train,train/fake/JV88EPG2GD.jpg,25154,a84515466620561c14a306800904c192,3f85d2f803288fcc
train_fake_JVI0N7QBQ9.jpg,fake,train,train,train/fake/JVI0N7QBQ9.jpg,27835,3eb4b1e9c011d60339052c7381510cf0,0b3aa5c7f43833d0
train_fake_JW5TSJS2UK.jpg,fake,train,train,train/fake/JW5TSJS2UK.jpg,26195,c21089e4bcdd7cdb0b01d1eaba9d2ce0,7af02193a56826db
train_fake_JWGHHMWEAM.jpg,fake,train,train,train/fake/JWGHHMWEAM.jpg,30494,590c21c17b037cf6a1ecdedfeaf3ce4f,4f7a75b0f01a4b88
train_fake_JX2HCKNCC1.jpg,fake,train,train,train/fake/JX2HCKNCC1.jpg,27119,154f40c802980ae88aff344b085ca0d8,1f6523a556c8889f
train_fake_JXK569TLG8.jpg,fake,train,train,train/fake/JXK569TLG8.jpg,23738,9dbd7cdbe43e2621ad07792ee1f84f1b,68f885a586ce8ed8
train_fake_JY57HN3JGS.jpg,fake,train,train,train/fake/JY57HN3JGS.jpg,28088,f1ad8b61518dea3db8ec3072f40631a3,1e003b25256fa69f
train_fake_JZ7XAOQP9H.jpg,fake,train,train,train/fake/JZ7XAOQP9H.jpg,24032,ded2841d02908f50d06744f2ea32c24d,6d3f32307032c3cb
train_fake_JZED35P86B.jpg,fake,train,train,train/fake/JZED35P86B.jpg,39247,42f0f127c3ee9595f2b82064c8e40afc,4bbc3cb0e313838e
train_fake_K00PWL5QQZ.jpg,fake,train,train,train/fake/K00PWL5QQZ.jpg,21599,d90682e0021f056a46c84c0570866799,3d2970f02393c39b
train_fake_K05GGV17X2.jpg,fake,train,train,train/fake/K05GGV17X2.jpg,28356,8be476172ef5e10bb19c0b9df262a204,5ea678a1b11ad299
train_fake_K0637BSQWF.jpg,fake,train,train,train/fake/K0637BSQWF.jpg,27592,527854341e47092a6997bf54ed86931c,0bba6511222af6de
train_fake_K088OZ1U8S.jpg,fake,train,train,train/fake/K088OZ1U8S.jpg,21827,679f37bde44c39fcb3d4b14d635b4c13,467eb020d330dfd2
train_fake_K10O4KIAXD.jpg,fake,train,train,train/fake/K10O4KIAXD.jpg,33899,c7d9888b3481899c69a1c6af92299337,4ea1171757da528a
train_fake_K1ZP165QQT.jpg,fake,train,train,train/fake/K1ZP165QQT.jpg,25483,73bd80eb386cab2fa6cb6fedb84d4014,532561d6e21ad2dc
train_fake_K24SWP49SO.jpg,fake,train,train,train/fake/K24SWP49SO.jpg,24925,5ebdbe2db3c2195a2d064fdb392796ae,08fd97a7702c948b
train_fake_K2QCGP76VK.jpg,fake,train,train,train/fake/K2QCGP76VK.jpg,21193,f91ab2959d79f50a8d6377c0b3e8ad32,3df000c2c0decfd9
train_fake_K3LY4V34N5.jpg,fake,train,train,train/fake/K3LY4V34N5.jpg,34687,d99837c76e6df7aa8af1fb211a36cd9b,1f7120c2d28ddb99
train_fake_K40WW50YUD.jpg,fake,train,train,train/fake/K40WW50YUD.jpg,35461,4b2d2bd310e241ff589408eed428f0e0,1e692563b552939a
train_fake_K6H6K49TPW.jpg,fake,train,train,train/fake/K6H6K49TPW.jpg,30496,ac9038a01f9cee193e6711ea015ce5b5,5f1f78e16006d689
train_fake_K949BJ99YN.jpg,fake,train,train,train/fake/K949BJ99YN.jpg,30610,4dcaa1e9581c62003f857a58683193f5,1df474c2e234d28b
train_fake_K9ZU3CCD9Q.jpg,fake,train,train,train/fake/K9ZU3CCD9Q.jpg,30708,65cd0c402889b41dd0bdb3f48521ea95,4ff02103652787de
train_fake_KADW8AQQAV.jpg,fake,train,train,train/fake/KADW8AQQAV.jpg,25312,e72fd1739e7acb8a14d84a7f79951e3e,1c6a6b3ae574c20e
train_fake_KAEFN5K4NC.jpg,fake,train,train,train/fake/KAEFN5K4NC.jpg,29636,7af55098e361f473ea0e80227ce3c252,0f5c3172726a62cb
train_fake_KAEZD0GT6E.jpg,fake,train,train,train/fake/KAEZD0GT6E.jpg,27814,4da4eb38e2f0166698450f781896e101,6d8296835f38638d
train_fake_KBJ3OYRLGR.jpg,fake,train,train,train/fake/KBJ3OYRLGR.jpg,27940,84b6a82ce6dbbfcf7d16e256b8e44de9,6cc2c2cb5bad688c
train_fake_KBSOU57N8Z.jpg,fake,train,train,train/fake/KBSOU57N8Z.jpg,27831,8492a6da93d192953b1b2f7ff5e8679e,2bf064c2c69a9ad9
train_fake_KC88AOX65D.jpg,fake,train,train,train/fake/KC88AOX65D.jpg,29952,cd508246faa713072dc49f8fa094666b,6d0a7e52217587ca
train_fake_KCLPF8SPH2.jpg,fake,train,train,train/fake/KCLPF8SPH2.jpg,30274,aed95e50850bb219d1d99da63266bf38,4edf3503702c02df
train_fake_KD2EUGR519.jpg,fake,train,train,train/fake/KD2EUGR519.jpg,27729,1f474c6f5fa951de5bba6fa61dc1fc30,1f683562b14e83dc
train_fake_KD6GBO78EX.jpg,fake,train,train,train/fake/KD6GBO78EX.jpg,27687,6d5f0117436e675e859c7086109b6700,70786b23aaea838b
train_fake_KDRW8ME3PT.jpg,fake,train,train,train/fake/KDRW8ME3PT.jpg,26286,b40754a2bbe83930714a9ce172d7fb97,251736b27a00fb8b
train_fake_KFYG5P6M06.jpg,fake,train,train,train/fake/KFYG5P6M06.jpg,28088,da6bf55cbb467a0b0d97c9b6b80c5c9e,6fb474b23030d39a
train_fake_KG0NAVBUAE.jpg,fake,train,train,train/fake/KG0NAVBUAE.jpg,26595,f986a65c455950fc79baa47402f3f97e,1e6d20a732da99c9
train_fake_KKBSS85BR0.jpg,fake,train,train,train/fake/KKBSS85BR0.jpg,26807,d2587b35cb23d9957f4e070b2c270f2e,09b835e8e2cdccca
train_fake_KLAG4304KY.jpg,fake,train,train,train/fake/KLAG4304KY.jpg,24205,f781ffd42fea14c055ec644af37c4ee4,0f393f347035c686
train_fake_KLZUPLJU2K.jpg,fake,train,train,train/fake/KLZUPLJU2K.jpg,28684,4216c416102042489f55201578b0a1e3,4f31b452915e874e
train_fake_KM9IROE0KL.jpg,fake,train,train,train/fake/KM9IROE0KL.jpg,23712,9e81e8935d158f5300f71075a3b48697,5f6c60f271630fc0
train_fake_KMCW4PO7HC.jpg,fake,train,train,train/fake/KMCW4PO7HC.jpg,42754,e1ad04304bb49bad236fa9660112e7be,1f7664ca652872cc
train_fake_KMERSF8RN9.jpg,fake,train,train,train/fake/KMERSF8RN9.jpg,28392,df8074e67a91e68cd6240a5118e2793f,1f7420326279df89
train_fake_KMJDC107CE.jpg,fake,train,train,train/fake/KMJDC107CE.jpg,28821,1678d6d86757b403bd58d9d7d0476d45,2df136f00392c397
train_fake_KNQIDSZHI7.jpg,fake,train,train,train/fake/KNQIDSZHI7.jpg,29032,311c37a11b276a33f968de168d356ae5,4f3864f3229ac2da
train_fake_KO10YN90TF.jpg,fake,train,train,train/fake/KO10YN90TF.jpg,23586,e0c593fd4527a02d7ae9bde55050a1b0,70637ba32ad1878a
train_fake_KOIY4KOBL4.jpg,fake,train,train,train/fake/KOIY4KOBL4.jpg,25289,88d5cc0e88a73291e8840ea33c06ac42,40d22f8479972bce
train_fake_KPILP1YJRP.jpg,fake,train,train,train/fake/KPILP1YJRP.jpg,33154,ee56efbeebd9884811195ec322550ec0,6ae829e161f546d4
train_fake_KQR18I57YL.jpg,fake,train,train,train/fake/KQR18I57YL.jpg,29174,d8a67414382f38042bd1fbb2f2efa989,4bb430faf909c1cc
train_fake_KS2DHVZNDG.jpg,fake,train,train,train/fake/KS2DHVZNDG.jpg,30587,bfd6a4074754bec787d874c44119d395,581e69a264ecf788
train_fake_KS79B25F32.jpg,fake,train,train,train/fake/KS79B25F32.jpg,31227,5e13426e95d438700942577bbf082017,174df807780a15de
train_fake_KSOBG23DG5.jpg,fake,train,train,train/fake/KSOBG23DG5.jpg,27467,e0e987ea173c14585405d0a70c0a559b,4b312cf2721933cb
train_fake_KSSIZRZWFY.jpg,fake,train,train,train/fake/KSSIZRZWFY.jpg,27313,570484a7070cbcdbdf40e149fe6fbe32,3a6d3801e4f6c798
train_fake_KTC425HZ3P.jpg,fake,train,train,train/fake/KTC425HZ3P.jpg,26235,0e54cde33feccfc879e4faf660b4c493,49257c323109bfce
train_fake_KUWOT8W040.jpg,fake,train,train,train/fake/KUWOT8W040.jpg,27147,429dae88f939800297c180472a122076,0d523da2517ee0ce
train_fake_KVKRV0RFU6.jpg,fake,train,train,train/fake/KVKRV0RFU6.jpg,28732,e6150515eae624f20ccf079e0696d48f,0b557422303bd3cf
train_fake_KWH9SSYKBA.jpg,fake,train,train,train/fake/KWH9SSYKBA.jpg,26373,b961b0c25884c58ce9672b2255381eca,3fbc70b442b29383
train_fake_KXDB89U611.jpg,fake,train,train,train/fake/KXDB89U611.jpg,31022,8f37d1534b91306a4e0c5e9142bc9510,4f2b3073b25983ca
train_fake_KYAGUZ7H13.jpg,fake,train,train,train/fake/KYAGUZ7H13.jpg,30241,3c9f43da72ae19b025b0e3420058c187,2d0150b69b929bdd
train_fake_KYSAHEDM03.jpg,fake,train,train,train/fake/KYSAHEDM03.jpg,24783,6c4357d5491b17cf274675412d36bc1e,6a2a71f121f183cb
train_fake_KZFNSXUJE3.jpg,fake,train,train,train/fake/KZFNSXUJE3.jpg,34464,7afe6be698f0d26c665d0c1c8886fd99,1fbea8e460a5a6d0
train_fake_L0GXHYFY3O.jpg,fake,train,train,train/fake/L0GXHYFY3O.jpg,30884,396df280b663ad311a65277e147af1cd,3ae571c6a2c99389
train_fake_L1PO4YQTO6.jpg,fake,train,train,train/fake/L1PO4YQTO6.jpg,25534,765dc0bc73284c5d330446beefa5a37a,7ce861f023d582cd
train_fake_L3639ZY63B.jpg,fake,train,train,train/fake/L3639ZY63B.jpg,23127,1c2d6ae6c94c4c0aa9fd119e327cd9d8,783c21606565d6de
train_fake_L3BRYK9WSK.jpg,fake,train,train,train/fake/L3BRYK9WSK.jpg,26453,1cf735dd1ab06770994e866971fd093a,46993c70616de6c6
train_fake_L3X33GN3V8.jpg,fake,train,train,train/fake/L3X33GN3V8.jpg,26254,fd4ceedf6a81aa64606ceb4e1970c59a,430f34b471238bde
train_fake_L4R0AEIHTJ.jpg,fake,train,train,train/fake/L4R0AEIHTJ.jpg,24536,4a14f7d1a6f87ba8d304a6f0bb7d6b32,582a2aa725ca9cf9
train_fake_L53UB347OS.jpg,fake,train,train,train/fake/L53UB347OS.jpg,35603,0e8c32186e68e16f889e05ba4362decb,1fedf485d288c990
train_fake_L55FNK7GKJ.jpg,fake,train,train,train/fake/L55FNK7GKJ.jpg,23033,b013affcae9fb01984bf9dedfcc2d047,0f387d326738c694
train_fake_L5QOJLWWD2.jpg,fake,train,train,train/fake/L5QOJLWWD2.jpg,34777,60628d71bc9304998b7863b6c9f6fc6f,4f14f093612fc2ce
train_fake_L636TGDZ5E.jpg,fake,train,train,train/fake/L636TGDZ5E.jpg,28907,264bb47ce8405b4d4485fd76e60b906f,1e6920b725da9399
train_fake_L7QF0LWVP7.jpg,fake,train,train,train/fake/L7QF0LWVP7.jpg,26312,8334e028147b1234e4984153d5a0fddf,5c7869632564e6ca
train_fake_L8OQN0OFKP.jpg,fake,train,train,train/fake/L8OQN0OFKP.jpg,33481,c08ea9f12cad5271c0ff235ca8fbaaae,0bbc3db43032f2d2
train_fake_L8QH1Q8DQ7.jpg,fake,train,train,train/fake/L8QH1Q8DQ7.jpg,24272,a2e96dcf476e41f8b739dd1917bec889,0f783472725bd388
train_fake_L9628UWM9P.jpg,fake,train,train,train/fake/L9628UWM9P.jpg,30485,d05bfdf515a6d063f69e4a657c15fdc0,1a2a74faa5c5c2ca
train_fake_LA2VNOSMJC.jpg,fake,train,train,train/fake/LA2VNOSMJC.jpg,22297,415ad6cabe08e065c76eb9eb9cf502e5,5ac06983959dd29b
train_fake_LC11Y6DJAC.jpg,fake,train,train,train/fake/LC11Y6DJAC.jpg,34989,1a804d389ebd71955bcdff7ee0c9eb7e,7a5a23f1742122dd
train_fake_LCBKSGLP5W.jpg,fake,train,train,train/fake/LCBKSGLP5W.jpg,29463,cbf0996003fd781e087bb0a720dbb893,157e7a2a282c4add
train_fake_LCGE0O9YXI.jpg,fake,train,train,train/fake/LCGE0O9YXI.jpg,30854,08fc1e415ab0b7874f8bdbf5fc252d6a,5ff8a4c4c21d918b
train_fake_LCL1TRKNS4.jpg,fake,train,train,train/fake/LCL1TRKNS4.jpg,29591,014ee2f79090232671cf5cbc4d78480f,0add7077e223a68a
train_fake_LFFPEBX89R.jpg,fake,train,train,train/fake/LFFPEBX89R.jpg,31753,563de55b9161b1d8c7c337609166bf67,0f55e31ca53a614d
train_fake_LGEBT3OB3H.jpg,fake,train,train,train/fake/LGEBT3OB3H.jpg,19257,9d7b3f7bb505a04226a0dc66490667e7,5f006172237dc29f
train_fake_LGKFTEDPFQ.jpg,fake,train,train,train/fake/LGKFTEDPFQ.jpg,27387,f49e3bae89afed5ec24baa14ae1ee66a,6dfc20a07079c793
train_fake_LHW79X6NNV.jpg,fake,train,train,train/fake/LHW79X6NNV.jpg,29631,8ecb47cea0b9f219fb67de4a87d52b45,50fc69e0258adeca
train_fake_LKF312FVKT.jpg,fake,train,train,train/fake/LKF312FVKT.jpg,23310,054a8c873bf4c5f059ee206e838e4607,4dc374e66227260f
train_fake_LLMYUFLK05.jpg,fake,train,train,train/fake/LLMYUFLK05.jpg,32634,a3907960cc00329df35eb1130b28921b,55da5aa44174c78d
train_fake_LMBI5C9B1N.jpg,fake,train,train,train/fake/LMBI5C9B1N.jpg,29370,d5cd28c4e8f9e6a4efe40689aabacc6f,2bb4b4b272da80d9
train_fake_LMLBHSQ6KV.jpg,fake,train,train,train/fake/LMLBHSQ6KV.jpg,26148,8ad9e13bfb3592f508164cd642bf0df4,364cbb24793680db
train_fake_LOYROBPIL8.jpg,fake,train,train,train/fake/LOYROBPIL8.jpg,28524,0269a16e2e314bd87ef4916d41a5a690,02a120e2f7dfd2d4
train_fake_LP0XQ7UK2L.jpg,fake,train,train,train/fake/LP0XQ7UK2L.jpg,31082,ef1e0e213ee65fea545ecf76c1fed386,6f5f20b6a27c1a82
train_fake_LQV04SBTK4.jpg,fake,train,train,train/fake/LQV04SBTK4.jpg,32441,85ac869128288b88e1bcad12ed960e33,1e7868e5250edb98
train_fake_LRIM8Y60T7.jpg,fake,train,train,train/fake/LRIM8Y60T7.jpg,26782,b3954cd968f5146f49251d20c3d62b46,4b3c2c32629bc3d9
train_fake_LRQI2FXOH5.jpg,fake,train,train,train/fake/LRQI2FXOH5.jpg,28766,833bbc214a84c2818a547bc51b7a2354,68fea80331e9f189
train_fake_LSALTYUJJS.jpg,fake,train,train,train/fake/LSALTYUJJS.jpg,25577,0f51fc17bc59440f7b409f40e9fc7e15,785c03e1247ec29f
train_fake_LSH5JOHT91.jpg,fake,train,train,train/fake/LSH5JOHT91.jpg,22434,571593f48ee8a99002e772d096b5074b,10837ef27039c6cb
train_fake_LSNIFA82X1.jpg,fake,train,train,train/fake/LSNIFA82X1.jpg,25053,fec9df65369adad17352ed767057d885,1f3c71667424d6c2
train_fake_LTLS6TJYRR.jpg,fake,train,train,train/fake/LTLS6TJYRR.jpg,31572,0dbd40c64c02a6355c2c3039f9b61145,62eae1a7251496dc
train_fake_LUMNFN6IZ7.jpg,fake,train,train,train/fake/LUMNFN6IZ7.jpg,29224,53106a2839a477871b81cc77ef8b1ce8,0dad3416f2a897d8
train_fake_LUXIBCQ0KI.jpg,fake,train,train,train/fake/LUXIBCQ0KI.jpg,27896,25c123e0a05f5c9a8d19c5a521616439,5a6469e662d8d2d8
train_fake_LX6SKEELNB.jpg,fake,train,train,train/fake/LX6SKEELNB.jpg,21137,c3adfd38ea7ed3cb9380b76d6f2d7d04,38e8f5e5256107d8
train_fake_LXZKUHW140.jpg,fake,train,train,train/fake/LXZKUHW140.jpg,22172,ff95251bf57279321a61edfbc7c80c85,4a8958693d69a5dc
train_fake_LZ7D2C4OU6.jpg,fake,train,train,train/fake/LZ7D2C4OU6.jpg,26141,ed43f17b4e19dd88af60bba10804f760,38a837a1356985d7
train_fake_LZ962GWL7C.jpg,fake,train,train,train/fake/LZ962GWL7C.jpg,40654,9b0ce0794e2cff1bbb2df3c857bdd1a5,089e31d0f2cece8e
train_fake_LZFIIWSP51.jpg,fake,train,train,train/fake/LZFIIWSP51.jpg,29216,964a40d5b4afd03c8d06b9fed0877cf3,1a3168d6cc5833db
train_fake_M0BRTIWF7P.jpg,fake,train,train,train/fake/M0BRTIWF7P.jpg,23410,e4b767558b527b7c2ee07642c3b4e0e4,259ebcf370a1a4c8
train_fake_M0UEG7ZXIE.jpg,fake,train,train,train/fake/M0UEG7ZXIE.jpg,20145,8ccd29bed5806336fce568158fa45ec3,2db2b6d3e8a9d088
train_fake_M1L575LS7O.jpg,fake,train,train,train/fake/M1L575LS7O.jpg,30353,747aa72e9f19caad18096112df9dd654,45d00e5f2a5ba8da
train_fake_M2RFUX69HO.jpg,fake,train,train,train/fake/M2RFUX69HO.jpg,38669,252b44ebee78b3bb9cd0a429902fd4ca,1bacf9a1a5e19298
train_fake_M3P7JUPOFJ.jpg,fake,train,train,train/fake/M3P7JUPOFJ.jpg,31689,6a3d5d991b003925c5175d3166808545,4bf8f593821e8998
train_fake_M43RR2WTRF.jpg,fake,train,train,train/fake/M43RR2WTRF.jpg,32781,45327c3f5a36d2b3117b048440109f3f,0a827d46e12d47dd
train_fake_M5YF4PYHC2.jpg,fake,train,train,train/fake/M5YF4PYHC2.jpg,22617,84038f640366d66e654fac24816aaf9a,2f6990f0915ba19d
train_fake_M6KAR3SH2V.jpg,fake,train,train,train/fake/M6KAR3SH2V.jpg,31887,5af999fff625cdd67ee99195f532df8c,7a1e6161a540d79b
train_fake_M8VXY69J3G.jpg,fake,train,train,train/fake/M8VXY69J3G.jpg,31618,191f5eb3549ae1b7b7b86c8180c5c3c9,1af069c54666ce9a
train_fake_MA22TK9M7B.jpg,fake,train,train,train/fake/MA22TK9M7B.jpg,24483,f7c36057b2d1c90c1a952a75324f3227,6a6925e125c7878e
train_fake_MBDP8QPZXW.jpg,fake,train,train,train/fake/MBDP8QPZXW.jpg,26338,15182db7e7dd3121131c8ea05a2f63a8,70e02ba3656ac3cb
train_fake_MBNWXQML70.jpg,fake,train,train,train/fake/MBNWXQML70.jpg,24922,f267ed140f13b6aa2bca3d14dd3bcd5a,1e6931a7664a9699
train_fake_MBUCRYHX7U.jpg,fake,train,train,train/fake/MBUCRYHX7U.jpg,35224,ce8c9e516dc2a02f6a84c4d293965004,4baf2cb26009c7cd
train_fake_MC0XIWJIOU.jpg,fake,train,train,train/fake/MC0XIWJIOU.jpg,24493,71f23290a83c412a1f0fcd360158ab44,58832ba72566e68e
train_fake_MC9EM7Y6XX.jpg,fake,train,train,train/fake/MC9EM7Y6XX.jpg,25312,fdf4c86de8e5660659a90fe83f0e2b6c,015e24373b3d5ec8
train_fake_MCD7ECFHOS.jpg,fake,train,train,train/fake/MCD7ECFHOS.jpg,30822,39a155506160f1e91a0f431c2ced8167,1a65309673c9d8dc
train_fake_MD68YAVRHQ.jpg,fake,train,train,train/fake/MD68YAVRHQ.jpg,33758,cd0bfbf795131cc61855b4e6adaac6d3,43e26c7e24f44a96
train_fake_MECQK74J03.jpg,fake,train,train,train/fake/MECQK74J03.jpg,32576,4ed2bdd2071a48fa7fb6b4fa2cdee08a,1fe069e486768a99
train_fake_MEIEKAFFMQ.jpg,fake,train,train,train/fake/MEIEKAFFMQ.jpg,32373,247eb607a2cc25a81e50a70470268d93,784a61e1a6c19ed3
train_fake_MEWF00S7YR.jpg,fake,train,train,train/fake/MEWF00S7YR.jpg,27206,70924bd01361d3523d79117909064150,4b3b3620f4b48f86
train_fake_MGSSPWXNZJ.jpg,fake,train,train,train/fake/MGSSPWXNZJ.jpg,20237,26e11dd7628da7eadd074e6f829d8574,71706783c58a54eb
train_fake_MHOBBEHBJN.jpg,fake,train,train,train/fake/MHOBBEHBJN.jpg,39158,255b353257f3e4d6a537af1ed064b65a,0a973593707932ce
train_fake_MHSSJ7VJJQ.jpg,fake,train,train,train/fake/MHSSJ7VJJQ.jpg,24766,4045e6644ae60c11654cf26c62efb3d4,0c3d7166334cd69a
train_fake_MIUT3DAAMG.jpg,fake,train,train,train/fake/MIUT3DAAMG.jpg,26853,424a4b805ca66e41d48133dd730948a1,60e867e725c58e8c
train_fake_MJEDXVG6WJ.jpg,fake,train,train,train/fake/MJEDXVG6WJ.jpg,26694,fc061a9aaa88f3e4dd9552ab5839896b,580b688727f0d799
train_fake_MJFUE19M6X.jpg,fake,train,train,train/fake/MJFUE19M6X.jpg,38081,31b9d0673b87c334a1dd79e158148f04,3fad20f05382839f
train_fake_MJZD63ZXR5.jpg,fake,train,train,train/fake/MJZD63ZXR5.jpg,24288,bd09f227d704e522d76e2bf94a041836,24db4d9669b6588c
train_fake_MKS78CY8TG.jpg,fake,train,train,train/fake/MKS78CY8TG.jpg,21281,8c988ddcf9bfc61fb7a597fe1d9f333e,6d3c60b43461f2d3
train_fake_MLGN76D8SE.jpg,fake,train,train,train/fake/MLGN76D8SE.jpg,25450,1ad024de20d924cd83c0683f8dc69080,682a6da185d19e9b
train_fake_MM5WV7VTQ9.jpg,fake,train,train,train/fake/MM5WV7VTQ9.jpg,24609,c4be9ce5c12bdf7d01a8e763d9d75cbc,699aa5ab166604f6
train_fake_MMBG027EN4.jpg,fake,train,train,train/fake/MMBG027EN4.jpg,35730,d7d2446d91cc5789392da5353040632c,019653cb6e1a66cb
train_fake_MMG11GYLCS.jpg,fake,train,train,train/fake/MMG11GYLCS.jpg,25211,fabc600118d1663a4f531ae049da8854,4af061752566c69e
train_fake_MOI5OFJ4Y5.jpg,fake,train,train,train/fake/MOI5OFJ4Y5.jpg,27808,ee5ae577ced182035faaaf15b399a181,4f8f3476303c83d8
train_fake_MOMWV4OVAF.jpg,fake,train,train,train/fake/MOMWV4OVAF.jpg,24859,fe00789f02d206c0f1ba4ecc24c548a7,5b7034c39959b2c9
train_fake_MQ13L83YMN.jpg,fake,train,train,train/fake/MQ13L83YMN.jpg,31015,e91c0c2837928c81ab3102cc81f3ecf1,6ce16bb535a0948e
train_fake_MQ8RQV0XS3.jpg,fake,train,train,train/fake/MQ8RQV0XS3.jpg,34764,71131b304e1055c70c054ee02fe6dfc5,411f7c34707213cf
train_fake_MR785NK432.jpg,fake,train,train,train/fake/MR785NK432.jpg,31025,2a69d92441dc5c64dd06f7add591f88c,24af20eaaadaca8e
train_fake_MR7AU125VY.jpg,fake,train,train,train/fake/MR7AU125VY.jpg,29361,d9f2bcb54dc53b9db034a2df0ff9cab4,4bf43c343033c3cb
train_fake_MS58VSCXGT.jpg,fake,train,train,train/fake/MS58VSCXGT.jpg,25623,b4787d023e3e081ff694cac4715de5df,035bbdf464a2e28a
train_fake_MS5N5YF0AW.jpg,fake,train,train,train/fake/MS5N5YF0AW.jpg,26961,69275ec02ce969f391767f6377cf8e05,5e242972331bd3c9
train_fake_MSS87B7HP2.jpg,fake,train,train,train/fake/MSS87B7HP2.jpg,36640,db32f85d6e523ebfa34300e6e9696868,7a8b61fa2740269e
train_fake_MT7E72AT3Z.jpg,fake,train,train,train/fake/MT7E72AT3Z.jpg,27008,3cbda61dd0ab5b90fd0d0f179535509e,146071a5e166f793
train_fake_MUJDX9OFPI.jpg,fake,train,train,train/fake/MUJDX9OFPI.jpg,31542,e6cd03c170b81b963dd3cd6175f14d8e,5a2d21672707968f
train_fake_MUKEJID6TG.jpg,fake,train,train,train/fake/MUKEJID6TG.jpg,30054,086ae0adac5c1c0a398d662b4e052849,78e905e1e502a2df
train_fake_MVUIP7V2IB.jpg,fake,train,train,train/fake/MVUIP7V2IB.jpg,29296,ea59e2b5ca3981a41af06ae5482d02cf,1e6079e767588683
train_fake_MVXER7WPHI.jpg,fake,train,train,train/fake/MVXER7WPHI.jpg,26196,8c071014fc6f701f03eb21932119e4af,24bf7cf049c5c4c4
train_fake_MY8EIDMBW4.jpg,fake,train,train,train/fake/MY8EIDMBW4.jpg,30588,cbe3ffa33342f8e36c8e93b890a48983,1f4974b47384cbc8
train_fake_MYSTGXMO3G.jpg,fake,train,train,train/fake/MYSTGXMO3G.jpg,27685,5ec023bf4bc4771f51ef2dccd91f4fa9,708c01e027ebb7d3
train_fake_MZ4AHDNHDK.jpg,fake,train,train,train/fake/MZ4AHDNHDK.jpg,26898,bf50d502e7452ca47dcc3272ed9ff6cc,4b353a20f02fd58e
train_fake_N06BYNW64P.jpg,fake,train,train,train/fake/N06BYNW64P.jpg,29159,1d519a9c28dd8d7008799ec6372c1fcd,09b52d56b2b896d2
train_fake_N1G8SQHX00.jpg,fake,train,train,train/fake/N1G8SQHX00.jpg,25950,b421156dee8c6151d73927fb2b1690db,2bb476c27023c3cb
train_fake_N1X45P9U0O.jpg,fake,train,train,train/fake/N1X45P9U0O.jpg,25517,8367d7be572f1214937a7c648340400b,2d80c2be4bbd429e
train_fake_N24QDD291H.jpg,fake,train,train,train/fake/N24QDD291H.jpg,30419,69a79ee86950660657faf6c411b0f23a,4dd32ad269388b8d
train_fake_N2ZJCFAVZ3.jpg,fake,train,train,train/fake/N2ZJCFAVZ3.jpg,24970,d68da88a3f4f65bffe02dd8445d2869b,4b3e2d32701dc7c8
train_fake_N3210A0V6G.jpg,fake,train,train,train/fake/N3210A0V6G.jpg,22914,e8a9c8785e77d9e9dad9c7a6908df99c,3cf024f2c29fc28b
train_fake_N37J27QIUA.jpg,fake,train,train,train/fake/N37J27QIUA.jpg,22109,a06cc794f9d8921b00d4820e234c68d6,0a757dc69018e3c7
train_fake_N3C4SHJHLN.jpg,fake,train,train,train/fake/N3C4SHJHLN.jpg,31817,f0c0315257c3083dca633d0389006062,4ba52c74746af780
train_fake_N3R4IYTJB7.jpg,fake,train,train,train/fake/N3R4IYTJB7.jpg,24986,0676ec08fa4396c568bf40b467f90cc4,039c1770337897da
train_fake_N4487V15LU.jpg,fake,train,train,train/fake/N4487V15LU.jpg,25376,40b6b28ab0f12152287241a503b88106,2ff0a4a264d686ce
train_fake_N53W1TC0WI.jpg,fake,train,train,train/fake/N53W1TC0WI.jpg,37539,bc57ec464e9652c40a75f7bf1e6c446e,5fa5708ae21c66d8
train_fake_N6O6DUOST2.jpg,fake,train,train,train/fake/N6O6DUOST2.jpg,28663,d279d90fd22c504d72d6f3abfe4c1d30,2db476e1a124d2dc
train_fake_N6VEMU2VSF.jpg,fake,train,train,train/fake/N6VEMU2VSF.jpg,27130,747aac8a39fc811431c48a4eea17a16f,09bc7af2e251d289
train_fake_N6WWRBKVD3.jpg,fake,train,train,train/fake/N6WWRBKVD3.jpg,29922,01159f23af48a4064edfa999dba2b852,5b5ee566a7058688
train_fake_N7GDBAY89Z.jpg,fake,train,train,train/fake/N7GDBAY89Z.jpg,25907,baa91484a95455fa4bd8c60e2cae075e,251732767301dbcc
train_fake_N7GRZCVWXH.jpg,fake,train,train,train/fake/N7GRZCVWXH.jpg,26756,da248265060c442000c1ff48ec3a5e04,094278a7f05da2dd
train_fake_N7L9E0D9GB.jpg,fake,train,train,train/fake/N7L9E0D9GB.jpg,26036,fb18c7107a82e2e1fe0c9a9be16cfef0,5aa5f8c3b04a9bc8
train_fake_N7P00YRO2F.jpg,fake,train,train,train/fake/N7P00YRO2F.jpg,33884,d62d8e0bdee0f30ae5186f90e7828778,0ff072935d2c26d4
train_fake_N8J2HB1L6F.jpg,fake,train,train,train/fake/N8J2HB1L6F.jpg,26286,222ee3d040485b3c9c4e0de46fcc5f20,7ae835a135e007d6
train_fake_N8R2ZPFRJQ.jpg,fake,train,train,train/fake/N8R2ZPFRJQ.jpg,23751,1381ea550191fdb888747f3e2fe8fd28,09b67490fa51afc8
train_fake_N8SB2SWHDV.jpg,fake,train,train,train/fake/N8SB2SWHDV.jpg,29649,2a71ff398cf7df2f56caa11f4e57b12b,68f847a5f282d29a
train_fake_N8WZ1F2JJT.jpg,fake,train,train,train/fake/N8WZ1F2JJT.jpg,32363,15945e8cfd81023b8463d82866018a32,4f5a3c747025e2ca
train_fake_N9QZ8V0L43.jpg,fake,train,train,train/fake/N9QZ8V0L43.jpg,37618,7fdb9519718d8e589cf74f3ce38ada64,22af36f2b158878a
train_fake_N9W0A08IN7.jpg,fake,train,train,train/fake/N9W0A08IN7.jpg,23407,5867b0bea88d34ba5204be417d5fd37b,706c239333c9c78e
train_fake_NADY87MKX7.jpg,fake,train,train,train/fake/NADY87MKX7.jpg,29057,4d13a5ccac72b2dd4b773e215a5aecb1,3bb474d644e8c2cc
train_fake_NAMIPZKW5W.jpg,fake,train,train,train/fake/NAMIPZKW5W.jpg,33690,54da4db296b5c29ad225bc5e7b3f9e90,7ae325c60c9893da
train_fake_NAY4DSILC3.jpg,fake,train,train,train/fake/NAY4DSILC3.jpg,27538,5c7dec2e070ed7149553b8dd3fca3754,1f65f09392c9478c
train_fake_NB54ALLLPW.jpg,fake,train,train,train/fake/NB54ALLLPW.jpg,29178,e0f994db381d129eccb51b9f9842c297,3fbf30f42112d291
train_fake_NBRXXSVI8P.jpg,fake,train,train,train/fake/NBRXXSVI8P.jpg,29184,f06679cf5afea6baf379ccd46a7be81e,3fa270d2a008d7cf
train_fake_NBSJSVQMMT.jpg,fake,train,train,train/fake/NBSJSVQMMT.jpg,24087,487efb19a5770261d6e2ca1e198ec528,5e3f60f030b1cac5
train_fake_NBXVVUAQSQ.jpg,fake,train,train,train/fake/NBXVVUAQSQ.jpg,25463,2f93cf4b1f4e80543922e3cc75835dec,3fcf187031f483c2
train_fake_NC9BU7Q1TA.jpg,fake,train,train,train/fake/NC9BU7Q1TA.jpg,24771,fca2de2fe617943eedd4b5397052156d,1e297422f00bd7cb
train_fake_NDFWBYW7WP.jpg,fake,train,train,train/fake/NDFWBYW7WP.jpg,28984,5a1534a848dcb4772af73ab086ef3225,0bb474e0d13b729a
train_fake_NFJRVMFIZN.jpg,fake,train,train,train/fake/NFJRVMFIZN.jpg,35257,6a10fdd624295b112871669762215d71,08853fa7355d1a9c
train_fake_NGLEIL78GC.jpg,fake,train,train,train/fake/NGLEIL78GC.jpg,25853,2fcb1d6ab4ce81bbaa5b4fe854a489b8,2fd25aa44974829f
train_fake_NIH1MEHGUI.jpg,fake,train,train,train/fake/NIH1MEHGUI.jpg,25573,0fb92443cecaceb0f702d022c7c6ac28,5cd26b296f6584c4
train_fake_NIW5K59RUW.jpg,fake,train,train,train/fake/NIW5K59RUW.jpg,37124,537a475dcc9545d0c3552a43a4a27775,5e3ca18267aa2799
train_fake_NLSY41SOYA.jpg,fake,train,train,train/fake/NLSY41SOYA.jpg,28153,7f49017ab9a4ea23639a35517cccccaf,0bb676f22223c1cb
train_fake_NMV17AWR8U.jpg,fake,train,train,train/fake/NMV17AWR8U.jpg,26083,464c931b244cee8bbd45c6e7c906e220,158ea3967598359a
train_fake_NNOSRVXKNS.jpg,fake,train,train,train/fake/NNOSRVXKNS.jpg,27480,78a916d5d9c4e9107f59b6fc1e37a476,1e657821756a92d9
train_fake_NOS0GBMZQ5.jpg,fake,train,train,train/fake/NOS0GBMZQ5.jpg,24428,3e4dfd0da1b640e21644f9174e5b6942,2f2f7cf0508b90cc
train_fake_NOSP7T6574.jpg,fake,train,train,train/fake/NOSP7T6574.jpg,27301,1ca9be31d42c9bc8931888b6dc592d4f,6a2975a57586868e
train_fake_NPDX4TVZAL.jpg,fake,train,train,train/fake/NPDX4TVZAL.jpg,31178,193bcc34940733a408500ddbd75f5a03,0ff430f2b283938b
train_fake_NPJ4FI7JMF.jpg,fake,train,train,train/fake/NPJ4FI7JMF.jpg,27021,9025ecf647ba400260b01740c2e90de0,4b2f3932702fc2c9
train_fake_NQ73FX540I.jpg,fake,train,train,train/fake/NQ73FX540I.jpg,21170,40aee6c418ea3ba53e99ebc663d198b2,170d7e363870a1da
train_fake_NQA3HZ82QK.jpg,fake,train,train,train/fake/NQA3HZ82QK.jpg,31340,433b7f68b2ac504457f94c30a29ee01a,0bf42152e2b9db89
train_fake_NQWO2UL90X.jpg,fake,train,train,train/fake/NQWO2UL90X.jpg,26628,488f5d82f98e0104102958ae20566a01,6d9936b630366293
train_fake_NR576F3C54.jpg,fake,train,train,train/fake/NR576F3C54.jpg,28334,1ba73735e3bf17bf579395d8e137dd06,3cbf80d0a560a7d3
train_fake_NRH2YGJWGH.jpg,fake,train,train,train/fake/NRH2YGJWGH.jpg,33464,ff750a58624af7d93ed7082445d94c12,3f9870b46242c6de
train_fake_NRUCXQ8RET.jpg,fake,train,train,train/fake/NRUCXQ8RET.jpg,31392,3e74312907744baa40595c11677f6b02,1ff0e8834978c2cd
train_fake_NRUGUM4WXW.jpg,fake,train,train,train/fake/NRUGUM4WXW.jpg,35527,bd4749b0c2744ec2c63150525c90e0ab,7a2f60a570a15ac7
train_fake_NSIHQHFTQF.jpg,fake,train,train,train/fake/NSIHQHFTQF.jpg,25645,6bd7c86e345f11505ed7ee46101939f0,7094a7830ee25e8f
train_fake_NSLGO1E20X.jpg,fake,train,train,train/fake/NSLGO1E20X.jpg,33563,ca66c5e88a22cd0b7d053d49434d14bd,0fb135c3d19d72c0
train_fake_NT9LBODCHS.jpg,fake,train,train,train/fake/NT9LBODCHS.jpg,30882,f2e0753ea2c153ca646dfac9f3d5a4e9,413f347e6101e68f
train_fake_NUT9JND0K1.jpg,fake,train,train,train/fake/NUT9JND0K1.jpg,24926,848e7b5b3afb15db6d82a083f30dc249,386a6165276536c7
train_fake_NUTBAZ697H.jpg,fake,train,train,train/fake/NUTBAZ697H.jpg,46068,d4a4174ba3af132895fb39805d3e8f42,288f95a1505d5b3d
train_fake_NVJBQNM4PS.jpg,fake,train,train,train/fake/NVJBQNM4PS.jpg,28842,2817f6b6b4328f0186a28ff38310b728,5ef820232568f2de
train_fake_NVM294AS77.jpg,fake,train,train,train/fake/NVM294AS77.jpg,34509,2a4960fd2635cdcb65df9e8a826c8dd9,3f74a0dbc629e281
train_fake_NVTG3IR6LR.jpg,fake,train,train,train/fake/NVTG3IR6LR.jpg,27801,effcbe13911db8cfb839c91347b61c44,1e2e7166227c478b
train_fake_NWU91VQ9C7.jpg,fake,train,train,train/fake/NWU91VQ9C7.jpg,29569,ef90aa954f26ac8b9d640d5c80ae4a1a,6c3af4f50a0a583d
train_fake_NXNWDV2R6V.jpg,fake,train,train,train/fake/NXNWDV2R6V.jpg,24958,80af02d91b4abc6ced9274652ab4ab62,35c0f4f0727073d2
train_fake_NY62JW2YHM.jpg,fake,train,train,train/fake/NY62JW2YHM.jpg,24777,e2e68098768318a41fa0a3fd1c2b9baa,7a850fa116e917d8
train_fake_NYCYJ8G3MV.jpg,fake,train,train,train/fake/NYCYJ8G3MV.jpg,30971,b83cb2dbb47206ab4a0b4c4fb0b3ece2,4fa125871f5e988c
train_fake_NZATIOW6E2.jpg,fake,train,train,train/fake/NZATIOW6E2.jpg,26763,33a03cc517c0c677eddc39a96cc85dfc,1f2c61f76249868e
train_fake_O0BBBOOENW.jpg,fake,train,train,train/fake/O0BBBOOENW.jpg,32488,47fd80ccd98ce9c9c5bcb63d27dc56a3,5ee46127251496de
train_fake_O0D3CUSM8Q.jpg,fake,train,train,train/fake/O0D3CUSM8Q.jpg,32338,582eccebc2cede78001bae0a33769a02,1b2cf512e761a790
train_fake_O1QZYDLONP.jpg,fake,train,train,train/fake/O1QZYDLONP.jpg,29684,09a8efb8f70e1ac66335fe3c3b6ce160,125e2965256ac79b
train_fake_O1ZRVCV66O.jpg,fake,train,train,train/fake/O1ZRVCV66O.jpg,27362,16ddf4c997aac3e740a9f46bdd0b8c63,2ff470a240a3d7ca
train_fake_O2DN8BP0MX.jpg,fake,train,train,train/fake/O2DN8BP0MX.jpg,24338,f9da737eeb908aab2825d79bedbc7d31,42fa2d53f039c398
train_fake_O2LB400VQW.jpg,fake,train,train,train/fake/O2LB400VQW.jpg,32274,469a8027e99cc86e339cf9b65555b7d6,3f2e74b56035928c
train_fake_O3EIBWEM84.jpg,fake,train,train,train/fake/O3EIBWEM84.jpg,26273,1e3d10e860ea1750e599d2cd0ab4e011,215de465c72447b6
train_fake_O3UN5SLE2N.jpg,fake,train,train,train/fake/O3UN5SLE2N.jpg,38251,430df3a5372d5c1423aaaa660ab0beb5,1b2cf1b39289ccc9
train_fake_O3XR02EJME.jpg,fake,train,train,train/fake/O3XR02EJME.jpg,23452,2fbbde2b201608b491d212c5bc1383db,0f8b2f34703c6798
train_fake_O4VRY7WOUC.jpg,fake,train,train,train/fake/O4VRY7WOUC.jpg,26294,d6ba474cf7c79a5e0af5578e58e67a14,786ae1a5e5c48687
train_fake_O50RG02YVH.jpg,fake,train,train,train/fake/O50RG02YVH.jpg,26198,894c01286e58ece99d0bdc82342a045e,493f7c32303133c7
train_fake_O6ARP9B9OX.jpg,fake,train,train,train/fake/O6ARP9B9OX.jpg,36362,10c09e5e73a577f7bfa8dc554174ecef,4f3b34f060c2c3cb
train_fake_O6FCCWI0VG.jpg,fake,train,train,train/fake/O6FCCWI0VG.jpg,24389,effafbb69c508fca16962e0a7c7cfa4f,6a6a25a584bd949e
train_fake_O6QVGFBMVW.jpg,fake,train,train,train/fake/O6QVGFBMVW.jpg,31125,4198bfd475b36b2d9026c56fae30a1cc,38e4a3f442d6838f
train_fake_O6S8P7F6I2.jpg,fake,train,train,train/fake/O6S8P7F6I2.jpg,32627,d3d02e7eae27a39f3affef0d7aee8409,387d15c98c03aad7
train_fake_O7ODFQRG8Y.jpg,fake,train,train,train/fake/O7ODFQRG8Y.jpg,29940,0cb616440919a9f74a625d61941ec240,176a3569b334d294
train_fake_O8FTBYIX37.jpg,fake,train,train,train/fake/O8FTBYIX37.jpg,35291,466996c8043a2bffb6a9e5874d6c26bd,5cf937e1620b81ca
train_fake_O8GUK46H9H.jpg,fake,train,train,train/fake/O8GUK46H9H.jpg,26990,99f947bc6105b5fd38d36d16e982c0bf,4bbe2d367039c0ca
train_fake_OA80WNNYF0.jpg,fake,train,train,train/fake/OA80WNNYF0.jpg,27529,e3956e5dc24ea4678032d19df204f0f8,6c6927a09555ca8f
train_fake_OAJI5YNWF2.jpg,fake,train,train,train/fake/OAJI5YNWF2.jpg,27156,726a24443b239b1a36a47af16e2c2970,4bfc7ce2e0c4c4c8
train_fake_OBDXRKMLUP.jpg,fake,train,train,train/fake/OBDXRKMLUP.jpg,25636,cac8514c9939eedd73b2054daf002c73,78a521a6f5ec868c
train_fake_OBEKERBZRG.jpg,fake,train,train,train/fake/OBEKERBZRG.jpg,30067,d9d9b3612597bb2e309467273211c65f,0e212da3dc4c73da
train_fake_OC8AQYNFYJ.jpg,fake,train,train,train/fake/OC8AQYNFYJ.jpg,31466,8c2393f9973e29d6bbfd95d6df7edda4,7aa8e1c386de868a
train_fake_OC8U1P6KST.jpg,fake,train,train,train/fake/OC8U1P6KST.jpg,25596,6ce6b7d7d3dfd449e49a4c13470590a8,27bdf2d0d081c38b
train_fake_OCNY53XN9S.jpg,fake,train,train,train/fake/OCNY53XN9S.jpg,25309,0feb18a1fdf06a57115fd1b74a6d4c10,7a8125a7a5ec8e98
train_fake_OCR9660ANQ.jpg,fake,train,train,train/fake/OCR9660ANQ.jpg,29190,109cea876f4770d159486c0eb07276db,65cd7a5470367688
train_fake_OCW08D8A2P.jpg,fake,train,train,train/fake/OCW08D8A2P.jpg,35255,f09eb714207e455e2abfaf687df77e2c,6fb1958682dad988
train_fake_OD8ZDJZ013.jpg,fake,train,train,train/fake/OD8ZDJZ013.jpg,25778,ea05ca402f172acb6f6f9d6a125c2e47,780a6be125e1d2da
train_fake_OEWAHWF0XT.jpg,fake,train,train,train/fake/OEWAHWF0XT.jpg,23807,201271280d4b35fd7ca6cf78359e33ac,4a172f26742976ca
train_fake_OGJJIW4VPS.jpg,fake,train,train,train/fake/OGJJIW4VPS.jpg,28971,f9f9e90e237b375c9eb6fbd6f970b1fb,0fbd742134a85e8e
train_fake_OGTSRTQNAS.jpg,fake,train,train,train/fake/OGTSRTQNAS.jpg,26548,e1ffccfb3a5a84a873e400c5b1c6e1df,5a2f60a0d1dd83ce
train_fake_OGX10GIS3I.jpg,fake,train,train,train/fake/OGX10GIS3I.jpg,27472,07e9921c47adae405956b0db75e46aa7,6d8995a237e283ca
train_fake_OHLJ1V2JUI.jpg,fake,train,train,train/fake/OHLJ1V2JUI.jpg,33098,cf60606b81c83c39893c545451c808d9,2dbd55b0305382db
train_fake_OIFB3DMZP4.jpg,fake,train,train,train/fake/OIFB3DMZP4.jpg,25656,d5adf2751c00585a57b8c4573b0f73cf,6fa1b4d08147e3c3
train_fake_OILXE6RVZZ.jpg,fake,train,train,train/fake/OILXE6RVZZ.jpg,28633,420acea9b50a9e6042832e153a52e53f,3f0ea1a44bbc2b8a
train_fake_OJ50XXD4MP.jpg,fake,train,train,train/fake/OJ50XXD4MP.jpg,28778,a90c9094c740e8eeb6da4f9532342cdf,09df384f216cb28d
train_fake_OJH5LQO66W.jpg,fake,train,train,train/fake/OJH5LQO66W.jpg,24076,74648639e76cd4573be07824363aafe7,58eb29a72522968f
train_fake_OKIH8FWN0X.jpg,fake,train,train,train/fake/OKIH8FWN0X.jpg,34981,2df3c27872b74646bdae07fbde01eb52,1a2f6965756e029c
train_fake_OLF4958JXF.jpg,fake,train,train,train/fake/OLF4958JXF.jpg,33494,eb7a23a445ccdec3a084f8db8a1f1778,2f98b0d2c3c9cb8c
train_fake_OM63OEQIXC.jpg,fake,train,train,train/fake/OM63OEQIXC.jpg,25575,4ea8a1810d331836a5679c5c26d95968,142fb2f7d380c8cc
train_fake_OMID5NPTZ3.jpg,fake,train,train,train/fake/OMID5NPTZ3.jpg,30380,236102f8ab45221c6e9010a97ab1ef2f,4f5c2117638f96c8
train_fake_OOBF8Y0NK9.jpg,fake,train,train,train/fake/OOBF8Y0NK9.jpg,33265,cb79926c0af82b82687e51a7259388dc,4b3d6837702bd289
train_fake_OOIGI8FSKX.jpg,fake,train,train,train/fake/OOIGI8FSKX.jpg,25617,1fba7f4415c9f1d283181b7412374c3f,43bebcb0f18f8288
train_fake_OOSYDLAEYA.jpg,fake,train,train,train/fake/OOSYDLAEYA.jpg,24374,332c6493e931a13fcb095109d2044252,2d9b34f064c3c2cb
train_fake_OPI6JUBLP7.jpg,fake,train,train,train/fake/OPI6JUBLP7.jpg,32692,14011d1736a0023e058d9238e87ee470,1fa12197259d86d9
train_fake_OPR628SRWX.jpg,fake,train,train,train/fake/OPR628SRWX.jpg,25290,4074f248727b47da20cb6d3f152ac6e5,1e7869a32564a3da
train_fake_OPW6IS3DDC.jpg,fake,train,train,train/fake/OPW6IS3DDC.jpg,28883,c37db6800e16af928a4a1ca3d577746a,5e6d23a7300dd68c
train_fake_OQSPEIT3LM.jpg,fake,train,train,train/fake/OQSPEIT3LM.jpg,27431,6706bbea5994df50411a42afe6b80697,1aece9844cd6859b
train_fake_ORDS7219Z5.jpg,fake,train,train,train/fake/ORDS7219Z5.jpg,34544,2f96c215a44f6fcd566b6d62c16a2232,50c34e8e48fdad49
train_fake_OSFO0SYKUB.jpg,fake,train,train,train/fake/OSFO0SYKUB.jpg,27041,e7f5ae4d81f8328ab3a31faccac608a7,629ecaaa2d21adc5
train_fake_OSR3F0V3EU.jpg,fake,train,train,train/fake/OSR3F0V3EU.jpg,28561,5e3dec78db05dd86fb3b0d56837f6551,4f1d3c06317863da
train_fake_OSWVB2LG8J.jpg,fake,train,train,train/fake/OSWVB2LG8J.jpg,29192,0df84364123708561c5f9af5e71d857c,0aa875b576d8968a
train_fake_OUFLZ0JLHA.jpg,fake,train,train,train/fake/OUFLZ0JLHA.jpg,20195,98b5da6ffc7f8bea3ce6b5ed07a57b75,683861b5e696d28e
train_fake_OV7WLIG248.jpg,fake,train,train,train/fake/OV7WLIG248.jpg,34986,da8670904ab66e4d6a6800e333c6a3ee,4ad02d37783d26cc
train_fake_OVFOZP51WJ.jpg,fake,train,train,train/fake/OVFOZP51WJ.jpg,24281,8ec8765821793e650ba1ef12f4609595,2f3234b67638929a
train_fake_OW06JT2SHA.jpg,fake,train,train,train/fake/OW06JT2SHA.jpg,30600,1ab93e18afc44177a77d232073b3b380,454228eb1d3d8fcc
train_fake_OWGSYKRODM.jpg,fake,train,train,train/fake/OWGSYKRODM.jpg,29667,0879542ef08b19b9f004efc3e44ed517,3d25f0f4b254525a
train_fake_OWXMEIG6QR.jpg,fake,train,train,train/fake/OWXMEIG6QR.jpg,24274,9efd9b69fb5eb584bca02d2aa7e478e8,2fd096386927c49e
train_fake_OY049L857D.jpg,fake,train,train,train/fake/OY049L857D.jpg,34403,4d9bcdd06fc242d6dd56e708f4d25616,3aad3f600556cb94
train_fake_OY9L4UCHBB.jpg,fake,train,train,train/fake/OY9L4UCHBB.jpg,24425,ace481408d50f36d6b9c085fc8aba3f5,03b4bdb2b199a08f
train_fake_OZIX52F5NE.jpg,fake,train,train,train/fake/OZIX52F5NE.jpg,21558,cd076b41d5892cfc068f38ccff1aad61,0e7934d3932d56a4
train_fake_P23G18FMK0.jpg,fake,train,train,train/fake/P23G18FMK0.jpg,22599,9d6ed7196916d64832aeddf24358468a,1be06b6567e4069c
train_fake_P2ZU6IQB5I.jpg,fake,train,train,train/fake/P2ZU6IQB5I.jpg,26861,a2eeb877e3f3265b3da70fed46c2bdf0,0baf3cd250c9c6cc
train_fake_P3577H5ZGH.jpg,fake,train,train,train/fake/P3577H5ZGH.jpg,27946,2876439eb1dc5dddb45b6455c2cc443f,6b253aed9129124f
train_fake_P5H9CRKC4K.jpg,fake,train,train,train/fake/P5H9CRKC4K.jpg,26452,c3cc7d1e012e3d76cf29f4532de299d4,60fa6fa32027c49b
train_fake_P5MCPIZW5A.jpg,fake,train,train,train/fake/P5MCPIZW5A.jpg,26864,4b13562861ae8a3047fbbdd4eda3294f,4a3a65d6505dc6d8
train_fake_P5XYGBG9UD.jpg,fake,train,train,train/fake/P5XYGBG9UD.jpg,24359,174e14128a72f3be4e0fe03b5af42750,6aa534b27323978a
train_fake_P69AOK6R9P.jpg,fake,train,train,train/fake/P69AOK6R9P.jpg,30470,87f999a258da9404950dc60d3dcdc6f1,6a786191e52527cd
train_fake_P6A4STJP3S.jpg,fake,train,train,train/fake/P6A4STJP3S.jpg,32682,9af5293896db44d85f02d6ad0585c987,410bf243417dc3dd
train_fake_P6J4M8ACTV.jpg,fake,train,train,train/fake/P6J4M8ACTV.jpg,37386,13cd7eb64b5079408c51f5c794418622,1aa57456706ad38b
train_fake_P6NU9QD80U.jpg,fake,train,train,train/fake/P6NU9QD80U.jpg,25228,dc20367a868bdcb89275f29f37507d19,0eab2a2ba42d969d
train_fake_P6WI0IJAQ6.jpg,fake,train,train,train/fake/P6WI0IJAQ6.jpg,27758,810a9ad49717f7ecab1542d8eb22f970,119cd64b2828f35f
train_fake_P76GIQ5U6A.jpg,fake,train,train,train/fake/P76GIQ5U6A.jpg,27406,65db1d10ffdec5bd68426e4b44b1f557,2f2df0d291e4c692
train_fake_P76YHMS2KI.jpg,fake,train,train,train/fake/P76YHMS2KI.jpg,26304,37e136eb6c151f78668f125ecb506f2e,0bf4a092a2d3c6dd
train_fake_P7QKW28O3D.jpg,fake,train,train,train/fake/P7QKW28O3D.jpg,21896,604eeccdc288f3591df5e1101f319f0f,61726d87cc6255aa
train_fake_P9KVU0GAL6.jpg,fake,train,train,train/fake/P9KVU0GAL6.jpg,26618,cb04957b490d5f951bae7d2514bbe843,6a7d60a1797198c3
train_fake_P9QHAXR457.jpg,fake,train,train,train/fake/P9QHAXR457.jpg,32428,b04898d269537373282dfbdd9ee3f173,0ffa56022216f3da
train_fake_PAKHFHTYA0.jpg,fake,train,train,train/fake/PAKHFHTYA0.jpg,25431,4434e54345c3fdb7ebb019d1909c9dac,410bb50af15a1fdc
train_fake_PAR9TO6A3H.jpg,fake,train,train,train/fake/PAR9TO6A3H.jpg,28774,10efa033c662391216ae2fcf27473e56,0fafa0a2f31f4074
train_fake_PBGT4L4A9P.jpg,fake,train,train,train/fake/PBGT4L4A9P.jpg,31857,e2340750b6d722e7db8fa37cd747b9c3,09b436b2f21f9299
train_fake_PC9YTAJ866.jpg,fake,train,train,train/fake/PC9YTAJ866.jpg,26624,cb3bf1d135719856a936b80dbfd62471,4aad25a73586969a
train_fake_PD0VRTQJVQ.jpg,fake,train,train,train/fake/PD0VRTQJVQ.jpg,25064,a34f52b0284ff9e0eb698062f12e5b60,1b6d6cf2e6618289
train_fake_PEE6F9NGHN.jpg,fake,train,train,train/fake/PEE6F9NGHN.jpg,27339,d8583531c717cb162b02ff1c24837223,5ae1a587d4d4949c
train_fake_PFB90B9PAW.jpg,fake,train,train,train/fake/PFB90B9PAW.jpg,25155,daa9746136a540f3e48454a1180a0b03,1708b668a569cf8d
train_fake_PG1WREI46V.jpg,fake,train,train,train/fake/PG1WREI46V.jpg,28126,16c3f5523508173ad8b31b5da739077e,12616743a4ebd29b
train_fake_PGBI0AXR6F.jpg,fake,train,train,train/fake/PGBI0AXR6F.jpg,31765,c40350250a10598fadc8c1dc74829bd0,4d3d56b2308bc7c8
train_fake_PGYMJVYNLS.jpg,fake,train,train,train/fake/PGYMJVYNLS.jpg,31157,e19500ee74406c1dd7948b2e9206995a,54f26163656706ce
train_fake_PI0F6U1LKN.jpg,fake,train,train,train/fake/PI0F6U1LKN.jpg,29729,9ca402bf455b80395ffc4b53d56e0d8c,6f3d70746110c2db
train_fake_PIC4U6K87V.jpg,fake,train,train,train/fake/PIC4U6K87V.jpg,34711,c35515c3abb99fc6d9fcfa64092c148e,5aa53796306963c5
train_fake_PJ9KCGKC43.jpg,fake,train,train,train/fake/PJ9KCGKC43.jpg,35506,374bdc5cde27cfd3550cfcaff53d6a33,0b7aa17192a11fda
train_fake_PJFMMAVGFN.jpg,fake,train,train,train/fake/PJFMMAVGFN.jpg,29569,7d441d57f56a1430afbc7a0d439ea3aa,7fad20f0307412be
train_fake_PLCSDRO85E.jpg,fake,train,train,train/fake/PLCSDRO85E.jpg,34507,7804f5904342713837445655ef929d24,0bf52c222e6f2e8c
train_fake_PLLMVCBD6Z.jpg,fake,train,train,train/fake/PLLMVCBD6Z.jpg,26032,34943c8834f279922038d8acda77c2ea,7ea534a2b22b93c8
train_fake_PMSKOQSKVC.jpg,fake,train,train,train/fake/PMSKOQSKVC.jpg,27494,f0afc6c5d1c856dd8e2e2e2696787daf,4a3a65b117ea22cd
train_fake_PNH3NYSFB6.jpg,fake,train,train,train/fake/PNH3NYSFB6.jpg,26552,18ddb5c8a5d90bcc75abeb3963e07396,0f20f4cae37d83d0
train_fake_PON8V3NHIR.jpg,fake,train,train,train/fake/PON8V3NHIR.jpg,26686,9f71825a155f8a27584837d94c4f8bcf,6fbf30b03072c2ca
train_fake_PP82IZ6535.jpg,fake,train,train,train/fake/PP82IZ6535.jpg,26320,601e05c74c1a93ca6b2bfc1f4bd15d8d,5ae129a725da9598
train_fake_PQFJGIRRT5.jpg,fake,train,train,train/fake/PQFJGIRRT5.jpg,29285,0518ff254892024a997dc4ab257fe220,60f26ba54701c2df
train_fake_PQMKXWG4WE.jpg,fake,train,train,train/fake/PQMKXWG4WE.jpg,23475,35216d3ad04592e1ffa76e4b1b27a7a8,3df021e003f7c09f
train_fake_PRSD8JNT9O.jpg,fake,train,train,train/fake/PRSD8JNT9O.jpg,30068,6cc357ed7ffefd071a7b8191c5a5a812,3f0f3274725481da
train_fake_PT5XQC31DB.jpg,fake,train,train,train/fake/PT5XQC31DB.jpg,24626,4737f265ebf5d4c724fc5eede99190f8,4a3f347ab251d183
train_fake_PU2R5NA652.jpg,fake,train,train,train/fake/PU2R5NA652.jpg,22960,53b726059d28d469caf4b52fa733efcd,683f60b470b1d2c7
train_fake_PV680XWXDR.jpg,fake,train,train,train/fake/PV680XWXDR.jpg,27693,6b207cfde7f4cee0fca979ea814d5e27,5a362ce1fcc982c9
train_fake_PVJQ3HDOEY.jpg,fake,train,train,train/fake/PVJQ3HDOEY.jpg,38025,d9c3347d86ec497b895ba75eea1cfee6,13452ad7708bd39a
train_fake_PWS35I2W2Q.jpg,fake,train,train,train/fake/PWS35I2W2Q.jpg,33948,315d2963dcb5b01fe3b971c21c19c88d,62a5d6d1c1960f8d
train_fake_PWT93K0AM5.jpg,fake,train,train,train/fake/PWT93K0AM5.jpg,30192,86260595d86414b4abb7006535a1bf0a,1edf606567698283
train_fake_PXJ34EJ0HQ.jpg,fake,train,train,train/fake/PXJ34EJ0HQ.jpg,25760,2f24f071ec67973b243248935d7c15e7,1c782b2f2574a69a
train_fake_PY6ZWSWD0H.jpg,fake,train,train,train/fake/PY6ZWSWD0H.jpg,31100,8736b3ac91d3e8ff2e3f99c655039327,2a0a7525347577d4
train_fake_PYGX7X7ETP.jpg,fake,train,train,train/fake/PYGX7X7ETP.jpg,36151,ed09f2b37b5da1cde4c0dbee4fb477d2,1b172574770ec2d8
train_fake_PYJ7THALVC.jpg,fake,train,train,train/fake/PYJ7THALVC.jpg,28680,ea18ba15e6405291d941000121e684e5,0d507877304d97dc
train_fake_PYSRTUDVCF.jpg,fake,train,train,train/fake/PYSRTUDVCF.jpg,26172,03888de0202bde35625961d616da0fde,4b6530d2d14de783
train_fake_PZ1OLVC6DJ.jpg,fake,train,train,train/fake/PZ1OLVC6DJ.jpg,30533,dc3b8e337114e14ce604b1a4c7a78146,287db4e04ef0e1b4
train_fake_PZAWUN6IEO.jpg,fake,train,train,train/fake/PZAWUN6IEO.jpg,32009,95c0a5e6a077b64e5e9cb08e8cb166d8,61b0b4a0b7c39bca
train_fake_PZH31YDE34.jpg,fake,train,train,train/fake/PZH31YDE34.jpg,29135,248f997f4c69c696fadea301d2d17e52,16a52ee3610b83dd
train_fake_PZVGJOC29Q.jpg,fake,train,train,train/fake/PZVGJOC29Q.jpg,24996,2f27bba9bf3507f1a35934694abff48e,4f3134c296599bca
train_fake_Q0DWTBQ9UU.jpg,fake,train,train,train/fake/Q0DWTBQ9UU.jpg,27116,7fbb9b834a09f71a14eab6570350c26a,1a5f6867264a9399
train_fake_Q0JEBRMF9E.jpg,fake,train,train,train/fake/Q0JEBRMF9E.jpg,29992,987b284fc6a88b7e15d0cb96b1953e47,4b382d3722bac69a
train_fake_Q10XZYF6TO.jpg,fake,train,train,train/fake/Q10XZYF6TO.jpg,24855,cf63f8c144cfb75bc52236202b131f28,3f9bb062e04cc3c9
train_fake_Q1WJ8Q0LZO.jpg,fake,train,train,train/fake/Q1WJ8Q0LZO.jpg,33052,acd78b40347aecaddfc68faff2dde0de,4ee93b91939a8a8c
train_fake_Q2611WQDBW.jpg,fake,train,train,train/fake/Q2611WQDBW.jpg,26355,53e978abdb3874e442f0f3bcfee65f2b,5059ab63ad6d868c
train_fake_Q294LHOWM8.jpg,fake,train,train,train/fake/Q294LHOWM8.jpg,28810,fde42ae07b292d526ca1a8113a7512e3,58d609036929d7cf
train_fake_Q36M91HPE9.jpg,fake,train,train,train/fake/Q36M91HPE9.jpg,26605,4feffc61342a4c2c49acb1303d8b4502,6bb5f4923033c3c8
train_fake_Q399CIKCF5.jpg,fake,train,train,train/fake/Q399CIKCF5.jpg,24702,0e6620d5479d0caea75e63dd53b8c81c,6f0f3474747403d2
train_fake_Q3UVH32RYH.jpg,fake,train,train,train/fake/Q3UVH32RYH.jpg,28555,c7a3a1b124473cb67ca3336c74b63709,1e6d7861256992da
train_fake_Q3YI8V75DV.jpg,fake,train,train,train/fake/Q3YI8V75DV.jpg,32776,c6ee860e04f09694ea8945d51d7e2106,1bb465c6668fc289
train_fake_Q431NU9RO6.jpg,fake,train,train,train/fake/Q431NU9RO6.jpg,27532,40a0f392daff214f971a11a82b9dcb51,077cb4a0d217db8a
train_fake_Q4H4QIQHES.jpg,fake,train,train,train/fake/Q4H4QIQHES.jpg,31394,32b3469854120edd4f7263ce1598e64b,0a9255d32b5d6f88
train_fake_Q4KQ5HZM18.jpg,fake,train,train,train/fake/Q4KQ5HZM18.jpg,30854,fbd9e3a386cb5359b0d281b0abb19ed5,0bb5f4f03083c3cd
train_fake_Q5MGJS656P.jpg,fake,train,train,train/fake/Q5MGJS656P.jpg,32291,35830b84a26c441cea4a14b88ec988d4,1aa569a5a07a839f
train_fake_Q76ELH5EFT.jpg,fake,train,train,train/fake/Q76ELH5EFT.jpg,24929,58b1a233f3524ecb1e5b5ecc5f3ad2f8,2d3df0b0e382cb86
train_fake_Q77DNCC0IW.jpg,fake,train,train,train/fake/Q77DNCC0IW.jpg,25069,2ee447f97ff64d46248e3d12553937b5,62da6d232561a59d
train_fake_Q8VYWTE53Y.jpg,fake,train,train,train/fake/Q8VYWTE53Y.jpg,32504,d2dda1cc957bf48ac2f52e693b70e772,4f273c90910b66cf
train_fake_Q94D7RLKKG.jpg,fake,train,train,train/fake/Q94D7RLKKG.jpg,30473,eea0541d6267126c679da39232f244a7,1ad53092706b66cf
train_fake_Q9V7G73QB1.jpg,fake,train,train,train/fake/Q9V7G73QB1.jpg,32788,609916cba3b7c3268a4863aaaf37785a,183a6bad2576069b
train_fake_QB0UYUS2NH.jpg,fake,train,train,train/fake/QB0UYUS2NH.jpg,29567,aa8cf012f62675d511ad9417526cefce,18ac6b53354bc2dc
train_fake_QBES80WP79.jpg,fake,train,train,train/fake/QBES80WP79.jpg,32832,3b38f178e16a256d1d34cda409096ed5,72cd21e0745eaa9a
train_fake_QC7ILMCXXC.jpg,fake,train,train,train/fake/QC7ILMCXXC.jpg,29840,dcf1b0821a734e55b9128b7e93126d60,64df9c56703803cd
train_fake_QD0UOP57B4.jpg,fake,train,train,train/fake/QD0UOP57B4.jpg,32485,06c9db22d1537b47fdf7ee5bf3d5c6cb,520fb5fb015be00e
train_fake_QE5DE3Q9R9.jpg,fake,train,train,train/fake/QE5DE3Q9R9.jpg,23755,df118307942490b71d3d76c9a8c604f5,4b302d96c599c3b5
train_fake_QF3UHGF5SK.jpg,fake,train,train,train/fake/QF3UHGF5SK.jpg,23674,8747fa49af7313c16dd036bb8a8f01c3,4e3ab497e13c60ca
train_fake_QFVT7Q2MFJ.jpg,fake,train,train,train/fake/QFVT7Q2MFJ.jpg,25917,7e774d2448e94a091b708ae06a0216a8,3d6f20f071b0d29a
train_fake_QHLMY0BY9W.jpg,fake,train,train,train/fake/QHLMY0BY9W.jpg,32193,497b66c1ebe7ec14f8a3784df0d66bf4,4abe7cf22039828f
train_fake_QHR1MDYUI8.jpg,fake,train,train,train/fake/QHR1MDYUI8.jpg,25953,3a4a2da53ba62f6b10f07bfedd0a528d,1c427b236d65678a
train_fake_QI5ZVERLG0.jpg,fake,train,train,train/fake/QI5ZVERLG0.jpg,28509,ff9e57b8fe74302e77f577a41c71e0df,1f520f60217ec2de
train_fake_QIL82A8MGN.jpg,fake,train,train,train/fake/QIL82A8MGN.jpg,25917,166c3dd091c40202f991988dd4f82bb0,417e3ef0706193c9
train_fake_QIXNPKQFG4.jpg,fake,train,train,train/fake/QIXNPKQFG4.jpg,24739,4ad971665e226188c358ba23288e2d25,0f3c3cf070b2c3d2
train_fake_QKA5UW1857.jpg,fake,train,train,train/fake/QKA5UW1857.jpg,26617,161965a9d59317b5a8bedc2705d06f05,4b0e7192f30b8bc9
train_fake_QKFIASUXMZ.jpg,fake,train,train,train/fake/QKFIASUXMZ.jpg,23567,4af12bdba24a3cda38d7e71e99a5ab7a,4f3821b2f10fce8c
train_fake_QLCE31YXPR.jpg,fake,train,train,train/fake/QLCE31YXPR.jpg,29822,d784fd07ecfc9d18b19f7e0d8304ffb2,1b453063f07983db
train_fake_QM0WV6PLK9.jpg,fake,train,train,train/fake/QM0WV6PLK9.jpg,33170,7c29fa84d8e0bdff75a627565492cc11,2d0b56a024b6cbdb
train_fake_QM1P78W2DJ.jpg,fake,train,train,train/fake/QM1P78W2DJ.jpg,30597,11ca641f4cf28a95252d8467093ecb47,1aa1a1d6c6d899d9
train_fake_QM2UKWQZJM.jpg,fake,train,train,train/fake/QM2UKWQZJM.jpg,28338,8e3e5846232853b04e5f25566300dc53,0bf074f2513acbc8
train_fake_QMLJXEEC7K.jpg,fake,train,train,train/fake/QMLJXEEC7K.jpg,25244,0a029559ddfb33d7e2ac374eb892abad,00073ef27121f3cf
train_fake_QMZQFKRQFK.jpg,fake,train,train,train/fake/QMZQFKRQFK.jpg,24808,85fb5a06358aaa997cefbeca4f790155,3ab1e1e486e68798
train_fake_QN47D4FPW7.jpg,fake,train,train,train/fake/QN47D4FPW7.jpg,32216,2cd43ad6d3f6b4e80b5bee5532aed243,1a646193e34d67cc
train_fake_QNIKTFWXSK.jpg,fake,train,train,train/fake/QNIKTFWXSK.jpg,23090,24bdfb6e983bc34fddffcad3978844be,25be78f67040b3c8
train_fake_QPB2GLY5J3.jpg,fake,train,train,train/fake/QPB2GLY5J3.jpg,23839,a1cdd13fa0fd1b99bf3176535ded7e28,096f7493f09d849c
train_fake_QR517K01GT.jpg,fake,train,train,train/fake/QR517K01GT.jpg,25341,167bd8fed76bb41b5d4c7cadb04ce2cd,4f346492670b8ece
train_fake_QR56M1F2XK.jpg,fake,train,train,train/fake/QR56M1F2XK.jpg,26094,7e50b2ea93a5dbe70f476a63d53e396c,1a6931a3344ad7cd
train_fake_QRRO38M5DE.jpg,fake,train,train,train/fake/QRRO38M5DE.jpg,27769,b2450fdd67f52e43a5f8cefd43feb22d,1f185116e12fc38f
train_fake_QRWEYEZBUR.jpg,fake,train,train,train/fake/QRWEYEZBUR.jpg,23313,ac9ea4ef95cca38fd96df214ac26657e,12eae3d3d20b039b
train_fake_QSOAUWYPEF.jpg,fake,train,train,train/fake/QSOAUWYPEF.jpg,29051,39e2ac5b83103c754cdfb54d79f34e02,4a2f70c196fb708c
train_fake_QSU5IB5K0V.jpg,fake,train,train,train/fake/QSU5IB5K0V.jpg,28427,5ce2ac25f1349ba47df3e78492f664dc,3f6b63b4816e84c8
train_fake_QU9FDVNWOL.jpg,fake,train,train,train/fake/QU9FDVNWOL.jpg,23502,6a1b726cac4eafde2de3811a1bd244e9,1f12687b656d02c7
train_fake_QUNDXX7GUW.jpg,fake,train,train,train/fake/QUNDXX7GUW.jpg,32027,f7636bb71b5bf3e0dfc3643b66d2e683,744a82a0f923b1df
train_fake_QV3WJVHELH.jpg,fake,train,train,train/fake/QV3WJVHELH.jpg,27066,3406024e7a0035df2d91c2e29baf5c53,5c4a69652574379a
train_fake_QW8C8BFFVW.jpg,fake,train,train,train/fake/QW8C8BFFVW.jpg,25425,dbf9bffd9b7309bcbd070f8a123a0341,43217a92bb1f629c
train_fake_QXCHREGD42.jpg,fake,train,train,train/fake/QXCHREGD42.jpg,36300,e5133d904ff06dcfb2df4e3f2121a7ec,78c8e0e0277151bf
train_fake_QY8A8WKKO2.jpg,fake,train,train,train/fake/QY8A8WKKO2.jpg,25416,90bfd7e46894716c198424f3d1cc5230,0b347dd6c17c138c
train_fake_QZWLG1WC2H.jpg,fake,train,train,train/fake/QZWLG1WC2H.jpg,34885,68035fbeb703ceec638740d7c9fdde93,48e1d0c39f0bbd58
train_fake_R0GB30YC35.jpg,fake,train,train,train/fake/R0GB30YC35.jpg,26713,2ba1eeec6bbd427ff1195291fa6b0c2a,3d3f34f022d2929a
train_fake_R0I3XEZLHN.jpg,fake,train,train,train/fake/R0I3XEZLHN.jpg,24027,ea0d1c87766379eb75da7ad043307923,35f7b2f020b2a983
train_fake_R0V3M4OBSL.jpg,fake,train,train,train/fake/R0V3M4OBSL.jpg,23326,3d0d15b8096de8356e090d7a11a990d4,3869e1a7c606ce9a
train_fake_R0VGQEG8G4.jpg,fake,train,train,train/fake/R0VGQEG8G4.jpg,26640,4e0494b5beccfa9bc8355c4e0b2fc75e,6a1e65a562a127cb
train_fake_R1CTTM82VH.jpg,fake,train,train,train/fake/R1CTTM82VH.jpg,44228,7a1d3e3507a84cac294dda86a16dc632,44c3fa976b2827c8
train_fake_R1IJKEALI9.jpg,fake,train,train,train/fake/R1IJKEALI9.jpg,35171,36071f7e272cefe41ac80a246f811c01,5a83f5256735c382
train_fake_R2QTCNTHZ2.jpg,fake,train,train,train/fake/R2QTCNTHZ2.jpg,27043,a2aeabd8494b77b764eef0e598d9980a,52c2ad4baa730ed4
train_fake_R2V6G2AIWH.jpg,fake,train,train,train/fake/R2V6G2AIWH.jpg,24313,6ad12353bd3ae300e2a87e27df0f7d8c,00db48b6f027cbce
train_fake_R3JP6KJ9UT.jpg,fake,train,train,train/fake/R3JP6KJ9UT.jpg,30312,0b4264d49b5275a1c7ed0de7e860cf6a,18fd6de0e501c0dd
train_fake_R3MJQ024JS.jpg,fake,train,train,train/fake/R3MJQ024JS.jpg,26144,4f3bef0379a911a826ad2a2ba4db9608,421f203572ad5bbc
train_fake_R3WVC1RMED.jpg,fake,train,train,train/fake/R3WVC1RMED.jpg,31432,5abdf2d148f8154d910b0b87063bcccc,43b42bf0703993da
train_fake_R4GI99UIIY.jpg,fake,train,train,train/fake/R4GI99UIIY.jpg,33477,0a3f4d40c943b4e1e769bfa123a8fa24,7cd8a1a01e707a6b
train_fake_R4ZE490S14.jpg,fake,train,train,train/fake/R4ZE490S14.jpg,44732,0d6783fa71ff4d75e33cc9493e273929,535a6873244aa79b
train_fake_R55Q3SD11O.jpg,fake,train,train,train/fake/R55Q3SD11O.jpg,28562,74cdae63b8ee5ef2a4803e4191435836,0fb534f2b238d298
train_fake_R73IK6MPI3.jpg,fake,train,train,train/fake/R73IK6MPI3.jpg,26080,3b8d0c8a3f1ad2b753d537b9e5597b4e,350f7221b779905a
train_fake_R7XDUZF2AV.jpg,fake,train,train,train/fake/R7XDUZF2AV.jpg,25899,9305087c4388c5139e8a03b06ef6f9e4,651145a3fcd28ace
train_fake_R8WEVAI54O.jpg,fake,train,train,train/fake/R8WEVAI54O.jpg,26941,4bd55efadee7fa1703b287c12ffb9455,0d7962f37001d68f
train_fake_R9ZOKJCX5D.jpg,fake,train,train,train/fake/R9ZOKJCX5D.jpg,24583,eb4e0feb435e5aff0964165d2b805c26,3dbd00f0a383c38f
train_fake_RA36JUX8V1.jpg,fake,train,train,train/fake/RA36JUX8V1.jpg,28669,2dd517581ac4a56f1c6229429b34a229,78ad61e117e19782
train_fake_RANDKN4IZU.jpg,fake,train,train,train/fake/RANDKN4IZU.jpg,28664,14eae83fd9d51f2970cc2ab02de77b66,2a24a5de87f83f80
train_fake_RBE4UANC8X.jpg,fake,train,train,train/fake/RBE4UANC8X.jpg,25226,d21921708154001f7abd76f28e579c2c,6a3825a567a3869b
train_fake_RBRXWXCH98.jpg,fake,train,train,train/fake/RBRXWXCH98.jpg,20360,fa19641c7e1cdd7d99cf2a16d3dab8ad,1c253227b358db36
train_fake_RBUKO1AOH3.jpg,fake,train,train,train/fake/RBUKO1AOH3.jpg,38464,6eed822ff39cdfb6cfe73094ba23de09,1ff47052e76886c8
train_fake_RC5PABAMYY.jpg,fake,train,train,train/fake/RC5PABAMYY.jpg,31073,2ec5a0358431a97feb93ec7bc2e69d1a,3fb682c246c6c5cc
train_fake_RCKFSUZPYF.jpg,fake,train,train,train/fake/RCKFSUZPYF.jpg,28435,b89a13dcd0c86decf070304996ed871c,4aacb197b115878e
train_fake_RG2JPM13C2.jpg,fake,train,train,train/fake/RG2JPM13C2.jpg,24511,22a2e2c7cdb9ce7ffde513b6a124f82d,4d3c2b74712992da
train_fake_RG972541SV.jpg,fake,train,train,train/fake/RG972541SV.jpg,24583,0655738661869992400f4a5554d0beeb,28a8e4f5a706dee0
train_fake_RH3TAIBIU8.jpg,fake,train,train,train/fake/RH3TAIBIU8.jpg,27755,e962557d4cab75b8d7f53b54e2769150,507f73c2a1ce8e88
train_fake_RHNID3EQEN.jpg,fake,train,train,train/fake/RHNID3EQEN.jpg,24728,312f1b6d60362a2aaa571c3751d97b32,41fd7cf2203123cb
train_fake_RI8KWA5NP4.jpg,fake,train,train,train/fake/RI8KWA5NP4.jpg,34729,f6f0e7ac75395b2838ce76721ca706c5,189671676369c2cd
train_fake_RIEJZ2D6VD.jpg,fake,train,train,train/fake/RIEJZ2D6VD.jpg,31974,6c93b060b77ab2bb273949d98e52f9c7,423f3c7230b0abd9
train_fake_RJZWNEYPFE.jpg,fake,train,train,train/fake/RJZWNEYPFE.jpg,32539,9dbb3094cd1a61b45b197cc0129accee,1be0ed86ec84d689
train_fake_RLBAN49HTP.jpg,fake,train,train,train/fake/RLBAN49HTP.jpg,26224,39e657aa20cc489aaf3f5e75d710cdbf,4a7ce270762997a1
train_fake_RLYFLH6GHK.jpg,fake,train,train,train/fake/RLYFLH6GHK.jpg,28687,bed5fab1808dc3a52ca112cb0c3c46e2,2a5e3525c2959ada
train_fake_RMFY6LP84I.jpg,fake,train,train,train/fake/RMFY6LP84I.jpg,25774,6e36887c03203d74a97f9632e8c36ca0,16a15af8251de29d
train_fake_RMZWFDDAPF.jpg,fake,train,train,train/fake/RMZWFDDAPF.jpg,26340,ef0723cbf7697e5c545911a29c87a894,7ae121a724fe868c
train_fake_RNGW1JYBZ7.jpg,fake,train,train,train/fake/RNGW1JYBZ7.jpg,28902,76f4fabb465e1a886de51e3c3d983a5b,093435f2531f1acd
train_fake_RNR5MDOVAW.jpg,fake,train,train,train/fake/RNR5MDOVAW.jpg,35063,9e044cf680df8904970447be254d27ee,0bbe7eb0a043c3d4
train_fake_ROANJTPGY4.jpg,fake,train,train,train/fake/ROANJTPGY4.jpg,26946,6a7fe8e6819bc9bab87c47fd8f863c2f,0d7a7cb07071c786
train_fake_ROIWONQ7FB.jpg,fake,train,train,train/fake/ROIWONQ7FB.jpg,28261,3fc6ee4935e3d2c927274cfffcb48d08,4270252b757d07d6
train_fake_ROUJ3VTA40.jpg,fake,train,train,train/fake/ROUJ3VTA40.jpg,38403,eb2f13e32ad56ca06985a7f057404e54,1d8568622864f79f
train_fake_RP5JIOMDI8.jpg,fake,train,train,train/fake/RP5JIOMDI8.jpg,36071,082cf77580e34d0eddd979adf9674400,029d95de787870c3
train_fake_RPI0BMWXLR.jpg,fake,train,train,train/fake/RPI0BMWXLR.jpg,22992,a6feeae288303ebb9e06de7624e2042b,606aa761a66586dd
train_fake_RR8ZIHKIEZ.jpg,fake,train,train,train/fake/RR8ZIHKIEZ.jpg,24039,419847ba92ad2a432ac809f035221b41,05bbc0d76909c4cf
train_fake_RRGJX27NQU.jpg,fake,train,train,train/fake/RRGJX27NQU.jpg,25501,377bb62237f772e9b26bd8d82c60dcd7,3d89a5a44026feda
train_fake_RRUY3DI7KI.jpg,fake,train,train,train/fake/RRUY3DI7KI.jpg,31608,6775c8b1739912831333429e87c5a253,4b8824e3632557de
train_fake_RS2JOLC0BJ.jpg,fake,train,train,train/fake/RS2JOLC0BJ.jpg,31120,d4c5a6a21f6ecdbe5583fd338e8a4486,5a686ba72c0d958b
train_fake_RSA2T2E67V.jpg,fake,train,train,train/fake/RSA2T2E67V.jpg,33251,922e0248f56dcac240f7a02aa7cbf96c,1b427f60269cd29d
train_fake_RSBTTY2RQK.jpg,fake,train,train,train/fake/RSBTTY2RQK.jpg,24836,55155d23952493e559709981edfe1a20,78de43e521693782
train_fake_RSO6G2F9KD.jpg,fake,train,train,train/fake/RSO6G2F9KD.jpg,32414,832672563056cde4a07c96678c9e0406,1e7e78212560d38f
train_fake_RTBX3HFBHD.jpg,fake,train,train,train/fake/RTBX3HFBHD.jpg,30335,7a974c9811004b93066eb635e0524244,683805f1807597df
train_fake_RTOZYPURG0.jpg,fake,train,train,train/fake/RTOZYPURG0.jpg,28152,7918240fc9f4ab0346b60b0ae501320d,784a61a56539c78b
train_fake_RUDUFHTXHY.jpg,fake,train,train,train/fake/RUDUFHTXHY.jpg,32363,da3110757352c339b245a51a266c92e9,3acfedc22a20b392
train_fake_RX23JB2G7A.jpg,fake,train,train,train/fake/RX23JB2G7A.jpg,34238,b06c30fe67b4a4105147a8e311367c58,69e133e52760839e
train_fake_RYHUPWKU90.jpg,fake,train,train,train/fake/RYHUPWKU90.jpg,21834,22bc7ceeb422bd186e04925786daec8d,21ffb2f6f000838e
train_fake_RZ82885UJ8.jpg,fake,train,train,train/fake/RZ82885UJ8.jpg,32476,c1a18e91d472d851f8a2c19a6149f5ed,253a37d0928d5cdc
train_fake_RZQZVG7L5G.jpg,fake,train,train,train/fake/RZQZVG7L5G.jpg,27134,02f24b8193eb61dbed2e2f3c7abac7d9,3d498587d6969296
train_fake_S05VY32XQF.jpg,fake,train,train,train/fake/S05VY32XQF.jpg,35419,8aa04893edd3cf212706aded8ee15779,2bc53e9bb03cc286
train_fake_S1I25T8LYN.jpg,fake,train,train,train/fake/S1I25T8LYN.jpg,31313,11ca0aceeb517b859fc5b10c4b5333c9,5abaa117b7179481
train_fake_S2B6SO8OA4.jpg,fake,train,train,train/fake/S2B6SO8OA4.jpg,29472,3b4541ce64c59b4a80d8d85f8ba7df7f,2f033cb2703a97c9
train_fake_S3JR7X7UVJ.jpg,fake,train,train,train/fake/S3JR7X7UVJ.jpg,24242,c64e6b2f68dd5d44e36b89ee413a82ff,4f3e24347037d2d2
train_fake_S3R2DXB1BF.jpg,fake,train,train,train/fake/S3R2DXB1BF.jpg,32067,d0f5c0197916d7a4e98ae71db8b222fe,4b692472376256ce
train_fake_S5F97D1E2W.jpg,fake,train,train,train/fake/S5F97D1E2W.jpg,33180,c27a01118e5e7cb1687bfc2cd3690af9,5ee0e8a1a7d78388
train_fake_S5NPVHYO4O.jpg,fake,train,train,train/fake/S5NPVHYO4O.jpg,24057,0da3e6519498639a05723b062f09fa70,586a25a7a54e959a
train_fake_S5RCZPO2JJ.jpg,fake,train,train,train/fake/S5RCZPO2JJ.jpg,25517,648ef22d8f686abe0c34a5701d861eea,372f70b4f052d189
train_fake_S66AQPPF2W.jpg,fake,train,train,train/fake/S66AQPPF2W.jpg,28746,0e8a3d0fa9c3463b32137e92f977cd9c,1f7c69a075f48492
train_fake_S6L9NVPXLQ.jpg,fake,train,train,train/fake/S6L9NVPXLQ.jpg,31897,ded1e3a2255853853a2f5348581c9a54,4b5636b2338bd189
train_fake_S7BAHN8PTT.jpg,fake,train,train,train/fake/S7BAHN8PTT.jpg,30209,284d60b96afd662952803471d09cc326,6f36b4f0b00bd0ca
train_fake_S8R01XVZZ2.jpg,fake,train,train,train/fake/S8R01XVZZ2.jpg,26413,4d4185031d9d003c072a517044c9a3de,01fbb287390c66ce
train_fake_S9I28DFPEW.jpg,fake,train,train,train/fake/S9I28DFPEW.jpg,34568,c72b0394bd18c37d3c0db5dc271ee6de,401636363ab8badb
train_fake_SAED780WHL.jpg,fake,train,train,train/fake/SAED780WHL.jpg,36256,4d557566fbd147ed6fb434ad8f80f4ac,179dea5ee802a585
train_fake_SBFY7IMSWM.jpg,fake,train,train,train/fake/SBFY7IMSWM.jpg,34319,8dd76834a5e750587f96f5c758b18071,410382975e5e2ede
train_fake_SBUBUK5EH7.jpg,fake,train,train,train/fake/SBUBUK5EH7.jpg,28640,a6813d081393b6ec2141699e61cc6cdc,1f7e707a2048cb4d
train_fake_SCIHO8TQL9.jpg,fake,train,train,train/fake/SCIHO8TQL9.jpg,26042,06d0f3b0f5e197b5fc3d19f1c6f030ff,7df50282d78382da
train_fake_SCSVRMFWO4.jpg,fake,train,train,train/fake/SCSVRMFWO4.jpg,37285,a421187db1d1c14140eb6e7dee257429,4df0da828f1c7a68
train_fake_SCZ3W77VQI.jpg,fake,train,train,train/fake/SCZ3W77VQI.jpg,29791,69a1d613987d74202f799b80231141df,7baa6170622a579a
train_fake_SDSD1V389Z.jpg,fake,train,train,train/fake/SDSD1V389Z.jpg,23709,446c08895defc525c09c4b11ed7d24b4,7aa86df021df008f
train_fake_SE0P42P73L.jpg,fake,train,train,train/fake/SE0P42P73L.jpg,31895,de2404179f58ed543cc238dfedea940f,30eaabe2e7da8098
train_fake_SETK1PC32M.jpg,fake,train,train,train/fake/SETK1PC32M.jpg,25238,ac1a458a220c74d82a1e8b582b112306,2f2f74b47034709a
train_fake_SFUSLPKDQ9.jpg,fake,train,train,train/fake/SFUSLPKDQ9.jpg,31901,7a316ee83771fdf1ad72b49dadb78e8f,0f7d64f27203c3c2
train_fake_SH1YWB8EQW.jpg,fake,train,train,train/fake/SH1YWB8EQW.jpg,31145,34a1099f42aa4b6cdf739bc67137ce59,0bb4f4b2f05bc28c
train_fake_SHDI7N9K6T.jpg,fake,train,train,train/fake/SHDI7N9K6T.jpg,34644,9daedbcf548ccce51112e9bda140b599,6c52f5a182d40fdc
train_fake_SHEWXWZDGB.jpg,fake,train,train,train/fake/SHEWXWZDGB.jpg,31193,6b7db623bda6fc9f81a7ec6b6a489267,1e86e586477aea0a
train_fake_SJKR7TOV8B.jpg,fake,train,train,train/fake/SJKR7TOV8B.jpg,32398,108c8f5d6c0c2234043e02e087dcf8b8,106e636565239797
train_fake_SKGG8G5Z4I.jpg,fake,train,train,train/fake/SKGG8G5Z4I.jpg,32101,8d0e5057b9851423853665f531072b0d,45d240af421fa3cf
train_fake_SKR5HUWGFB.jpg,fake,train,train,train/fake/SKR5HUWGFB.jpg,24600,305dcecb23b6d8f9b442a49327e1c6df,0249fef4786094cf
train_fake_SKV2YUPJIW.jpg,fake,train,train,train/fake/SKV2YUPJIW.jpg,22947,140f20ec9b6011cca1ab2c9a99020bc6,1e2978273562d68b
train_fake_SL3FTHLABA.jpg,fake,train,train,train/fake/SL3FTHLABA.jpg,27398,7ddbceb365cc361512ef7a25bfdc4365,4a303d77a05fd2c8
train_fake_SL9CJDZF9I.jpg,fake,train,train,train/fake/SL9CJDZF9I.jpg,33454,342afd962f15677afd71b25e40685ac1,0ae178a764c6d786
train_fake_SLKDJG9BH3.jpg,fake,train,train,train/fake/SLKDJG9BH3.jpg,33290,9268544f96defed0317893fdcdbc8415,0bf1a9a16556d68a
train_fake_SLN9R1KT1L.jpg,fake,train,train,train/fake/SLN9R1KT1L.jpg,29635,dd800827dc8d4f66dcb163dfa434223c,549f2e152478a6dc
train_fake_SMKM1NX8P4.jpg,fake,train,train,train/fake/SMKM1NX8P4.jpg,27465,ce082e987d6b4c210653f5d4206a6cca,3e6b144eb064995e
train_fake_SNORXIQJQ3.jpg,fake,train,train,train/fake/SNORXIQJQ3.jpg,30626,650876350a031926cd17f90e019152a2,2dbc7cf2e002c2da
train_fake_SPDNRRX8B9.jpg,fake,train,train,train/fake/SPDNRRX8B9.jpg,24692,7cfa30d49f929aba7c3b93b91dd9398f,0b3e6934603cc7d6
train_fake_SPZRG0XKXK.jpg,fake,train,train,train/fake/SPZRG0XKXK.jpg,30364,914febd4b33218a8765e0a82d462c305,35f72ee20296928e
train_fake_SQM90YCGFI.jpg,fake,train,train,train/fake/SQM90YCGFI.jpg,34079,a53a6d47a0e27fb25df781d481a76c45,4fb4b1133908e7cc
train_fake_SRV4M2SOD5.jpg,fake,train,train,train/fake/SRV4M2SOD5.jpg,29721,39db1b42719159a1e87dc3a31faedf85,0e732527b564d499
train_fake_SS937OWHIQ.jpg,fake,train,train,train/fake/SS937OWHIQ.jpg,26143,071ea02aaab4a37c3c46e986d3379e5c,5e64a133b3698687
train_fake_SSEYDDAK9A.jpg,fake,train,train,train/fake/SSEYDDAK9A.jpg,38097,719e1507f81e0020d3702145ba2ef139,4f747422326b82cf
train_fake_SSFIJ3DATG.jpg,fake,train,train,train/fake/SSFIJ3DATG.jpg,24974,7110d6919629d1f3d8eabb521eec05ce,2bf470e26383878e
train_fake_SUQY1HZ8UL.jpg,fake,train,train,train/fake/SUQY1HZ8UL.jpg,34513,2da12e0eb2474956e2e8f0deb4ac14c8,3f60fdf1808c40dd
train_fake_SVU2HOGD60.jpg,fake,train,train,train/fake/SVU2HOGD60.jpg,31873,aa0b419facdc18167657e4d348835d51,2aa91505a7f6868f
train_fake_SWAOK0ADOS.jpg,fake,train,train,train/fake/SWAOK0ADOS.jpg,28931,fb8a02f5ae6a2f59796688cfaaf98c57,4a1f707f71d980c8
train_fake_SWBA8EKWVY.jpg,fake,train,train,train/fake/SWBA8EKWVY.jpg,27343,7b5dca11e8b0cfe4ea48eeddedbd5fac,7fbdb0a04246c2da
train_fake_SY6QR9WKRX.jpg,fake,train,train,train/fake/SY6QR9WKRX.jpg,29673,1de6b3c599c7772e05ea68e3f07a8603,78a105d7869eda8a
train_fake_SY9RGPVB8V.jpg,fake,train,train,train/fake/SY9RGPVB8V.jpg,29040,9342c83cd6850549e454b8c0463ffe5d,38f855e0e26dc287
train_fake_SZ4EPLYQDE.jpg,fake,train,train,train/fake/SZ4EPLYQDE.jpg,29947,7ac7a9f43e2a75691e61d9f48df56561,5fff28a0655ac288
train_fake_SZAC10Q3YL.jpg,fake,train,train,train/fake/SZAC10Q3YL.jpg,27300,4a82e76a24434bf44b76c042a2eae783,26d356ba283f80d9
train_fake_SZJ2NWMUZH.jpg,fake,train,train,train/fake/SZJ2NWMUZH.jpg,31637,cce096ad4f1065b5d32e8698862dde50,4dd2ac90710bc78f
train_fake_T010XZNMZ5.jpg,fake,train,train,train/fake/T010XZNMZ5.jpg,23422,936c6e863ec25c0c832f147915c10abe,612bb676f0340b96
train_fake_T0AI91UID9.jpg,fake,train,train,train/fake/T0AI91UID9.jpg,22772,4c5acfece00567d9ed57c139d81d4861,16792a7d2558839d
train_fake_T0SRFX1Y2P.jpg,fake,train,train,train/fake/T0SRFX1Y2P.jpg,29357,d7292d6259285e0f8dd5defcba7df6af,60c22ec00f97dedc
train_fake_T18V27DUCG.jpg,fake,train,train,train/fake/T18V27DUCG.jpg,30529,addd6ba40c47a71de8f4cb7a45166612,4b743c92f809c6ce
train_fake_T1G4XJCN5I.jpg,fake,train,train,train/fake/T1G4XJCN5I.jpg,30907,678198001e1a411a4884ffbfb077cd80,5aaca197949ed898
train_fake_T1TL7R3AP4.jpg,fake,train,train,train/fake/T1TL7R3AP4.jpg,28626,810f7237269d12d302504336b5ca7edf,2d2db4b0723283db
train_fake_T2A1PROJ98.jpg,fake,train,train,train/fake/T2A1PROJ98.jpg,31319,8404f4173bdeccbda4fc78a7956e59f3,5eb925a7268c86d8
train_fake_T2SH4W1V58.jpg,fake,train,train,train/fake/T2SH4W1V58.jpg,29426,9325d051d29847caea021dc933810d7e,5e7863a16525468f
train_fake_T2YRFIIIJH.jpg,fake,train,train,train/fake/T2YRFIIIJH.jpg,28886,1e70aba1633091ee33b94cb42928b218,3d7f50724313419d
train_fake_T34CG8QLC0.jpg,fake,train,train,train/fake/T34CG8QLC0.jpg,25391,f8267fe0635337e0add5739e9bc27c5b,4f1b3624e027c7ca
train_fake_T35SPFAY1S.jpg,fake,train,train,train/fake/T35SPFAY1S.jpg,33616,b3fbb4f153a0228be5435830af8b8566,5f753532b3099584
train_fake_T3NYU2T59K.jpg,fake,train,train,train/fake/T3NYU2T59K.jpg,26127,e203adc3991b82f77c3b32356a6867f0,3ec20f8e613d5689
train_fake_T4AIBB5AJL.jpg,fake,train,train,train/fake/T4AIBB5AJL.jpg,30638,9244fbb2c2ea1ac859db8464f343b153,4a746bd0c74867c9
train_fake_T4AIKM2T3M.jpg,fake,train,train,train/fake/T4AIKM2T3M.jpg,33577,222856ca57e5ca3637a0848d2f908fdf,11a00ec37f837d8b
train_fake_T57AJL1MS8.jpg,fake,train,train,train/fake/T57AJL1MS8.jpg,30276,f8805b689d100c6b12dbe298ba2e3b6d,4aadf017b2c88eca
train_fake_T5HTDQW8WJ.jpg,fake,train,train,train/fake/T5HTDQW8WJ.jpg,24280,98182a4523156a4d3f2acb030295381c,017f36727231f283
train_fake_T5OT12K4AN.jpg,fake,train,train,train/fake/T5OT12K4AN.jpg,27454,14f79cc4ba54bd17fb7976e2554b82fd,10d76a4d6c2d269d
train_fake_T6A278ESLB.jpg,fake,train,train,train/fake/T6A278ESLB.jpg,26672,9e469b7293aed2a1a353194a78068783,7ee035f2916b828a
train_fake_T7C0F82STD.jpg,fake,train,train,train/fake/T7C0F82STD.jpg,28043,4373e395801c858c0c01cd3e1df765ea,403e3ed0d10dbdcc
train_fake_T80RHFP9Z9.jpg,fake,train,train,train/fake/T80RHFP9Z9.jpg,19619,0d26480967f8c5cd0d3bc65367f76577,4f32a902e7e11ef0
train_fake_T81J7K3YF4.jpg,fake,train,train,train/fake/T81J7K3YF4.jpg,38388,0db60b024031f0b978799e7b5f7bb661,348bb58dfa8096ca
train_fake_T8ADEWCC4R.jpg,fake,train,train,train/fake/T8ADEWCC4R.jpg,29867,65ffbf9e36de3b0c721fdd9a455e69a8,7ef922e1a16292d1
train_fake_T92WTWUQYI.jpg,fake,train,train,train/fake/T92WTWUQYI.jpg,25053,d8fcc727dd2d8bd0d132c53aa5c7fbcf,177a2d726534e690
train_fake_TAR39RLUWB.jpg,fake,train,train,train/fake/TAR39RLUWB.jpg,29243,461cf41936379689e16e82fb4f2be171,4f3138a231f5c3cc
train_fake_TB8SXSPX0S.jpg,fake,train,train,train/fake/TB8SXSPX0S.jpg,33531,4c7b7526b1c44663739d2319f22e4b90,7085e38da716869e
train_fake_TBPDKYTPOM.jpg,fake,train,train,train/fake/TBPDKYTPOM.jpg,23646,d03b84dd340af878feabcc38a72cd903,6a7025b22763879e
train_fake_TCNA243SIW.jpg,fake,train,train,train/fake/TCNA243SIW.jpg,31586,c89b79509d2a990e1867d029652c186d,5ee361c78c8cb09a
train_fake_TCQ194SGUX.jpg,fake,train,train,train/fake/TCQ194SGUX.jpg,25212,c16b5b69bc6ba05f1eaf8dd4ebe27fd4,5f286972a0d98a8f
train_fake_TE0KFGLF8T.jpg,fake,train,train,train/fake/TE0KFGLF8T.jpg,29420,fdbdea846c19aa345b6a32d2caf51b56,3bf401d20ada9ad9
train_fake_TEOQAVARXZ.jpg,fake,train,train,train/fake/TEOQAVARXZ.jpg,30663,3d02ee5fcade2685eab624dba9eb4489,1c033487f7944ade
train_fake_TGMRJKJM13.jpg,fake,train,train,train/fake/TGMRJKJM13.jpg,23881,2610cf231878fe34598a783b5ba1d589,6fb552a2d303c3c8
train_fake_THQK9Y5KFI.jpg,fake,train,train,train/fake/THQK9Y5KFI.jpg,25390,4867cb37231023a8d1ef6388abdcb9c6,17e51e6a243ac3ca
train_fake_TI224EQYKM.jpg,fake,train,train,train/fake/TI224EQYKM.jpg,29641,6593ded80304503274cdfef11b88c25c,124f3577a40ad29d
train_fake_TI47MXVXDF.jpg,fake,train,train,train/fake/TI47MXVXDF.jpg,31330,c2134d4a32cf8ea560035d24842f5461,195678336338c99b
train_fake_TIVVVDZH6I.jpg,fake,train,train,train/fake/TIVVVDZH6I.jpg,34167,5c01442695fe045abaf1a6519925f84a,1350f1ebf5d882d0
train_fake_TK8IRYO9F3.jpg,fake,train,train,train/fake/TK8IRYO9F3.jpg,25730,4c8834083730bd083b2362dd02f5f33a,5ac275212d790e9d
train_fake_TKOMTCPNMG.jpg,fake,train,train,train/fake/TKOMTCPNMG.jpg,19604,afe7a374b530e684cb7c7d1f646d57f7,4b3c6536601dc7d8
train_fake_TKU6TA3DEY.jpg,fake,train,train,train/fake/TKU6TA3DEY.jpg,27168,7ecc9aa84de9d5946a281393d147bcbd,2fbab4b033d2c382
train_fake_TLC440HXHA.jpg,fake,train,train,train/fake/TLC440HXHA.jpg,27836,900d11a4baa96180f5d85f1331fd7a9f,09db3cf07043a1cf
train_fake_TLMT2K7COT.jpg,fake,train,train,train/fake/TLMT2K7COT.jpg,27159,6a1d1106fd8bb3e6b696eb7f370501c3,30e183e5d5d29a9a
train_fake_TMGLYBEIYL.jpg,fake,train,train,train/fake/TMGLYBEIYL.jpg,37234,4462e594fce247bab674cc27467836c2,18cf6165f20dd68a
train_fake_TMKMCN44SJ.jpg,fake,train,train,train/fake/TMKMCN44SJ.jpg,29239,6d99e8053ae318d403fb766c5dc5e150,0b762916f00ddf49
train_fake_TN2VVMLQGG.jpg,fake,train,train,train/fake/TN2VVMLQGG.jpg,25881,e57bf515309e2a9e881b93ebc59f3ca7,5ae52127646ca69e
train_fake_TNNML9VYM2.jpg,fake,train,train,train/fake/TNNML9VYM2.jpg,29554,b7ac78e2a1be1f192e5538cd671322a7,683550e11f0ff552
train_fake_TNRUKLNZR8.jpg,fake,train,train,train/fake/TNRUKLNZR8.jpg,28439,81dccea0ac76d9623b26463d896aaa85,7aac71e6a26186ca
train_fake_TNSTZXSENX.jpg,fake,train,train,train/fake/TNSTZXSENX.jpg,25316,a4e33f0bbd43f5ebe731fa5c31aeefe5,3f6fa0b0c17444dc
train_fake_TP8PIE28D3.jpg,fake,train,train,train/fake/TP8PIE28D3.jpg,33800,b372fa3a8e9d15914382bbb39036043e,0ff425d3414be4cc
train_fake_TPO0ITPGOE.jpg,fake,train,train,train/fake/TPO0ITPGOE.jpg,29823,56051b9cab4b9b3d4f106dd0c1bda5e4,6ee5b4b20313d2cc
train_fake_TPZFUOYBYH.jpg,fake,train,train,train/fake/TPZFUOYBYH.jpg,28357,c9457db540a82fb887eed5b9d2f5bcba,1778f9f1e821c889
train_fake_TQ2OXPQ5SJ.jpg,fake,train,train,train/fake/TQ2OXPQ5SJ.jpg,25579,3fa506c2674d0a6fbadfa22c390cd19f,6a81e1e0c2c2d7dd
train_fake_TQCO74ONTQ.jpg,fake,train,train,train/fake/TQCO74ONTQ.jpg,25151,72b1340ad612cde71abf325953c8238e,1e616967656a8696
train_fake_TR0AGUH1S3.jpg,fake,train,train,train/fake/TR0AGUH1S3.jpg,28575,a8a47f8439b09e45ee2965a4f5c479f4,4abf3ca2a185869d
train_fake_TRLOPOHW0D.jpg,fake,train,train,train/fake/TRLOPOHW0D.jpg,31915,8d1bc122e309fead3faef9d57d1c8234,7fa8a0d6d6466a81
train_fake_TROHK2O9L5.jpg,fake,train,train,train/fake/TROHK2O9L5.jpg,26660,954b8e33f815e9c85078e677cbfac36a,6ae861a565e0079f
train_fake_TSFT3DHI8W.jpg,fake,train,train,train/fake/TSFT3DHI8W.jpg,32885,27315a2d3de33559fefc1bb6bdb93734,4fd4dc53312b8389
train_fake_TSVF5VAQ4S.jpg,fake,train,train,train/fake/TSVF5VAQ4S.jpg,26238,a5ab56269c6ef95da258a057cb0d7b92,2f7db453b02cd284
train_fake_TSYRWRJUZ2.jpg,fake,train,train,train/fake/TSYRWRJUZ2.jpg,32431,c342c8bd07e9a0e1191cd4faa9b1a26b,2ff4f4d27083c189
train_fake_TW2X4NMQJ8.jpg,fake,train,train,train/fake/TW2X4NMQJ8.jpg,29662,5ecef32cb006af41c7733dcdd9a95544,5f823cb4623493cb
train_fake_TWSA6J11YX.jpg,fake,train,train,train/fake/TWSA6J11YX.jpg,27533,6ce16184d3ec43ca880259dfbe5f2c9e,0bb4fdd2d4999089
train_fake_TY8I2LTRJN.jpg,fake,train,train,train/fake/TY8I2LTRJN.jpg,30421,c4588c83bc293c34f434b9653e006a84,2fb5f4c2843c728c
train_fake_TYN1W9V7EM.jpg,fake,train,train,train/fake/TYN1W9V7EM.jpg,26173,47a8180406e826760a9b507f7ba629ec,3aa117e1a15ec395
train_fake_U077C0EEWF.jpg,fake,train,train,train/fake/U077C0EEWF.jpg,26005,109aff6ed69e98a7207a5b8baf03e305,09ad347272c9c5cd
train_fake_U1DP872WGE.jpg,fake,train,train,train/fake/U1DP872WGE.jpg,23686,e1d43beef80c83c2ea284eaff02b0986,5868636325cb96cd
train_fake_U22O3LH5D0.jpg,fake,train,train,train/fake/U22O3LH5D0.jpg,27672,a72cc53c57526690206ec507cca3f0a8,62566aaf6c601dca
train_fake_U28JPQUOAD.jpg,fake,train,train,train/fake/U28JPQUOAD.jpg,27239,43ae6f1571da8cb350e5fc0cbce0475b,3fd080d04bdbc88f
train_fake_U4HYMFHTW6.jpg,fake,train,train,train/fake/U4HYMFHTW6.jpg,33336,058fa47d1acd647b8ec6cc472996437c,473f2e78317902d2
train_fake_U4I7L7JYEA.jpg,fake,train,train,train/fake/U4I7L7JYEA.jpg,33207,9d4f7e1875a4c247b37530b19e3dfd8d,780b2ba6a55c8799
train_fake_U4UL9B7UDF.jpg,fake,train,train,train/fake/U4UL9B7UDF.jpg,27488,829f9cf74ab57395b11ce39c75d7a0d1,5b3678727029c2d9
train_fake_U52OYJEA3Q.jpg,fake,train,train,train/fake/U52OYJEA3Q.jpg,29631,7e6ac46e4e6590151650f1acc35bf92a,55c00b8f693ca7ca
train_fake_U6HB2DYRG2.jpg,fake,train,train,train/fake/U6HB2DYRG2.jpg,26281,9a61a869257d9642d102d1ac03ea23b4,4a3560b2729acfc5
train_fake_U6KP5WYNOY.jpg,fake,train,train,train/fake/U6KP5WYNOY.jpg,20991,14f60e9f6faef914b52505bfba332a3e,6a959eb252ad508b
train_fake_U7GFGFJ2E9.jpg,fake,train,train,train/fake/U7GFGFJ2E9.jpg,31716,b4e7660210443710139a2cd349f785e0,1aa469a2e75893d3
train_fake_U7QQPOWJNQ.jpg,fake,train,train,train/fake/U7QQPOWJNQ.jpg,26520,a60416b9c68c4b5b7f9a52518f18e39a,4b9f6872702923d3
train_fake_U8H9NBT0DI.jpg,fake,train,train,train/fake/U8H9NBT0DI.jpg,32401,cabc9031b89aeb759bf953cc81c397eb,698ae79596889ed0
train_fake_U9OGBVFQOG.jpg,fake,train,train,train/fake/U9OGBVFQOG.jpg,35117,45ee6f40fb1e2718eefc0058cf3a3e1a,3c0dd0d053b173d3
train_fake_U9SF7YSD7A.jpg,fake,train,train,train/fake/U9SF7YSD7A.jpg,26554,fa4e119a18be547dc49d27d38d0e6cc1,1e6e6982c5ba42b9
train_fake_UAG66OZZ3J.jpg,fake,train,train,train/fake/UAG66OZZ3J.jpg,29358,9e166913766893041d5fd52431f56832,788e853725380ddb
train_fake_UAIO0YCOGN.jpg,fake,train,train,train/fake/UAIO0YCOGN.jpg,27973,984dde788b03bbd2d7932ceb15d07727,1a017da254de0adf
train_fake_UB4928VL6E.jpg,fake,train,train,train/fake/UB4928VL6E.jpg,24984,26e7e066420f7cb68f6ad45dd1d2f9e1,7ace25a564a5d688
train_fake_UBAYIXGO5L.jpg,fake,train,train,train/fake/UBAYIXGO5L.jpg,24431,2eb9e33f927c5f3927fd400f2e2ce682,037e617fa10cda85
train_fake_UC6P7GFUPP.jpg,fake,train,train,train/fake/UC6P7GFUPP.jpg,28017,90ba0aed7f484ab79d297facf4091a07,3eeae184849871de
train_fake_UDJYHGSY12.jpg,fake,train,train,train/fake/UDJYHGSY12.jpg,25840,26792994144f0006f68f31240382eb51,2a1e75e526a55683
train_fake_UE3QX5XY3C.jpg,fake,train,train,train/fake/UE3QX5XY3C.jpg,39678,c9beda2353dd1e6a5a88eb4b23690fd9,089e35d0f2c4ce8f
train_fake_UE6WSPBA7D.jpg,fake,train,train,train/fake/UE6WSPBA7D.jpg,26357,c75a51f682441596aecdd362c0f60436,059770f2f109c3cd
train_fake_UEHG8SR93G.jpg,fake,train,train,train/fake/UEHG8SR93G.jpg,24794,7f87a4431b200237459689fa841dd638,4f1d3c36303c83da
train_fake_UFK2STQQLF.jpg,fake,train,train,train/fake/UFK2STQQLF.jpg,30806,a809d7c123d52aa1df6c5baf2cfe857b,0b3a2db37089c3cd
train_fake_UFL22KWY01.jpg,fake,train,train,train/fake/UFL22KWY01.jpg,29982,d19f492a67aa5fb4f145d45dcc67432f,7c6a61a7a31682da
train_fake_UGCL4B06DH.jpg,fake,train,train,train/fake/UGCL4B06DH.jpg,31682,e33ba2458fcacdc0cb79cb3b92ceff8d,0fac603472fb83c9
train_fake_UGGRZ05KH0.jpg,fake,train,train,train/fake/UGGRZ05KH0.jpg,25802,163a5e13b1d856ac1cf8bea32f53e331,2f39b0b09293c3ce
train_fake_UH2MUMZI7Q.jpg,fake,train,train,train/fake/UH2MUMZI7Q.jpg,27606,8537fc95f867d3dc989b87a5438a9b58,12c66bd2f3594989
train_fake_UI6GG98PV5.jpg,fake,train,train,train/fake/UI6GG98PV5.jpg,30021,329f7375a9b5751d6915a9c87715a6e1,5ee129a7252ca38e
train_fake_UIIKP90SJX.jpg,fake,train,train,train/fake/UIIKP90SJX.jpg,32807,5fb3691ed12e4ba5e2b6c64841b61c2b,120ef55aa928afd1
train_fake_UKBXXPW80Z.jpg,fake,train,train,train/fake/UKBXXPW80Z.jpg,34288,d4d408c995dd5aa3717629c9eb8db873,2d92d0e3602d87cf
train_fake_UKRYAJ3ITH.jpg,fake,train,train,train/fake/UKRYAJ3ITH.jpg,24541,fa7cadf62749ab2d1748225114cd9ee9,2df934f020dbc28b
train_fake_ULXRHZUX3M.jpg,fake,train,train,train/fake/ULXRHZUX3M.jpg,28557,4abe8e1a54825a7f10940d13fadffecf,1faf2a216053d69a
train_fake_UM5B86JC9T.jpg,fake,train,train,train/fake/UM5B86JC9T.jpg,24792,faac67d705ed0e85c39292eadbb3b977,688507e116e997da
train_fake_UMDTMTD8VU.jpg,fake,train,train,train/fake/UMDTMTD8VU.jpg,26639,0fb6a1717878a9aae6b0f4892888bbe2,5e7c60e2648fdc88
train_fake_UMVYDRWCKU.jpg,fake,train,train,train/fake/UMVYDRWCKU.jpg,24461,2c21d86dd25bb792b291c8ec8aadad79,1e6e65632075a78a
train_fake_UNPFRCHVLP.jpg,fake,train,train,train/fake/UNPFRCHVLP.jpg,32908,8cc1dc16a71118e3920b2e52b7cc56e4,419f70d97380cbcc
train_fake_UO8FNVW0UZ.jpg,fake,train,train,train/fake/UO8FNVW0UZ.jpg,21743,27900c972011335d307f4ea23a1e5a87,396c61a527a19397
train_fake_UOOC4OIZ6U.jpg,fake,train,train,train/fake/UOOC4OIZ6U.jpg,34412,128d535da36d5058e6d580f6d4939fb1,40975a833a0ddacf
train_fake_UQJF1RHP9I.jpg,fake,train,train,train/fake/UQJF1RHP9I.jpg,23301,00fb2a9809064c7295cee16c23d8b46c,3d0fe0b08393cb8b
train_fake_UR06EWLVR0.jpg,fake,train,train,train/fake/UR06EWLVR0.jpg,24453,c1682548b7385b30460e9963cae440a9,2d0d4af04e3187ee
train_fake_URRA7JDT04.jpg,fake,train,train,train/fake/URRA7JDT04.jpg,33270,98cea97adc67f44bb76bf277357a462f,1e686827256da787
train_fake_UT6JTU3TVF.jpg,fake,train,train,train/fake/UT6JTU3TVF.jpg,31997,18428ea9f9d50a5c64d786253dbc99cd,4e2370fbf14982cc
train_fake_UTKZ49P6FV.jpg,fake,train,train,train/fake/UTKZ49P6FV.jpg,27408,ec2a6e8070e9fcfd488366c0767a9569,5ce531d693cc2698
train_fake_UTP2FTFQDB.jpg,fake,train,train,train/fake/UTP2FTFQDB.jpg,26812,12ed847c2edb3a496e55dc0a7b150e5b,5f74b062a268d39a
train_fake_UV7BU39OVZ.jpg,fake,train,train,train/fake/UV7BU39OVZ.jpg,24501,dd4cbc42114adbc7c0c3b670ce1baa1c,0a2b744767345fd0
train_fake_UVJSQTB48O.jpg,fake,train,train,train/fake/UVJSQTB48O.jpg,26704,014228c17cd2de11962ea9a098d9a581,7ea0a187d5c586cc
train_fake_UWICQDYFHP.jpg,fake,train,train,train/fake/UWICQDYFHP.jpg,25823,52856aecb5574c68146d8f3a2d8422bb,383e70a556e1d6c1
train_fake_UWYBE5CY6C.jpg,fake,train,train,train/fake/UWYBE5CY6C.jpg,37202,e673b0162b109e48397a2030cff771f2,1e632196f50f609e
train_fake_UWZ89FZGAM.jpg,fake,train,train,train/fake/UWZ89FZGAM.jpg,30471,ada7a2259c9217477fdb6de13d8094c2,405a2fe374a6529e
train_fake_UX2HPO9Y7O.jpg,fake,train,train,train/fake/UX2HPO9Y7O.jpg,25729,7162f83b02a8e73b05f286853753f4b6,067fa078e64c968b
train_fake_UX46YSC1QK.jpg,fake,train,train,train/fake/UX46YSC1QK.jpg,26342,7986eafa9a0e410a01749199f99c0cfd,5f382022657fc6c3
train_fake_UY4WRP96ZP.jpg,fake,train,train,train/fake/UY4WRP96ZP.jpg,28605,38046379b8296578425c402e4514b4ac,1f6a7861255e859a
train_fake_V0FD7TH3ED.jpg,fake,train,train,train/fake/V0FD7TH3ED.jpg,27204,81fff0f1851fd06f77b5672724ffe178,457e2cf030939ace
train_fake_V0VKSM25VA.jpg,fake,train,train,train/fake/V0VKSM25VA.jpg,28068,0b93cc6aaae546dcffeed108e2309061,6ae1a58796ce868c
train_fake_V2PX3W14U7.jpg,fake,train,train,train/fake/V2PX3W14U7.jpg,26596,336b199af25a8374da87302d8dd663dc,05fcf0e0c285c3cf
train_fake_V34EMVT8HZ.jpg,fake,train,train,train/fake/V34EMVT8HZ.jpg,32579,a5f2a68a9bea7d542f435f92ee3ec1bd,0b746db2629ac3c9
train_fake_V3M32LSG6Z.jpg,fake,train,train,train/fake/V3M32LSG6Z.jpg,30545,883df18010afa704be25a713e9c92aab,104b67e1552bd4bc
train_fake_V4DMLH5H5O.jpg,fake,train,train,train/fake/V4DMLH5H5O.jpg,26951,5c5c0f3a6f1b14be8ca93b9c8a392f0f,759d71a0b750968c
train_fake_V5WL4MVT06.jpg,fake,train,train,train/fake/V5WL4MVT06.jpg,31157,d06e4754dd82f813dba5fa0863db4451,5f706ba1a611c2d9
train_fake_V60T01KEDC.jpg,fake,train,train,train/fake/V60T01KEDC.jpg,24920,3ff0adaffdde893333b31f473746730e,39e017e005cfc29f
train_fake_V6L24F7589.jpg,fake,train,train,train/fake/V6L24F7589.jpg,26032,a65da694476977590a9a4fe7aeb1ac78,12562d5366a5c6da
train_fake_V76TDYR8RN.jpg,fake,train,train,train/fake/V76TDYR8RN.jpg,28958,1b905eaf1f584486a65292426cf7280d,4b373036ba1983dc
train_fake_V7LPC40XKJ.jpg,fake,train,train,train/fake/V7LPC40XKJ.jpg,31945,237c135edad4c4762d34942f75e5ff3e,1e6369858d72874b
train_fake_V7TAPYEY2R.jpg,fake,train,train,train/fake/V7TAPYEY2R.jpg,24065,77f0ca0490c54f9a093c93c542c1bda3,0f7825f021f682de
train_fake_V7VBHKSHSD.jpg,fake,train,train,train/fake/V7VBHKSHSD.jpg,26066,7b3928d906d6f5bb9238ef9db40e4673,387a21e1c51fc19b
train_fake_V9SWXLWMF4.jpg,fake,train,train,train/fake/V9SWXLWMF4.jpg,26958,b7d75ffbab681b2b8bc360e6a5471572,74bda2a091d3d2ca
train_fake_VA3NGTXH5N.jpg,fake,train,train,train/fake/VA3NGTXH5N.jpg,45527,de4f5646e1bf0a91de87b3c010336f9f,2fa8b5b553786980
train_fake_VA90E4L9IN.jpg,fake,train,train,train/fake/VA90E4L9IN.jpg,25477,b5ac484090858dd30bee8bde62d28089,2dfc3490f05556ca
train_fake_VANZ5IU8I0.jpg,fake,train,train,train/fake/VANZ5IU8I0.jpg,26851,85a30dfdd4ebbf9c75b20d4c618e1848,4ad6e192d26962cd
train_fake_VB17197WWV.jpg,fake,train,train,train/fake/VB17197WWV.jpg,31317,08742fdaf44c83c708b8465edd35e3d9,2b8b3e4b742035ad
train_fake_VBDHK8DD16.jpg,fake,train,train,train/fake/VBDHK8DD16.jpg,29151,f259a724c73494e40baa9275211857ff,3fad92b0d060e3d4
train_fake_VBSKNU3060.jpg,fake,train,train,train/fake/VBSKNU3060.jpg,29182,1b07b1cbb1cf172fedce741f1f538acb,7a5a61216665c68f
train_fake_VCNY9K86JA.jpg,fake,train,train,train/fake/VCNY9K86JA.jpg,31041,7d0c11651c5818fe1e3be6f6856333f9,5ae461a7278e82da
train_fake_VEAE00FZXR.jpg,fake,train,train,train/fake/VEAE00FZXR.jpg,35193,724631a3ac5f7dd6c36459507aaefc5a,62aae3b5e5e8c580
train_fake_VEDDMJPUHL.jpg,fake,train,train,train/fake/VEDDMJPUHL.jpg,31064,58c99af8c2ab59aa989fe662a2d109b9,4ab22cf7258e469c
train_fake_VEEDBBXBB0.jpg,fake,train,train,train/fake/VEEDBBXBB0.jpg,25836,afddca274b7e06bc8239d5384f2a22a3,5ee921a72523938b
train_fake_VEQ9G5B461.jpg,fake,train,train,train/fake/VEQ9G5B461.jpg,28800,25c969df588b47d9315929f1a5cb5e27,4af270b2f2898eaa
train_fake_VEZ3CJSQUG.jpg,fake,train,train,train/fake/VEZ3CJSQUG.jpg,32469,5e7ddf1db9ff353e4ef989001fc0555a,185fe877a5c00f89
train_fake_VF3OYFUPSJ.jpg,fake,train,train,train/fake/VF3OYFUPSJ.jpg,30851,7eb5c0e3d21a0c610007aa9b24ab7ce2,0dfcb4d2a8c1cec8
train_fake_VFCEAJTF2U.jpg,fake,train,train,train/fake/VFCEAJTF2U.jpg,23739,2743e2c65d7bd21c23c75523c08ef71a,7a68e183d56925c5
train_fake_VG1SD46OGN.jpg,fake,train,train,train/fake/VG1SD46OGN.jpg,31803,64fa832dfb1566c6f6d5b51873e38711,4a2f2c36701bd7c8
train_fake_VGLDK68Q7C.jpg,fake,train,train,train/fake/VGLDK68Q7C.jpg,26969,019fc2f2f822c07e2bcf45426a1d541b,141e3d71656a879a
train_fake_VGUFZMZ9W8.jpg,fake,train,train,train/fake/VGUFZMZ9W8.jpg,22217,9059ac55262c57ea2bb833b76af67523,35fdfaf2f220c080
train_fake_VHA4JT68RL.jpg,fake,train,train,train/fake/VHA4JT68RL.jpg,22112,287b416a6d5537f5446c58f362f44bec,0f6c2572a13dca96
train_fake_VI14DMRNNA.jpg,fake,train,train,train/fake/VI14DMRNNA.jpg,23296,f5c6618cdea09ea4dbea63da91f91306,753ce0b4b2d382c3
train_fake_VI1XB2TURS.jpg,fake,train,train,train/fake/VI1XB2TURS.jpg,30351,4c86c376db16ca60035fe734905a9bc1,6a786191ed25478d
train_fake_VI81Y1EIUB.jpg,fake,train,train,train/fake/VI81Y1EIUB.jpg,26769,c1bdecbbd2f843a7209ef0088e7bb08b,7aeaa182a568b789
train_fake_VIX2U285BM.jpg,fake,train,train,train/fake/VIX2U285BM.jpg,30160,7372494f4180d10cdda2e337cb1486f1,4fac2832399be18d
train_fake_VIZG14NT0I.jpg,fake,train,train,train/fake/VIZG14NT0I.jpg,25573,f844ac5a95b8e5328a7ef7adf2df4025,78a921f183c9c58f
train_fake_VJ2C2C0T21.jpg,fake,train,train,train/fake/VJ2C2C0T21.jpg,28241,842bcf6008542464b27fc9228d2b49bf,1a6c79672554868f
train_fake_VKNR9H07JY.jpg,fake,train,train,train/fake/VKNR9H07JY.jpg,26589,63240d84bd9e48bbd2a56022dba8e48e,0d2f3c70a4bc92da
train_fake_VLQR1ROJJF.jpg,fake,train,train,train/fake/VLQR1ROJJF.jpg,31593,06a9151996dede72c01d80ff38d49b46,38f823e52607e0d7
train_fake_VN64CMFKIC.jpg,fake,train,train,train/fake/VN64CMFKIC.jpg,37743,96686b2eca9ee257004b06b6abb73889,186a61a57296da9d
train_fake_VO07AG07CG.jpg,fake,train,train,train/fake/VO07AG07CG.jpg,31882,507edb77ce96735c1f44fde25e639757,4aa82b726d3da41d
train_fake_VPH4NOZY3L.jpg,fake,train,train,train/fake/VPH4NOZY3L.jpg,21413,37f4b59ca4fc7a19d0945ed420a89e7e,3f9df0f000f00fd8
train_fake_VPR8W3A2BC.jpg,fake,train,train,train/fake/VPR8W3A2BC.jpg,26079,417417692e0bc562a41b7932ad048fbf,436e2c34303e97ce
train_fake_VQN84DI9M7.jpg,fake,train,train,train/fake/VQN84DI9M7.jpg,34404,54b596c6c5d2c640ac054004c396bb93,68f395825f9c2958
train_fake_VQOVWHDOQX.jpg,fake,train,train,train/fake/VQOVWHDOQX.jpg,26219,b44eeef0df8cca2022d8352ee91c2c2a,1e6821e72542b79d
train_fake_VR5Z1SK3WW.jpg,fake,train,train,train/fake/VR5Z1SK3WW.jpg,32870,3cf4dfd17f298e14e69e9d7da0d5b73e,299457866a8ccf99
train_fake_VRPR3B78AH.jpg,fake,train,train,train/fake/VRPR3B78AH.jpg,26088,296406f47d4196b64f5d041a80157321,3aa562e145e285de
train_fake_VRV7UYA1HF.jpg,fake,train,train,train/fake/VRV7UYA1HF.jpg,25957,b82fd5a402e4323b8d57dfcddb0b5695,0a342892d1ddd67b
train_fake_VS1OFQVJS5.jpg,fake,train,train,train/fake/VS1OFQVJS5.jpg,25178,392f462f9826dc18b53f037ace0ee829,25aa22906f9f4b8b
train_fake_VS9V8OX8FK.jpg,fake,train,train,train/fake/VS9V8OX8FK.jpg,28248,c45bfc20d951af63a60e57935d1b35eb,1e1a7d25652486dd
train_fake_VSKINL0FCZ.jpg,fake,train,train,train/fake/VSKINL0FCZ.jpg,34711,baf6383f2c5db7b50c877e003b4f13ca,1fe4f053816ac39c
train_fake_VV4GM6VKOB.jpg,fake,train,train,train/fake/VV4GM6VKOB.jpg,28759,98152b399926fce6643e0b747161b16b,50d2c3cbf80b28dd
train_fake_VVG1TZ7AXZ.jpg,fake,train,train,train/fake/VVG1TZ7AXZ.jpg,26548,e636e372c28458458b9f8b031aabc903,6e0fb634a038d798
train_fake_VVUNI3J0EM.jpg,fake,train,train,train/fake/VVUNI3J0EM.jpg,27991,b5e5be519d00619f8c972a79d8138a7a,3ec0a5d35a8c4a9e
train_fake_VVZMFCNG1D.jpg,fake,train,train,train/fake/VVZMFCNG1D.jpg,21711,30f253333a968bfef7310a0af9dbe2bb,3dcfc2e023f0039e
train_fake_VWQ3JT0Z3F.jpg,fake,train,train,train/fake/VWQ3JT0Z3F.jpg,28013,1c981a963214fcce8051bc403e98db2a,0f4833d0d193cb9e
train_fake_VX0WS2XIJL.jpg,fake,train,train,train/fake/VX0WS2XIJL.jpg,23278,58dc91c82a8d1bd7e45dd6c0b6b433b9,491f366c712233ce
train_fake_VXHJGMNCR4.jpg,fake,train,train,train/fake/VXHJGMNCR4.jpg,31081,7e0c499f2f76f7a1da6f4061097e7080,5e016006b6fede8c
train_fake_VYDQOOXCGN.jpg,fake,train,train,train/fake/VYDQOOXCGN.jpg,26181,8c2ac1d3f60b97aebaaa5ef883fd378a,682837e1bee58994
train_fake_VZ2JJNYBRJ.jpg,fake,train,train,train/fake/VZ2JJNYBRJ.jpg,31867,9589fcee8c74771ddb45aab47a4ff20b,1a2a7121613de7d5
train_fake_VZJ57PG08B.jpg,fake,train,train,train/fake/VZJ57PG08B.jpg,20306,b6ad88d2383c9edc329d3d50b952405e,1e7161e7654c8699
train_fake_VZV7J9PKLF.jpg,fake,train,train,train/fake/VZV7J9PKLF.jpg,32481,f8506caba7826739b049a481dccf3f5b,1f254cf38439e389
train_fake_W1EB1DPT17.jpg,fake,train,train,train/fake/W1EB1DPT17.jpg,31806,886e0e30b1a51aaf0d1e4528ea8a3bb3,0a94d35a7518d6da
train_fake_W1SNS7A43P.jpg,fake,train,train,train/fake/W1SNS7A43P.jpg,29589,bc2c97e6bf7b3c2ec81a2a23525c0b20,1a8679be02298edb
train_fake_W21RGYMZ57.jpg,fake,train,train,train/fake/W21RGYMZ57.jpg,25237,ff9ae81bb0ff63d990c3691e0b6d0590,78e1a5879486d69a
train_fake_W37WI0K2O9.jpg,fake,train,train,train/fake/W37WI0K2O9.jpg,28660,2fd25492d2d0677e394c10bca9acb021,0bf421f7a292c78a
train_fake_W3FZFK8AA3.jpg,fake,train,train,train/fake/W3FZFK8AA3.jpg,23427,445706fe2ca881a5ba8600289c5c0cc3,0b3f6486c01d3bf8
train_fake_W3KLANM1IR.jpg,fake,train,train,train/fake/W3KLANM1IR.jpg,27303,9a69b7326df11fa089c2f35fe82373ba,0bf6788379dd028c
train_fake_W3LR1P7PY6.jpg,fake,train,train,train/fake/W3LR1P7PY6.jpg,26117,17f8d8980e54c5d6a535ebfef72b9464,003f7472b09dcbc9
train_fake_W44IWHAOBR.jpg,fake,train,train,train/fake/W44IWHAOBR.jpg,27403,2cdcc25618163e13d3bff5afc1bfed95,7ae121a7e48e949a
train_fake_W4T2JE8ZTG.jpg,fake,train,train,train/fake/W4T2JE8ZTG.jpg,25752,52922134046c8958c28b15e2c5c6cfa9,547a2b97945422de
train_fake_W62SHZ44JL.jpg,fake,train,train,train/fake/W62SHZ44JL.jpg,27362,6a6bf72f02c267d608c337c7bcf6d120,7ea071e2251682df
train_fake_W75B9AX9HS.jpg,fake,train,train,train/fake/W75B9AX9HS.jpg,30189,5806389369e5c83ff93e7c515b88e5e2,3cd221e12d65a6da
train_fake_W76ZIUNDUC.jpg,fake,train,train,train/fake/W76ZIUNDUC.jpg,28353,3fea5a114c13f3c6054f6b7e077f06d9,107fa173e201dfc2
train_fake_W7MHSLEPWT.jpg,fake,train,train,train/fake/W7MHSLEPWT.jpg,34209,e6286781f373f4e72e541c9b65311001,7ec8a50f2e3823d8
train_fake_W7TO08FV8C.jpg,fake,train,train,train/fake/W7TO08FV8C.jpg,36331,2f20892011df288e3c68e98329e306c3,453e24b5c19e9b8a
train_fake_W8JQV69WWQ.jpg,fake,train,train,train/fake/W8JQV69WWQ.jpg,27371,30af43955bdc953c677d3dcef6a63243,4f6638b23399c38c
train_fake_W8MNIBCC62.jpg,fake,train,train,train/fake/W8MNIBCC62.jpg,28602,a73cffffc86d63ae3d829c15e6c663f2,0d377ef230c990ca
train_fake_W9IQZGUS04.jpg,fake,train,train,train/fake/W9IQZGUS04.jpg,27965,a760a13d38c36d579344f12021515f87,48d8e0d2cb1f069f
train_fake_W9PNQ58OUJ.jpg,fake,train,train,train/fake/W9PNQ58OUJ.jpg,29592,6f674ce1bcde79e0a9b7b5cff15d4e88,09872476e640f6de
train_fake_WA2IP7WE63.jpg,fake,train,train,train/fake/WA2IP7WE63.jpg,25031,bc260861f30b47f5d0f01dd529f9f279,1e697a63256cc295
train_fake_WA3VQE1NCU.jpg,fake,train,train,train/fake/WA3VQE1NCU.jpg,20311,384fc7a98e2bbe5c880beac3a6688b67,4b3c615287ddec0c
train_fake_WAZCZF8FXA.jpg,fake,train,train,train/fake/WAZCZF8FXA.jpg,34730,1324515f35ed9ea10ca46f45dd7aeb6c,5e837d427720869e
train_fake_WBEZKWX04J.jpg,fake,train,train,train/fake/WBEZKWX04J.jpg,32510,604cc2eed447f9e7f0c0f31735236123,6db5b08283dbcb88
train_fake_WBRSYYJM5U.jpg,fake,train,train,train/fake/WBRSYYJM5U.jpg,31163,3e98127a85d75af8396beef462c5c711,4e3030b3b11fc7cc
train_fake_WCU8YM5RYU.jpg,fake,train,train,train/fake/WCU8YM5RYU.jpg,33672,b226dcd24d2557e1b6e0b0f6da4fdcc9,3db002d2898bdadd
train_fake_WD2D46GHHE.jpg,fake,train,train,train/fake/WD2D46GHHE.jpg,30424,382b18f3d9edad620dd2bbe3571ebfab,634daf90151d9ac6
train_fake_WEECPTUK64.jpg,fake,train,train,train/fake/WEECPTUK64.jpg,29382,3d8716078e412e7c5c2c98b008fc50da,5e652195f0ef6085
train_fake_WEHSJL948F.jpg,fake,train,train,train/fake/WEHSJL948F.jpg,31918,133e52173ffd54d7475bb43a27164f17,0bf4f4d262cb81c9
train_fake_WEZ8Z87BZJ.jpg,fake,train,train,train/fake/WEZ8Z87BZJ.jpg,33448,a1e3f660e4eebdcaff9fa86f0d1a8f11,6f39b0b053a6e88a
train_fake_WFPEHOMOSI.jpg,fake,train,train,train/fake/WFPEHOMOSI.jpg,23541,7bd2b4abeb707a2d44a9e7f6917c48ae,2fb4f482dac940ce
train_fake_WH6M039KOH.jpg,fake,train,train,train/fake/WH6M039KOH.jpg,41353,a04fc14f5b7f67c4217d2d2dfe70fec9,4ff0e5d3a04985cc
train_fake_WLVISH3L1K.jpg,fake,train,train,train/fake/WLVISH3L1K.jpg,25417,59c7083e24098f61825d2c9256b601e5,18e829a3b554d3da
train_fake_WMCQO4CCQC.jpg,fake,train,train,train/fake/WMCQO4CCQC.jpg,27792,e4092c68f1faaaf53a2fc163d4073ed5,19746cb26229e3d9
train_fake_WMD4193XK4.jpg,fake,train,train,train/fake/WMD4193XK4.jpg,25870,bfae6aa62d5d4bcebe2744c8f315b824,6cb235a44386c78f
train_fake_WMRHKZ21EC.jpg,fake,train,train,train/fake/WMRHKZ21EC.jpg,31848,9aaae61a6eb39accad9de12c9d903bac,68b325e5ce8506da
train_fake_WN0F0485V8.jpg,fake,train,train,train/fake/WN0F0485V8.jpg,27967,092d87aa71893db8ac0c1b084dbad3d0,187f7c2520a0d6d7
train_fake_WN9NPL0K5S.jpg,fake,train,train,train/fake/WN9NPL0K5S.jpg,24893,a02fe2d824b83819347f55034cdd35fe,1b74689369cbcc8c
train_fake_WOQ2LF42TA.jpg,fake,train,train,train/fake/WOQ2LF42TA.jpg,28495,ac22b1921066e9a0bc968d8a846cc64c,69e16da50086f7ca
train_fake_WQ05VRB07O.jpg,fake,train,train,train/fake/WQ05VRB07O.jpg,28663,9f7dec0d8d52aa2975c60b657500b0a0,6d5fa0c2c29ed88a
train_fake_WQ23PYSB6E.jpg,fake,train,train,train/fake/WQ23PYSB6E.jpg,28217,def632b8156db487bb6936ff1eccdb2b,0eeb72d3f3418388
train_fake_WR1KQZP9VK.jpg,fake,train,train,train/fake/WR1KQZP9VK.jpg,26944,e736f6823c3d3e7b076b6b80fd62363a,155aeb0d6d24f087
train_fake_WRBLUG1F5N.jpg,fake,train,train,train/fake/WRBLUG1F5N.jpg,23028,c09c97c777bb3f2285211c28c10cb20a,242c3eb27302eb9b
train_fake_WREO5449TD.jpg,fake,train,train,train/fake/WREO5449TD.jpg,23027,912d60b9aafb451f7c2c85668fab0a64,5e6c3136313acb89
train_fake_WRZP7FT1L5.jpg,fake,train,train,train/fake/WRZP7FT1L5.jpg,24252,d76c9e7da529d7f6140a1a46f4ab5d00,0f643e878d2da48d
train_fake_WSMNK1JLTM.jpg,fake,train,train,train/fake/WSMNK1JLTM.jpg,28310,b6bb84cfc3092b90539159a84f57d07d,1a7d3532a278c2da
train_fake_WSZFOOYS6W.jpg,fake,train,train,train/fake/WSZFOOYS6W.jpg,24188,7f902112e37ca5aa4394acbfaef20166,0d68e077f6219ec2
train_fake_WUGJM19418.jpg,fake,train,train,train/fake/WUGJM19418.jpg,30127,98a6376d5823acc5de348470944a62dc,68a38edfac3c3064
train_fake_WWRWBORX9A.jpg,fake,train,train,train/fake/WWRWBORX9A.jpg,31824,a7838cd3f5ad4a822e3c6c97105d9bd6,1ae16127678e969c
train_fake_WX0SICGCUQ.jpg,fake,train,train,train/fake/WX0SICGCUQ.jpg,35405,d2a75653cd6051d6b49dd8099a40b08f,1a7d7d25246c8786
train_fake_WXUNSZWX50.jpg,fake,train,train,train/fake/WXUNSZWX50.jpg,24828,21a5c7b1363173a18026fa7d37fc1e38,4d2d76722211b58f
train_fake_WXW1D478PB.jpg,fake,train,train,train/fake/WXW1D478PB.jpg,30333,9746308248ab67345d22ad67cad83387,1ae921e776ca9688
train_fake_WYRREC7WUA.jpg,fake,train,train,train/fake/WYRREC7WUA.jpg,25847,bb6d4d0e312bbde99c54dbc086c87fc7,3b8520e5a4edd28d
train_fake_WZ19V878J1.jpg,fake,train,train,train/fake/WZ19V878J1.jpg,30858,f18196914a9f41748632815a7dd2473f,4b33348760e99f89
train_fake_WZ8DHISO94.jpg,fake,train,train,train/fake/WZ8DHISO94.jpg,30509,90d06fb6c5efcfdca175fa3c94ca5c90,6acdf805717e408e
train_fake_X0NFHIJEQB.jpg,fake,train,train,train/fake/X0NFHIJEQB.jpg,30635,8fc5724fceee0c527bc28367c986f782,1bab7b70722422f8
train_fake_X0XDBXFSAT.jpg,fake,train,train,train/fake/X0XDBXFSAT.jpg,28580,d1bf30cd19dffe73d36d0bb30d9de210,5a0803fc4d13dcdb
train_fake_X2ZIQRQP43.jpg,fake,train,train,train/fake/X2ZIQRQP43.jpg,29062,c1bb988ca71dcd61efeddc41f5d2e3cc,1fb52034a47ac6ba
train_fake_X3OK87XPEB.jpg,fake,train,train,train/fake/X3OK87XPEB.jpg,31872,dbb80b62614535aeba86d904cf504b5e,02a94adfb52c758c
train_fake_X49X26CW64.jpg,fake,train,train,train/fake/X49X26CW64.jpg,23786,86f69b30d998306a6adf1b53ccbd0404,4f723c327023cacd
train_fake_X4PSJIAXSB.jpg,fake,train,train,train/fake/X4PSJIAXSB.jpg,35203,64f12e92bc77491157601e268c5b031e,6ad1255e926c9b8c
train_fake_X6Q6Z22OZL.jpg,fake,train,train,train/fake/X6Q6Z22OZL.jpg,30535,1d8df3776675ca3a7be47657898523cd,5e6430b317e80ece
train_fake_X76STDZ3DI.jpg,fake,train,train,train/fake/X76STDZ3DI.jpg,28693,55fd808ab4654a04dc634c7dc90c906d,1c4a7d62a523d68b
train_fake_X7GW7WX8O4.jpg,fake,train,train,train/fake/X7GW7WX8O4.jpg,21968,02d0c2a54b1e3b0614a99954ed2f169e,4b3c6136613dc39a
train_fake_X7IYP87CT9.jpg,fake,train,train,train/fake/X7IYP87CT9.jpg,33744,d2358a3fbae2b51e252220dfa498d379,0ea535b6b2c2da8a
train_fake_X7JBXF9SW2.jpg,fake,train,train,train/fake/X7JBXF9SW2.jpg,24480,663d3f09355a5410851e5b789d31f70c,1dc479d6e0c9ca89
train_fake_X7M721OIDA.jpg,fake,train,train,train/fake/X7M721OIDA.jpg,38160,7e719f57936db50a8af15081491f2e92,4b2934f131d991d9
train_fake_X8JZ223G93.jpg,fake,train,train,train/fake/X8JZ223G93.jpg,32319,dbcfaef8197ad6d10c79056edf5d01ff,5ce8a1256532c79e
train_fake_X90P30EMBQ.jpg,fake,train,train,train/fake/X90P30EMBQ.jpg,29510,244fcbcf7ceafd3bedf2d725e481467d,1e656825753f838a
train_fake_X95ANRD75V.jpg,fake,train,train,train/fake/X95ANRD75V.jpg,23598,1f92529d3ce5ee4c8ceb5a6e41cfd03b,3c4be424632cc7da
train_fake_X9FSZVU9XC.jpg,fake,train,train,train/fake/X9FSZVU9XC.jpg,31512,bae8c59ea4c780d8c4984e908141ee41,4fb470f2a08bc2cd
train_fake_X9SZ6FL757.jpg,fake,train,train,train/fake/X9SZ6FL757.jpg,24722,29890840f2d10d87da72c74d4cf65ec6,6252eca5ac9e9a98
train_fake_X9XWZJQNLA.jpg,fake,train,train,train/fake/X9XWZJQNLA.jpg,26942,55bc7bce94114a7099c76b61c7448b68,3be46186468f9e98
train_fake_XAHUOSLX2L.jpg,fake,train,train,train/fake/XAHUOSLX2L.jpg,32595,c77dfe44912980e9ba3bbdafeeeb6bee,4af529e0278986cf
train_fake_XAI1IBFT2K.jpg,fake,train,train,train/fake/XAI1IBFT2K.jpg,28806,ea11f530bce5af5e7ee53b8f64829524,3cfe25b0c023e54b
train_fake_XB92TFO6EB.jpg,fake,train,train,train/fake/XB92TFO6EB.jpg,32532,77768437d4ead422f34eec219ffcd079,0f68357231db85ca
train_fake_XCG34C5KAN.jpg,fake,train,train,train/fake/XCG34C5KAN.jpg,24101,dd8e14fd0331f6848316157970dda974,38dc4b65276496d8
train_fake_XCRRVDB7RS.jpg,fake,train,train,train/fake/XCRRVDB7RS.jpg,33988,9987cc75bd4f6e0fbca8385beeed7fd4,6baa54a001cdfecc
train_fake_XCZB3W5D3K.jpg,fake,train,train,train/fake/XCZB3W5D3K.jpg,31144,7266a630f21084524a8e9fced5d5a560,158bda4b586a0dcb
train_fake_XE0RAM8RZJ.jpg,fake,train,train,train/fake/XE0RAM8RZJ.jpg,26054,e6cb8b651a88ab76a1ff6168f98221c6,3fbe90f0a201d3c9
train_fake_XE9FQR8MK2.jpg,fake,train,train,train/fake/XE9FQR8MK2.jpg,27625,12994451af41374835ea5fdb3fe6d031,706443e383c9cfcc
train_fake_XERJPH0VQC.jpg,fake,train,train,train/fake/XERJPH0VQC.jpg,29588,2636ca2613075f8081d33b32f6ab30a2,5fe430a53123c3cb
train_fake_XFL8EWSD2H.jpg,fake,train,train,train/fake/XFL8EWSD2H.jpg,27474,f59ea27583a53d98baac1b677a73b024,43296261994bdece
train_fake_XFNY9Z05BZ.jpg,fake,train,train,train/fake/XFNY9Z05BZ.jpg,28458,f62977571ef5c11e95d97aba46feb48c,09b374f2e499929a
train_fake_XFX09UGKKU.jpg,fake,train,train,train/fake/XFX09UGKKU.jpg,28568,7d6358cec8f4e51bd6037d0295c5ad45,1ee968a52566a68e
train_fake_XGTXZ0K2PT.jpg,fake,train,train,train/fake/XGTXZ0K2PT.jpg,25261,0b2325f16eba86556e9fb3b6dbc57508,386e6165656556c3
train_fake_XHICFHUE8F.jpg,fake,train,train,train/fake/XHICFHUE8F.jpg,22622,24642237fe035369a17af77b5ac648fb,5f282df0212bd2cb
train_fake_XHRHM6XAOS.jpg,fake,train,train,train/fake/XHRHM6XAOS.jpg,23819,12ddd614031d93f8f5322917919ce8e8,7ce0b5c38f805ad2
train_fake_XIKI0B3GYS.jpg,fake,train,train,train/fake/XIKI0B3GYS.jpg,25410,a2dd7c3a8298949afb1bddaa785bc25b,0a213db32379c79c
train_fake_XKYAG5W243.jpg,fake,train,train,train/fake/XKYAG5W243.jpg,34386,a032bd236b1032a0cee53c659289d392,02bee8b4e07ed08e
train_fake_XLF6OISWPO.jpg,fake,train,train,train/fake/XLF6OISWPO.jpg,37158,e38959e857ace3ccc26edf21254de371,5f0ef020f171f1c1
train_fake_XLJ0VKN4JP.jpg,fake,train,train,train/fake/XLJ0VKN4JP.jpg,28799,3c9423f092ce0e026d977c0c0e36fb91,0f453fbe61302497
train_fake_XLUKBBAKTI.jpg,fake,train,train,train/fake/XLUKBBAKTI.jpg,29505,af3aaa8083d55335357b8ef9faf4d9fe,0b3c74727299879c
train_fake_XO449J7D5B.jpg,fake,train,train,train/fake/XO449J7D5B.jpg,35826,6d3cc0805edd729bb5f9984696d2113d,5e873867356c429c
train_fake_XP1TC187RN.jpg,fake,train,train,train/fake/XP1TC187RN.jpg,33088,36bc3d8a5bf8dc9487198d16d4638e1e,13fa4a636da1c299
train_fake_XQ790GS5JB.jpg,fake,train,train,train/fake/XQ790GS5JB.jpg,34624,cf9b1db481293b1c9ce781560b67a087,4a3865a7e440d79d
train_fake_XQAX298J8C.jpg,fake,train,train,train/fake/XQAX298J8C.jpg,27676,2d5375e3a9eb0c49780da88f06bf26d9,1a6961f701e0dcd3
train_fake_XQFWM19A2R.jpg,fake,train,train,train/fake/XQFWM19A2R.jpg,43545,fca7a57e8260417910b37ed504c7614b,2e00752013ff578f
train_fake_XQJ3DBFEN5.jpg,fake,train,train,train/fake/XQJ3DBFEN5.jpg,23466,9e816f2c64ab433f08df821d79c6c718,4f717cd2d0383299
train_fake_XROVA8HE0M.jpg,fake,train,train,train/fake/XROVA8HE0M.jpg,32076,52df7404fb096e37b64a82b35c09bca0,4b3d7023f00fd788
train_fake_XSA50LQTEW.jpg,fake,train,train,train/fake/XSA50LQTEW.jpg,28968,d477ad92b53dcb987bb02afcec7c858a,4f25a096a25fc7c8
train_fake_XT2HZY228G.jpg,fake,train,train,train/fake/XT2HZY228G.jpg,27651,302b8c66d604b1890dcd38e850dc7546,5cd968e36061e09f
train_fake_XTLZO5XBQI.jpg,fake,train,train,train/fake/XTLZO5XBQI.jpg,26219,40d29c1e953bf5b92c3af1cfb0ba623e,5ea029a76586969e
train_fake_XU7R51M0WP.jpg,fake,train,train,train/fake/XU7R51M0WP.jpg,24533,808e00caf754668d78fa8c2e33dbe4d3,0ff06492e209d79d
train_fake_XUNEKGIJRK.jpg,fake,train,train,train/fake/XUNEKGIJRK.jpg,25035,822062284b55d3b7b50d83745f32d9f1,0f0f3591d21ac1cf
train_fake_XV7KWUQGGX.jpg,fake,train,train,train/fake/XV7KWUQGGX.jpg,25879,834463acbc223343190994c5efeb27f0,0f383431f05b878f
train_fake_XVCU7DJAOG.jpg,fake,train,train,train/fake/XVCU7DJAOG.jpg,30649,945cd1da347966a0342d56cdac2d2001,0df634f272d082d9
train_fake_XVGY96LR0S.jpg,fake,train,train,train/fake/XVGY96LR0S.jpg,25472,8c5dca973b6f671dd8a8cdd640f83981,2f215472525b87da
train_fake_XXD499J79N.jpg,fake,train,train,train/fake/XXD499J79N.jpg,28675,ca2b3df1dbe64588ee9907bdbbe8423e,1af5aba25588da89
train_fake_XXPUVT10HG.jpg,fake,train,train,train/fake/XXPUVT10HG.jpg,25202,1f54cfaa0d65a19a8b29b12485a166f4,1ec27b2b6d0c2d8a
train_fake_XY6MBUWRK8.jpg,fake,train,train,train/fake/XY6MBUWRK8.jpg,31104,a0365c64f34b1d55691713f3115cb5aa,4fd52003036b8fcf
train_fake_XYIU2GQRNB.jpg,fake,train,train,train/fake/XYIU2GQRNB.jpg,29769,2adf40a75b28d0d5e6803bfaae50ac5f,4fd52c743223338b
train_fake_XZAXLUIH9C.jpg,fake,train,train,train/fake/XZAXLUIH9C.jpg,36606,b250a5751edb42b311ff176aa1f94c61,17d21abe3b1d9098
train_fake_Y17H82R1NL.jpg,fake,train,train,train/fake/Y17H82R1NL.jpg,24931,bd6fc08d042fc8080b86f36858641aa4,50e36ba7e40caad8
train_fake_Y1MOLU970N.jpg,fake,train,train,train/fake/Y1MOLU970N.jpg,24685,38a2cfc61bf07cbbf6aa4fb9f8134296,4e616c33331bc3c9
train_fake_Y2F56QWPHP.jpg,fake,train,train,train/fake/Y2F56QWPHP.jpg,27603,15dd6cd23c51d4ec64fda3000e21b9e1,58482323216dcff7
train_fake_Y4AYVUE06Z.jpg,fake,train,train,train/fake/Y4AYVUE06Z.jpg,28007,793fcdc912c29aaa7f7bff9bcb680f95,0fac2432743b728f
train_fake_Y4O2PKNTI7.jpg,fake,train,train,train/fake/Y4O2PKNTI7.jpg,28755,6de0c0da49a69273ff5d8be96d733821,7ae961a524c21e9e
train_fake_Y519Z1KT0T.jpg,fake,train,train,train/fake/Y519Z1KT0T.jpg,23620,02e1775de40eddece50712a864b95429,4e613c37347996c4
train_fake_Y55ZV9Z4OX.jpg,fake,train,train,train/fake/Y55ZV9Z4OX.jpg,27279,1dee8b610d9254dd626ce6e1d701c07e,3a24658254bf8fd8
train_fake_Y57K1PN26K.jpg,fake,train,train,train/fake/Y57K1PN26K.jpg,26479,0f315c8a58754521b5f8704588200d69,1cc36ba361e1e28e
train_fake_Y5DV1P9YMO.jpg,fake,train,train,train/fake/Y5DV1P9YMO.jpg,33094,505b81471d0202403b487246cfa6d6fd,0ccf2d74257822d7
train_fake_Y6LKIEQ49U.jpg,fake,train,train,train/fake/Y6LKIEQ49U.jpg,25125,70bb7639b5fabbff6096855d828a1d0a,0f386d36251b869e
train_fake_Y6SVN3X21J.jpg,fake,train,train,train/fake/Y6SVN3X21J.jpg,26187,e2c05f71a088d8f130f006f6985f2115,701aebe3a602d68b
train_fake_Y6W5FW4S60.jpg,fake,train,train,train/fake/Y6W5FW4S60.jpg,33562,b5206ab2a492e9d2dd46510669ec3b79,7fa5e0a76403d093
train_fake_Y7Y14FG63H.jpg,fake,train,train,train/fake/Y7Y14FG63H.jpg,30607,e060746c8ddb34a0e673e33122baa79c,158507fef01f8e88
train_fake_Y9SIV1G0AQ.jpg,fake,train,train,train/fake/Y9SIV1G0AQ.jpg,30831,f02371b64b22746f3477cb9aa6ed3cdc,0ff436a2b0e2d2cc
train_fake_YA4S6TIXCI.jpg,fake,train,train,train/fake/YA4S6TIXCI.jpg,28610,c9118f5ddc10bbedc7a81a8fe5d4a1f6,0fa0ac8283dbd3dc
train_fake_YAGN9H0C4O.jpg,fake,train,train,train/fake/YAGN9H0C4O.jpg,25246,4ac1cf150bb9343fce0d83f57ab76e84,414e0f3c7c3430df
train_fake_YASON6KDR9.jpg,fake,train,train,train/fake/YASON6KDR9.jpg,24283,86f1a27f3518cf44f319c2b1b1f35d8b,3ae501f706d29798
train_fake_YAZE20ASWW.jpg,fake,train,train,train/fake/YAZE20ASWW.jpg,30420,12506952670e79d5fd603cfb65a24927,1e4972e5656846dc
train_fake_YB8MFPC7Z0.jpg,fake,train,train,train/fake/YB8MFPC7Z0.jpg,26921,8b30b2cec7a1ca9d84c1d6d81147b958,0d3434e2229f9fd8
train_fake_YB91GG63OS.jpg,fake,train,train,train/fake/YB91GG63OS.jpg,35931,c905b48de9f0df4bbf2d930429f53ad5,5efc280627d92399
train_fake_YBRGXP5J6T.jpg,fake,train,train,train/fake/YBRGXP5J6T.jpg,27091,7366d1d4d41353ecef07517dd32e1ea0,1f6e607f2528ca83
train_fake_YBRHNKXDX9.jpg,fake,train,train,train/fake/YBRHNKXDX9.jpg,28406,ca543fd27ce2b895f97c6ca6fb8c23a9,4ab564732678d29a
train_fake_YCWPPDM6GS.jpg,fake,train,train,train/fake/YCWPPDM6GS.jpg,25435,7a8a9b15ceb666db549da13245493931,0f3530c3712bc3ce
train_fake_YCY31VN2IW.jpg,fake,train,train,train/fake/YCY31VN2IW.jpg,30611,b0f40b71d2f51f5c9bd86db863721134,0f373cf27030d2d8
train_fake_YD6CW7ABME.jpg,fake,train,train,train/fake/YD6CW7ABME.jpg,33131,d4dacdcad244c4c67d8072f2361e248d,4f382c323539c2cf
train_fake_YE0ECU7HDA.jpg,fake,train,train,train/fake/YE0ECU7HDA.jpg,42168,f40273d9329c9b74cb166414ea5ad1d5,398cc0c6cbcb8d9a
train_fake_YEAWNGDNM4.jpg,fake,train,train,train/fake/YEAWNGDNM4.jpg,30259,505c75fd66464be5b3d7625c6cd025b1,17406baf2675269a
train_fake_YEMOYIQVW0.jpg,fake,train,train,train/fake/YEMOYIQVW0.jpg,26274,0e76ab03c719de4ee0fb2e315b69c9a6,6d3f34307031d2c7
train_fake_YGVMUZQQ8P.jpg,fake,train,train,train/fake/YGVMUZQQ8P.jpg,29253,2c90c568e089b29541b2c2a9143c84a0,17467a377a2a6889
train_fake_YGZOCJBQZ6.jpg,fake,train,train,train/fake/YGZOCJBQZ6.jpg,26684,847b57bb20507fb4875010db5af7de00,0b0578765259cf8d
train_fake_YH4UJP0HK0.jpg,fake,train,train,train/fake/YH4UJP0HK0.jpg,27672,ca599cbf4f54eeaec9869106982d743f,25ad5af0306bcbc8
train_fake_YHNY2NRYEF.jpg,fake,train,train,train/fake/YHNY2NRYEF.jpg,25378,f20be21abd7e7e089984e0ce43238a8e,3b0c7e742574f282
train_fake_YJ4GNJ750S.jpg,fake,train,train,train/fake/YJ4GNJ750S.jpg,25328,3fb5ba61d9152e4e14de15ee6dc5f2e4,253b7f33643600d3
train_fake_YJBWZFEAMN.jpg,fake,train,train,train/fake/YJBWZFEAMN.jpg,27569,ce148f937d8ee1451ea266c6bcdd86c0,6afce120a5219e9b
train_fake_YKD54ODV29.jpg,fake,train,train,train/fake/YKD54ODV29.jpg,25010,34a4cb65b961b1e0944d8cf0acbce0af,7a3f2072242dd28f
train_fake_YKM8CZQJL6.jpg,fake,train,train,train/fake/YKM8CZQJL6.jpg,27499,0301eab95f35f86a9b1e860345828e96,2d2a72b5518bc29d
train_fake_YLRYS3WUTY.jpg,fake,train,train,train/fake/YLRYS3WUTY.jpg,33399,73c482cd616b795af064519725adedf6,0a35752675d883cb
train_fake_YLZ1JF0L58.jpg,fake,train,train,train/fake/YLZ1JF0L58.jpg,24485,51b820d9dea6021bb9c6c20a23913200,1e2971f630f8d1c8
train_fake_YM4NYB4CXL.jpg,fake,train,train,train/fake/YM4NYB4CXL.jpg,31834,9b87e29691ba946306d8b29d8266f4fd,5fab68d7430d048d
train_fake_YNI624YS21.jpg,fake,train,train,train/fake/YNI624YS21.jpg,28219,e25ae7ff2626f2e8ea55bd33788757b3,015a573661a8afcb
train_fake_YQ08KTAVMG.jpg,fake,train,train,train/fake/YQ08KTAVMG.jpg,30193,e4f406e230cd20a73e2ad94db9e7749f,25f532b2500bd6dc
train_fake_YQJ557GX4H.jpg,fake,train,train,train/fake/YQJ557GX4H.jpg,31062,4b062e7d8f3b072fbb4bc11cff4ef598,0b56386a79698bc9
train_fake_YRW6QPJL7L.jpg,fake,train,train,train/fake/YRW6QPJL7L.jpg,25500,d1668fd720a94262308dd758a4f00b4a,2f0db4708066d3cf
train_fake_YTDAR0JNEC.jpg,fake,train,train,train/fake/YTDAR0JNEC.jpg,25560,2172632fa67cabf2960a83ef891d85bc,4b5b6da46910e68b
train_fake_YUHTDB5QXZ.jpg,fake,train,train,train/fake/YUHTDB5QXZ.jpg,28656,7781204d82bb633955187732da4e14e8,5ae668e2238a8bd9
train_fake_YUKA1GE10X.jpg,fake,train,train,train/fake/YUKA1GE10X.jpg,29370,1773cee97b26bdb1497482d6e857dc4f,3fa4b012b31bc3ca
train_fake_YURAB08YMR.jpg,fake,train,train,train/fake/YURAB08YMR.jpg,28220,be69e167f10debf41d78810c01b4677d,5e2b2065254fe69c
train_fake_YVEESO3O3E.jpg,fake,train,train,train/fake/YVEESO3O3E.jpg,26315,bbf1d52904041e866b77be9be8d2115b,70aa87d586c286de
train_fake_YVEGZMJA47.jpg,fake,train,train,train/fake/YVEGZMJA47.jpg,30448,91965431d8eb4b1be6d908623c23c283,4f0b7c047274db83
train_fake_YVXUFH4NYF.jpg,fake,train,train,train/fake/YVXUFH4NYF.jpg,32612,7f9a42feb0b96673ed9fb0ea41039be3,1b257dd680998b59
train_fake_YW4SO28GPN.jpg,fake,train,train,train/fake/YW4SO28GPN.jpg,28982,55d6b17e23646729dcd7157699f3cf79,18c27db8e4121ebd
train_fake_YWBHZU0470.jpg,fake,train,train,train/fake/YWBHZU0470.jpg,37718,f6935f0d4ae87aaffef2a88ef8880197,5fa230933478f2f0
train_fake_YYRHT0IFV9.jpg,fake,train,train,train/fake/YYRHT0IFV9.jpg,25967,e62468d43a92a7db54a8cb3f7ee35c49,1f6d79264218c71d
train_fake_YZGG7VG8DI.jpg,fake,train,train,train/fake/YZGG7VG8DI.jpg,34053,3a1ed8234fe0089a095bfe58f3671ac7,1ab0619764d5c6cb
train_fake_Z09M2B6P9V.jpg,fake,train,train,train/fake/Z09M2B6P9V.jpg,28362,855e939c8c1d92f45d15a7d7088b857c,7ead74a032708fd0
train_fake_Z0B9BOK35F.jpg,fake,train,train,train/fake/Z0B9BOK35F.jpg,24921,f67ac01cb6c2272d106be58849a288e6,68a8e5a545e696ca
train_fake_Z0WMOCYNW7.jpg,fake,train,train,train/fake/Z0WMOCYNW7.jpg,25321,d4669e594043685ac0dcd7b8cdb40771,4b3d6c36702bf2c0
train_fake_Z15MP65JPN.jpg,fake,train,train,train/fake/Z15MP65JPN.jpg,30572,73b13cf204e0b7dbade0848115692bc7,38e92587968e9a9a
train_fake_Z1QQCYZ84W.jpg,fake,train,train,train/fake/Z1QQCYZ84W.jpg,30217,6bcd0f73466e78b4e60f1e5ed9caa7d7,38f8689fe01986d9
train_fake_Z25O8KY8HK.jpg,fake,train,train,train/fake/Z25O8KY8HK.jpg,27918,699abd03b87b28cc4a492e555fe6c68d,2a1d351055fd8f8a
train_fake_Z2ZWP5URJR.jpg,fake,train,train,train/fake/Z2ZWP5URJR.jpg,30015,dc79c03ca8ae2c807029cb813fd36337,4d103e383027f7ce
train_fake_Z3WASZO25L.jpg,fake,train,train,train/fake/Z3WASZO25L.jpg,27384,1975254c54b43884b8b251bf5f3a176d,0bf574a266cc829b
train_fake_Z4GK8A802N.jpg,fake,train,train,train/fake/Z4GK8A802N.jpg,24317,72b5bc1f54195cb6e5b12a75c071e146,3f2f2af42005d29b
train_fake_Z4YGY5UHE7.jpg,fake,train,train,train/fake/Z4YGY5UHE7.jpg,21649,feae519d125f05562ad76fbdf6440546,09bf24b2f281d1dc
train_fake_Z6EVYP0OUD.jpg,fake,train,train,train/fake/Z6EVYP0OUD.jpg,31246,feeb6fd83aaf39a4a71e62fdea16bda6,1b7cb472b048ddc8
train_fake_Z8X41QSKKF.jpg,fake,train,train,train/fake/Z8X41QSKKF.jpg,31180,42a8c8044a70fb3081054f32fd980514,4dca6af65329c0ca
train_fake_ZA31HFA90T.jpg,fake,train,train,train/fake/ZA31HFA90T.jpg,29509,97476e48401bf1ce21fc58ae550c852f,0aab7512711de58d
train_fake_ZBM3WTA7DC.jpg,fake,train,train,train/fake/ZBM3WTA7DC.jpg,26138,c782f981b3e8e5017bc75ffa68ddbae8,70786b23a7638e8a
train_fake_ZBWPYQX8F6.jpg,fake,train,train,train/fake/ZBWPYQX8F6.jpg,26974,6903c1e245666c6ea34e2780565e5d4a,5c7e2f272470ca8a
train_fake_ZCJN4XOW5C.jpg,fake,train,train,train/fake/ZCJN4XOW5C.jpg,35493,4ef4f8f792954c9b225f4c62b1373c68,0f4d3533703917d8
train_fake_ZCLTIRECE0.jpg,fake,train,train,train/fake/ZCLTIRECE0.jpg,19696,f491cb65bfade4da7fd56c212b045275,186565b2ce899ec9
train_fake_ZDV57N34II.jpg,fake,train,train,train/fake/ZDV57N34II.jpg,30605,feaff370d1abbb8bd8e697b37900535d,6ab82f232165a78d
train_fake_ZE5IU670CX.jpg,fake,train,train,train/fake/ZE5IU670CX.jpg,28829,660ef80c42702b1d7eba3636853f5135,7efea0a08281e1d7
train_fake_ZEG9B93L8G.jpg,fake,train,train,train/fake/ZEG9B93L8G.jpg,24539,2be1f63614922b6d94044da04d99e36d,584a6561274d969f
train_fake_ZFD9Z4PETJ.jpg,fake,train,train,train/fake/ZFD9Z4PETJ.jpg,28787,441c125b26cffb2ec33f73bd3938cad1,432f2778702adb92
train_fake_ZFY5K4TO0W.jpg,fake,train,train,train/fake/ZFY5K4TO0W.jpg,24431,2ab3d9699df55b579eb74813e9e48bfa,4bfc7df262508298
train_fake_ZG5AI8HB0C.jpg,fake,train,train,train/fake/ZG5AI8HB0C.jpg,26886,d8ac39dbb214dfde6ff4cb0ac72d2491,4b3d3734736c8382
train_fake_ZG733L1XC9.jpg,fake,train,train,train/fake/ZG733L1XC9.jpg,25857,c3b8dd37957ad4a3479a63e9c6297790,6cf88587dade8888
train_fake_ZH4BAPEAIG.jpg,fake,train,train,train/fake/ZH4BAPEAIG.jpg,36630,2c96188c541c50da200d5da4376df550,4a3e6d26700fdb88
train_fake_ZHCBIHOMJR.jpg,fake,train,train,train/fake/ZHCBIHOMJR.jpg,30503,a484fe52117ccdd8b6633ec43b1e2f51,0fd23c92725593cc
train_fake_ZHU0RVT469.jpg,fake,train,train,train/fake/ZHU0RVT469.jpg,26929,017d5c92002843d93a6725a5e3c4df1d,1ed029636f688d99
train_fake_ZIAI47OTXW.jpg,fake,train,train,train/fake/ZIAI47OTXW.jpg,28145,776db5ff2ac5b6f55f9de2d32f564efb,707ea3e1a618a69a
train_fake_ZJQCOXR9W5.jpg,fake,train,train,train/fake/ZJQCOXR9W5.jpg,25129,27b8aaa11c023a0bb09991a37105b6ab,403f36c8f30433de
train_fake_ZK98XF3JDR.jpg,fake,train,train,train/fake/ZK98XF3JDR.jpg,25179,f198b589a8e0ce49b99d4c10f4175d69,6c39f4b659a454a2
train_fake_ZKZ41WYFWV.jpg,fake,train,train,train/fake/ZKZ41WYFWV.jpg,37056,e7223e3518d53395798491b3df7d1281,4a3b7502e5d98a9a
train_fake_ZM1E3T3YWN.jpg,fake,train,train,train/fake/ZM1E3T3YWN.jpg,26544,4d806ee1e6583f5419f4969867839f85,4cbf0670770b82da
train_fake_ZM3RR4GNHZ.jpg,fake,train,train,train/fake/ZM3RR4GNHZ.jpg,26633,35321003004bb26c9273d185ee2d79f2,546a6bab6574229a
train_fake_ZMI35VJH6Z.jpg,fake,train,train,train/fake/ZMI35VJH6Z.jpg,27049,3d60b4b1142202ff5f48798724f246ba,6d69b552019457f4
train_fake_ZO2JVIQ06B.jpg,fake,train,train,train/fake/ZO2JVIQ06B.jpg,25669,bbc180b55276c52ea668bbda4ef2a46a,5ae9a027a157879c
train_fake_ZOJXZ0SQEI.jpg,fake,train,train,train/fake/ZOJXZ0SQEI.jpg,29650,79217527f73453e83cc7bba4679be888,6d3d2af4e932d480
train_fake_ZOXSHDIHAA.jpg,fake,train,train,train/fake/ZOXSHDIHAA.jpg,25815,00febe215228324f1c12de203a752fe8,786825e1a5acc79c
train_fake_ZR14LROI55.jpg,fake,train,train,train/fake/ZR14LROI55.jpg,25876,c3318bcf698bc96395e7a9b1c607d253,5f287165250e839f
train_fake_ZRQW0DNMKE.jpg,fake,train,train,train/fake/ZRQW0DNMKE.jpg,25034,df4e553e9e4291ffd655004941ad448f,43bd2ab4903ad68e
train_fake_ZSCKXUIFQX.jpg,fake,train,train,train/fake/ZSCKXUIFQX.jpg,25860,901ddbc6ea31e52f9f9943a5adce70fb,7f3427722079c09e
train_fake_ZSIVC6USMY.jpg,fake,train,train,train/fake/ZSIVC6USMY.jpg,25954,91357563e05940178faa814bb5b805b5,4e3d3cb0317b808f
train_fake_ZTB3UPTVXJ.jpg,fake,train,train,train/fake/ZTB3UPTVXJ.jpg,25202,7d86c7203b6c7e7832242bd2238f9d3f,6791929af870a3c5
train_fake_ZTMJHYIC0M.jpg,fake,train,train,train/fake/ZTMJHYIC0M.jpg,28254,2f63fff9525ff946044b342b7d132c64,07d97c7a65286689
train_fake_ZU9U4T5C7N.jpg,fake,train,train,train/fake/ZU9U4T5C7N.jpg,27018,bbfbb73c29414645c164f8455b582b10,40c82f0f2f7d82dc
train_fake_ZUHML27329.jpg,fake,train,train,train/fake/ZUHML27329.jpg,37285,fd3227703fd2469707e104ac1da3664d,4b35578a955e2ad0
train_fake_ZUN1A7WBI3.jpg,fake,train,train,train/fake/ZUN1A7WBI3.jpg,25842,38dd6c9bd6922a9926e4e9942739450e,3ae061c7a5ce868b
train_fake_ZUWQ8FCLU9.jpg,fake,train,train,train/fake/ZUWQ8FCLU9.jpg,30778,c3c3979bb573701de47ce0d83665fa90,5a2d2875373313c9
train_fake_ZV889NUWPC.jpg,fake,train,train,train/fake/ZV889NUWPC.jpg,25219,167ee9b28f2c7469cb8157561dd85a1c,3f2c3ef290dd02c8
train_fake_ZVRP8DR88V.jpg,fake,train,train,train/fake/ZVRP8DR88V.jpg,29385,d377d498b3ee9a781404b43e7c746e13,44bd879616251edc
train_fake_ZVVKI21M2O.jpg,fake,train,train,train/fake/ZVVKI21M2O.jpg,25685,f413f937a997fcee3a00b342b2092356,1e6e61b83481cecb
train_fake_ZX1L04IYB0.jpg,fake,train,train,train/fake/ZX1L04IYB0.jpg,33761,745a2323bd24cf89140f3b844d0ae03e,5f076027346d07cd
train_fake_ZXE37KL959.jpg,fake,train,train,train/fake/ZXE37KL959.jpg,25165,6fe2cd0eb45d5f291ea419297a789356,10064a6f2d6dbd8d
train_fake_ZY4SP6EZUY.jpg,fake,train,train,train/fake/ZY4SP6EZUY.jpg,21929,b188949ef74bc969360564fe44c7414e,2dad7a52734a43d0
train_fake_ZYQYVCVIQV.jpg,fake,train,train,train/fake/ZYQYVCVIQV.jpg,27129,89d924e5a899e3002d45733b91c668ed,369b40fa01ddcb85
train_fake_ZZE6WQD5K3.jpg,fake,train,train,train/fake/ZZE6WQD5K3.jpg,24953,f1cf8a459ddde9b6d0f8c3995232697c,2ae121e7a757868a
train_fake_ZZSLSBZ823.jpg,fake,train,train,train/fake/ZZSLSBZ823.jpg,30333,cc01fd4253dc4a9a9d667dfa0c0c6e1c,6c29a5b385479ed0
validation_real_00020.jpg,real,validation,validation,valid/real/00020.jpg,29058,08da3e7a87b21a83a63f88ffd37f3185,48333c5723588fdc
validation_real_00103.jpg,real,validation,validation,valid/real/00103.jpg,24726,ab81b3e889c22fd2ff4dca57d8bdcca3,586d21e187c98ec7
validation_real_00138.jpg,real,validation,validation,valid/real/00138.jpg,35372,3cf69e773efec2eab09f9a3802f78191,0e8105141df8fbde
validation_real_00283.jpg,real,validation,validation,valid/real/00283.jpg,32726,e6f05a09a08d29a88520c134d675769a,544f0a52a17ae79c
validation_real_00462.jpg,real,validation,validation,valid/real/00462.jpg,24551,179866c671efcd9814821cd0e4c06d30,35bfb0f630f09380
validation_real_00466.jpg,real,validation,validation,valid/real/00466.jpg,22713,3049c67ebe680eb8cbeafc0feae50f1c,3dc2dee1017c0b9a
validation_real_00566.jpg,real,validation,validation,valid/real/00566.jpg,26967,85c2fe675fcf9538d7197ca8a7673b07,461b710ebe4a96ca
validation_real_00734.jpg,real,validation,validation,valid/real/00734.jpg,28738,a1312f2f66ddf886254a245619f81ae5,0f3db466f014cbd0
validation_real_00862.jpg,real,validation,validation,valid/real/00862.jpg,29908,2dd6dd4fb876ce4b34772e5a9cfe59da,47313d3eb01e84ce
validation_real_00947.jpg,real,validation,validation,valid/real/00947.jpg,30189,d43ecb5f1c161b23083e643b79bebfb2,47833d1a347db01d
validation_real_01237.jpg,real,validation,validation,valid/real/01237.jpg,27980,9aa85a3578843ad89d1d2d309f51d80f,41f83fe070078ece
validation_real_01280.jpg,real,validation,validation,valid/real/01280.jpg,37547,3f2437d2636989c3324e174ff28b06a5,047f34d2d383cb8c
validation_real_01291.jpg,real,validation,validation,valid/real/01291.jpg,27063,645d1d7d9f6f1aeb923f505ef6301fab,4388fe98a7c0be83
validation_real_01293.jpg,real,validation,validation,valid/real/01293.jpg,26186,77433d3251b942945b2edcdfc00f3a5f,7dbd8252b061b0da
validation_real_01608.jpg,real,validation,validation,valid/real/01608.jpg,32719,54b36ad9a3c250c270eae406e41fd679,786a25e325e89695
validation_real_01676.jpg,real,validation,validation,valid/real/01676.jpg,29943,cb9192effdc5eddaabb1cdffe391ad70,1758a95aa529f28d
validation_real_01991.jpg,real,validation,validation,valid/real/01991.jpg,33157,9b085240601773560e07e1a215b75956,5e6061673516169f
validation_real_02086.jpg,real,validation,validation,valid/real/02086.jpg,28911,2fec0d3dc479c6f5f79e0677b8d7d61c,1b306dc64c18d3db
validation_real_02179.jpg,real,validation,validation,valid/real/02179.jpg,30737,2ef0b1c9be4def6994dabfe785779ce0,055d36783b3137c1
validation_real_03222.jpg,real,validation,validation,valid/real/03222.jpg,21514,27624bb36d6c428c2ef3524291a888af,0ff83442703fc3c9
validation_real_03526.jpg,real,validation,validation,valid/real/03526.jpg,26425,1a3de480807c8bc5d097e430504a5c27,0b2d69f203c886df
validation_real_03729.jpg,real,validation,validation,valid/real/03729.jpg,23487,40f3a0c6989714f1e2e747a734f95a43,73d46362256974ca
validation_real_03775.jpg,real,validation,validation,valid/real/03775.jpg,28219,76460fa2b6afb6d9ac1be429ff910d89,3d2ff0a0d6a45287
validation_real_03925.jpg,real,validation,validation,valid/real/03925.jpg,21003,3799ab0445ba9a51a4f900fef0b31d5f,4eb33c8e30189bcb
validation_real_04052.jpg,real,validation,validation,valid/real/04052.jpg,37832,755ae193cbd93f7538d882d4d0803ed2,0d386ab0f389978b
validation_real_04107.jpg,real,validation,validation,valid/real/04107.jpg,27932,fb8d69ded16b7a571b3864d575322a6b,7faa70d0b630428f
validation_real_04244.jpg,real,validation,validation,valid/real/04244.jpg,29466,dc9f5ecc054f2520052de43ffea7cfa3,3f413ca450d4539f
validation_real_04404.jpg,real,validation,validation,valid/real/04404.jpg,28124,c9a07010538f6e5b9a9b032a25b6d726,3a2b2eb1855ac59a
validation_real_04636.jpg,real,validation,validation,valid/real/04636.jpg,25785,7ea0dc2d423f3c844f0d6e0057ef3576,70af23a7642586da
validation_real_04655.jpg,real,validation,validation,valid/real/04655.jpg,23040,4daf99979719edfa7553f4d1c1fe8e3c,1b6c64e066c193db
validation_real_04739.jpg,real,validation,validation,valid/real/04739.jpg,31526,f9507676aa9961a029a8879f0733c054,1c03626b6b6d07dc
validation_real_04796.jpg,real,validation,validation,valid/real/04796.jpg,29430,47564944564a2318c79efdb232197cb2,0d103ef370f1c2cd
validation_real_05230.jpg,real,validation,validation,valid/real/05230.jpg,32701,e720e824f3a218db77b38229e3cdb0e8,4ad12ee52cb592cc
validation_real_05542.jpg,real,validation,validation,valid/real/05542.jpg,23111,eec8600d3c9d269a33eacc98288d6647,70c62ae3748496db
validation_real_05706.jpg,real,validation,validation,valid/real/05706.jpg,23837,d7dd3d19691b7d3b53529d686beaf75d,0e693136336c93cd
validation_real_06005.jpg,real,validation,validation,valid/real/06005.jpg,32055,8fd7312d1849ffa01281c8cb540400ec,4fb434b230c9c6ce
validation_real_06320.jpg,real,validation,validation,valid/real/06320.jpg,33458,890b43307b76a2ec92f79021766ca4d1,545c2271aa3dda96
validation_real_06362.jpg,real,validation,validation,valid/real/06362.jpg,28448,720e4f58b9094e77755766e3106c186c,708ec7d26e54829d
validation_real_06417.jpg,real,validation,validation,valid/real/06417.jpg,25349,26c32fccd8ba46479a86847a3391e5b0,4be1200471fcf799
validation_real_06711.jpg,real,validation,validation,valid/real/06711.jpg,31520,777c444430411106941367ee5bf8f1ec,60f32fc1bc03388f
validation_real_06846.jpg,real,validation,validation,valid/real/06846.jpg,31552,461efd7c35075bdcb04671d6de73dbe5,6884cf5a3ba9a42d
validation_real_06870.jpg,real,validation,validation,valid/real/06870.jpg,30225,633feff3dabcf1a5a8bec5e417d549e9,36506b556915969e
validation_real_06983.jpg,real,validation,validation,valid/real/06983.jpg,31928,1ee3ff06fba32af8ec774b0c640aed26,09967aaf5a0f94c8
validation_real_07288.jpg,real,validation,validation,valid/real/07288.jpg,30601,0268b1a51930fd985980cf615e3b2393,783d017e2e6e6262
validation_real_07849.jpg,real,validation,validation,valid/real/07849.jpg,26748,9bc20f46c0b9bfaccda781393cec3eb3,4eb97871702383cd
validation_real_07853.jpg,real,validation,validation,valid/real/07853.jpg,23101,dc5a3cc2633dfdc081d1d355f94c78ea,1f6f7167254c828c
validation_real_07884.jpg,real,validation,validation,valid/real/07884.jpg,23889,b66bb5575de7f3a0f7b6990e7c81b666,1558a758a77cc22d
validation_real_07899.jpg,real,validation,validation,valid/real/07899.jpg,22829,05af49e6456adbc4cc60c6bb0c0f1fc4,7c2b38e5a192879a
validation_real_08044.jpg,real,validation,validation,valid/real/08044.jpg,24295,04e17a63a71ceda3aff1f47f14f42082,6aa12fe427748696
validation_real_08148.jpg,real,validation,validation,valid/real/08148.jpg,29054,4b185bfb9561a24ae0dba143bd042438,1ed1399220bfa29d
validation_real_08247.jpg,real,validation,validation,valid/real/08247.jpg,26507,6e344e36b05e835067442119bbc73ddc,0ca8a7e4761e2acb
validation_real_08536.jpg,real,validation,validation,valid/real/08536.jpg,30996,29cb0f5d6702cf2955dada25f0b67560,6d9c9252a331c74b
validation_real_08971.jpg,real,validation,validation,valid/real/08971.jpg,28480,4d57307b88cea613300e4afaed7ec5e8,5cc921676724a6ce
validation_real_09115.jpg,real,validation,validation,valid/real/09115.jpg,32170,2f6662e17b0fdc29d9e3ccfd068fa65d,69b8670516561f99
validation_real_09159.jpg,real,validation,validation,valid/real/09159.jpg,29549,fe1d1f32217d68b0e27992bb05e83ced,4f082d767421b7c9
validation_real_09229.jpg,real,validation,validation,valid/real/09229.jpg,26622,221fe6d3f302836688546ea2ee92ec77,6d3974a0c335c596
validation_real_09235.jpg,real,validation,validation,valid/real/09235.jpg,27182,581bf89c41906a295dadbb7d04189796,6a73ae86a8a8998b
validation_real_09337.jpg,real,validation,validation,valid/real/09337.jpg,28441,245beb08d4b1802c89eff777f729a87a,0e4a7835756487cb
validation_real_09437.jpg,real,validation,validation,valid/real/09437.jpg,28559,7993442acee419e70456be07a2479b3c,58c021d7b2b9e2cd
validation_real_09492.jpg,real,validation,validation,valid/real/09492.jpg,33437,572a183a7e20ab4947c0dd757c635edd,1d6c69b5a5d08c99
validation_real_09593.jpg,real,validation,validation,valid/real/09593.jpg,28649,1a251b6321645495b17ed18dab035097,2b3274b5c29cd3b0
validation_real_09618.jpg,real,validation,validation,valid/real/09618.jpg,25341,21fc2f51eef84204854198390e5b123c,60d4ab8ba78c8e9a
validation_real_09885.jpg,real,validation,validation,valid/real/09885.jpg,30972,5585410729407548557af02cb770c23f,5e7d68623502d78a
validation_real_09894.jpg,real,validation,validation,valid/real/09894.jpg,28613,c4d42fe6c0ea6e3a4851b3b534c696da,484c2d17713d07fc
validation_real_09964.jpg,real,validation,validation,valid/real/09964.jpg,25131,36fa3b1a1a344046731931e8c29e9482,436c2d36343eb1d8
validation_real_09974.jpg,real,validation,validation,valid/real/09974.jpg,24335,087fde1cecab0f3ac3a8e037cd0a2e35,1b9327a5644ac9d9
validation_real_10033.jpg,real,validation,validation,valid/real/10033.jpg,30956,0e56f621973c51ff1037d61f1ea0b684,093936e1772752d4
validation_real_10159.jpg,real,validation,validation,valid/real/10159.jpg,29447,ebdc9f34d6d71739f87f8a33b2e8600f,5267708667fca292
validation_real_10340.jpg,real,validation,validation,valid/real/10340.jpg,33662,3df484e6bc5755d721cb5137efc1a680,09f6dbc161cd528c
validation_real_10344.jpg,real,validation,validation,valid/real/10344.jpg,25026,80197684d05f469b6c2794d21989c546,7a3925232515de9a
validation_real_10525.jpg,real,validation,validation,valid/real/10525.jpg,23775,994a96f7ee6cdafe7e6d309236669583,163219337133ce9b
validation_real_10647.jpg,real,validation,validation,valid/real/10647.jpg,29277,74e3cfce34a64f1af766707dc1dfca91,44f887407474d6de
validation_real_10954.jpg,real,validation,validation,valid/real/10954.jpg,31187,456160cdad5d296dd2e7ff66790d16bf,18c56ee1263cf20f
validation_real_10971.jpg,real,validation,validation,valid/real/10971.jpg,27845,9375bfa0e9c0f4adc5cd2f11679e627c,0778fc2aa01ff283
validation_real_10983.jpg,real,validation,validation,valid/real/10983.jpg,23429,4f370bd51ec5bb031a5b52139c8fc5f2,05fa72f2c869d2c8
validation_real_10985.jpg,real,validation,validation,valid/real/10985.jpg,36322,2e11acd96fe33c90d1747a3360c96b47,1248ed2f247d23b6
validation_real_11230.jpg,real,validation,validation,valid/real/11230.jpg,27402,53666b53c3f01c78f6d39dc6d4803bdb,55c54ad229692dcd
validation_real_11233.jpg,real,validation,validation,valid/real/11233.jpg,27544,dd28d081d4d4d4d944fec849d69dcfc3,5585ca4ab464f6ca
validation_real_11285.jpg,real,validation,validation,valid/real/11285.jpg,30861,2d48717e88e7f5ebcc5dfb705b5989c4,4ffcf4a2a20a8b1a
validation_real_11311.jpg,real,validation,validation,valid/real/11311.jpg,25260,9587c38158059bf4d2be77e55427f4d5,66d26ea16c60cd8d
validation_real_11430.jpg,real,validation,validation,valid/real/11430.jpg,28027,9cf9ddc88e6c6ba67ca0dfa5568fd0d9,4ff22935712a0a9d
validation_real_11525.jpg,real,validation,validation,valid/real/11525.jpg,28518,9433aaa53e34714378c53a59a824aaf0,104f6b3f357030da
validation_real_11620.jpg,real,validation,validation,valid/real/11620.jpg,28993,2cc20a30e5c5182736e74dda83842504,1bbe4cf07421299b
validation_real_11667.jpg,real,validation,validation,valid/real/11667.jpg,42979,a3b773b7d7c66c2708793293a9a51db9,5d071afa3d2831c9
validation_real_11828.jpg,real,validation,validation,valid/real/11828.jpg,26421,ecee81dc405c868f91842b5c41afe3db,5ef5608367c4868e
validation_real_11933.jpg,real,validation,validation,valid/real/11933.jpg,29528,960998d6f4a7bdf92abefa4d77c049d7,1d226427e33f489e
validation_real_11992.jpg,real,validation,validation,valid/real/11992.jpg,30693,1c4bdbcb1d1be99291b501519ad3f9a7,1b0b69a565686795
validation_real_12154.jpg,real,validation,validation,valid/real/12154.jpg,30040,b3c123dd1e6f45e6daacf1e88e089451,403fe39fc4452ad1
validation_real_12461.jpg,real,validation,validation,valid/real/12461.jpg,28053,3d5ca06fd53bc8ef3a6b3b447475c266,4ff1f0a23423d68a
validation_real_12501.jpg,real,validation,validation,valid/real/12501.jpg,25171,209fa1a1b9bdbd2df6ebec153db41448,209e87ecc6e1d20f
validation_real_12537.jpg,real,validation,validation,valid/real/12537.jpg,25511,049ab80449939fa992522869aa24b92f,22bd7eb27130c383
validation_real_13227.jpg,real,validation,validation,valid/real/13227.jpg,25756,050b3708445ea4ad1db44637e6b911f9,5e2aa04a83347fd5
validation_real_14192.jpg,real,validation,validation,valid/real/14192.jpg,24610,359f28be417f881c371a7fb2db7dfdb2,052d3e723172d38e
validation_real_14729.jpg,real,validation,validation,valid/real/14729.jpg,27735,becdb31f5fe1205a3b89f2c402ea9843,5ffc4d3724343092
validation_real_14896.jpg,real,validation,validation,valid/real/14896.jpg,29706,a910faf7ec2d1323a297789f584171c7,68e265a5e7958686
validation_real_14990.jpg,real,validation,validation,valid/real/14990.jpg,27567,158af50b440b36f79c3a133fdb660312,7ee8a9a6a1889387
validation_real_15376.jpg,real,validation,validation,valid/real/15376.jpg,43528,667dfb2cc08cd09dea0af056fa778b94,5fe825f2a1a3c28a
validation_real_15790.jpg,real,validation,validation,valid/real/15790.jpg,27522,8b5ca89812dae68d155fbd7d6f4f6ecf,6faf34a087509789
validation_real_15803.jpg,real,validation,validation,valid/real/15803.jpg,25659,26372a06ab01a96e27dd32a14906af46,52dd5e782c606595
validation_real_15886.jpg,real,validation,validation,valid/real/15886.jpg,27161,a288ae5e8ba2478f755eac9cf3bbf193,4f287cb2701dc2ce
validation_real_15891.jpg,real,validation,validation,valid/real/15891.jpg,33262,879ceb82bbbb3ac29f36a7c7cdbf1ffb,4dd33454715a938e
validation_real_15960.jpg,real,validation,validation,valid/real/15960.jpg,24436,f77839c19857caddc480089f223a19ac,48173c22758cc7de
validation_real_16293.jpg,real,validation,validation,valid/real/16293.jpg,29693,644bf57360e47aeb2f515b6e2ffb8c8d,304b6be5e516169a
validation_real_16318.jpg,real,validation,validation,valid/real/16318.jpg,27300,8da93820ba505d5cccbb2a2e230aba12,0b74720fa21dd707
validation_real_16515.jpg,real,validation,validation,valid/real/16515.jpg,29605,1a1140a2d9655c3c4a0c872b2c93713d,7921dfa0d2f89868
validation_real_16616.jpg,real,validation,validation,valid/real/16616.jpg,26503,170263a5ce20333f5b4213c4456da371,5a18e12527fc869d
validation_real_16740.jpg,real,validation,validation,valid/real/16740.jpg,35996,95fb9b53eb1a4d5737811f8513d5a467,4aa57d96b0989b83
validation_real_16824.jpg,real,validation,validation,valid/real/16824.jpg,24835,1697ab0fc0687ae82f51cc316e8590af,011bb959b871d2b6
validation_real_16936.jpg,real,validation,validation,valid/real/16936.jpg,25605,878dbb07d2b34598f54c5908226302cc,3790fac2e0c9c0cf
validation_real_17392.jpg,real,validation,validation,valid/real/17392.jpg,32166,ffb9678510e1b79cabb3eabc8ff6b18a,1fff346304298a99
validation_real_17421.jpg,real,validation,validation,valid/real/17421.jpg,27004,1a33fb29406bdd53b79f97234a5facbc,05b515c67d2037ad
validation_real_17595.jpg,real,validation,validation,valid/real/17595.jpg,29449,684a1ba1f7a77db514a9a112482ec332,52dab5c9a1482fc3
validation_real_17718.jpg,real,validation,validation,valid/real/17718.jpg,27439,723078d28189e4e5e420b1735c4ba43a,4f4568a077bdf180
validation_real_17946.jpg,real,validation,validation,valid/real/17946.jpg,34652,e882fe0c57e02fbbb56f1aa95712616f,698ed0940bb2978f
validation_real_18002.jpg,real,validation,validation,valid/real/18002.jpg,31384,ccc41a6a4b5dc02fd09189f0836b946c,5250f50b225f8bda
validation_real_18158.jpg,real,validation,validation,valid/real/18158.jpg,20708,d87a4f02294c9376e71bc394e1d75aff,1e716967a4388e9a
validation_real_18315.jpg,real,validation,validation,valid/real/18315.jpg,28651,cf23458e15e768b855947dd057d4575d,0dba74c2e64fa8c8
validation_real_18693.jpg,real,validation,validation,valid/real/18693.jpg,33354,abbfe54e195ce5962de5b21ed33276ef,46c341236f3c3e9a
validation_real_18819.jpg,real,validation,validation,valid/real/18819.jpg,31709,8aeacbef86525123b811fa0dc8770d98,1b1574ab702dca8e
validation_real_18994.jpg,real,validation,validation,valid/real/18994.jpg,29400,80af2cd9b62765ec66124b42e086b982,16db142d123d5e96
validation_real_19047.jpg,real,validation,validation,valid/real/19047.jpg,41712,51ef1b5da57c25ae9be4f3a868835ddd,583be02b236586de
validation_real_19050.jpg,real,validation,validation,valid/real/19050.jpg,30894,160a2c9e580bff0c0750a90e9829e732,78e4e3b3250586dc
validation_real_19074.jpg,real,validation,validation,valid/real/19074.jpg,30588,19275bf71890ac1f0e5ee44ec64b6245,7aa1a1e507aa978c
validation_real_19094.jpg,real,validation,validation,valid/real/19094.jpg,34409,3aa299c8bd07f8e2532a8bde7498174b,4f196c9570b417ca
validation_real_19262.jpg,real,validation,validation,valid/real/19262.jpg,26326,12d8c562722522a23b3609262170df7d,4e8534f339d803ce
validation_real_19537.jpg,real,validation,validation,valid/real/19537.jpg,25563,198c9a1d9e54864745e287b6fb1f51ce,3f0f70e076e0c29a
validation_real_19717.jpg,real,validation,validation,valid/real/19717.jpg,26319,be215ddd9187d692d170665f41fb0a33,17f0433f4e13c6c1
validation_real_19803.jpg,real,validation,validation,valid/real/19803.jpg,32012,1722410f8864142552b927db49948fc9,4a7f2136391074d7
validation_real_20190.jpg,real,validation,validation,valid/real/20190.jpg,28897,23668fed3f28fe5660d62bf0920106af,0fd15ea54a094fc9
validation_real_20277.jpg,real,validation,validation,valid/real/20277.jpg,20467,63a21ce0f6c93caa107f6bd35ce4a612,68a115a7566d81de
validation_real_20282.jpg,real,validation,validation,valid/real/20282.jpg,24369,ebd4bb8a400c870f48ea8d56b0e8d9ea,0e8578e731782b95
validation_real_20316.jpg,real,validation,validation,valid/real/20316.jpg,20351,1be1a6ed120d7942ed4931402ef6c4e4,626c6992b6999999
validation_real_20335.jpg,real,validation,validation,valid/real/20335.jpg,28241,03c1d5b7e255b34526e081ed5a99edef,0fae3966322c92ce
validation_real_20398.jpg,real,validation,validation,valid/real/20398.jpg,28240,4beecdfd1d8f8fa1dd55b557b0518564,38e5d2a5220e86df
validation_real_20490.jpg,real,validation,validation,valid/real/20490.jpg,33470,8162b674d63c1ea31dfa544be19989b5,4e73392522a7969c
validation_real_20561.jpg,real,validation,validation,valid/real/20561.jpg,26133,d158d53c8fdc9f6f47354001b3f9fb06,1e6f716a2565868a
validation_real_20730.jpg,real,validation,validation,valid/real/20730.jpg,22716,1feadc508acd4943bd072a7b0700dc3d,0004e777667cd69a
validation_real_20846.jpg,real,validation,validation,valid/real/20846.jpg,22774,28a058750a1bb74c53f3006e7b3788a9,14926af5252ec3cb
validation_real_20869.jpg,real,validation,validation,valid/real/20869.jpg,23399,a30c494ccad58a9c1f69778baf2e1d89,2dff3cf03420f282
validation_real_20999.jpg,real,validation,validation,valid/real/20999.jpg,24559,b9ba9b45af5b6966553ea935ce5e4976,34bf40b6697cc298
validation_real_21093.jpg,real,validation,validation,valid/real/21093.jpg,29724,70e33ab4841514aa53b55ed84f65e71a,09ec7026f17087d7
validation_real_21269.jpg,real,validation,validation,valid/real/21269.jpg,23228,6622a5c54e64553b1181723958d9d95c,435c2f5e213c6695
validation_real_21742.jpg,real,validation,validation,valid/real/21742.jpg,31006,750d6d0c741cbba70fde53a95abc82f0,0ec767c74c8c5c98
validation_real_21767.jpg,real,validation,validation,valid/real/21767.jpg,29261,d79f14183d23ba10d607fa3fbc273e2d,125a6f61646dc29d
validation_real_21813.jpg,real,validation,validation,valid/real/21813.jpg,31953,1c3748770fd4d049922588a8f634066a,432aba5bf1704f82
validation_real_21847.jpg,real,validation,validation,valid/real/21847.jpg,27116,948b3f58b5613e5109be7b262e223b02,1c4a6bad2475569a
validation_real_22219.jpg,real,validation,validation,valid/real/22219.jpg,30369,ca50eba2e12f47f442b8efe78be99520,2b69b4b47874cac2
validation_real_22362.jpg,real,validation,validation,valid/real/22362.jpg,27648,c27364aaf53fa8a56c2f576b7b2e7f86,586d23a4233ba3d9
validation_real_22426.jpg,real,validation,validation,valid/real/22426.jpg,30050,ab235f6a6576dd03157d9be69029a9e5,4d362db3705896ca
validation_real_22550.jpg,real,validation,validation,valid/real/22550.jpg,25572,684f54590afb830fd88746d4d8a5f0db,209f9edf7981488c
validation_real_22556.jpg,real,validation,validation,valid/real/22556.jpg,27625,8fed8f8d423901025f0ede1b594927f7,166e782565668787
validation_real_22707.jpg,real,validation,validation,valid/real/22707.jpg,28255,f654e11e45cf7f659815d6d93e08d4dc,2dd31af47885c299
validation_real_22759.jpg,real,validation,validation,valid/real/22759.jpg,32091,208ab6b5efe66126d8e3d324dec6a7e8,4b386f1af2199623
validation_real_22895.jpg,real,validation,validation,valid/real/22895.jpg,34532,06294b8ace61dcddcdda1ff1e18ff8db,2abcc49fee5021d2
validation_real_22902.jpg,real,validation,validation,valid/real/22902.jpg,28370,d8a1095da52782ec8a3bac4378a79310,4f7c24637035b2d2
validation_real_23007.jpg,real,validation,validation,valid/real/23007.jpg,25180,4afd50491ce5a621ad5f9721a257c051,4ea1b097d0d8d39a
validation_real_23661.jpg,real,validation,validation,valid/real/23661.jpg,30479,5bbe65a3c1eb5c54798f947af80f6c8f,0e78a3178677488f
validation_real_23821.jpg,real,validation,validation,valid/real/23821.jpg,20152,b432a4efb8bc85cbaaebff16b93fca29,6a4265a7252636de
validation_real_24135.jpg,real,validation,validation,valid/real/24135.jpg,28104,b5f819a6449045bd155b16500af4ccbd,5e3ea57232b1d282
validation_real_24137.jpg,real,validation,validation,valid/real/24137.jpg,32017,6f7155844d7de7f35f8f262ef84aac7f,7a79e082968b9713
validation_real_24285.jpg,real,validation,validation,valid/real/24285.jpg,30015,b1959c75d1913aebff2f9a0076c09949,4b3d7e32700af28a
validation_real_24422.jpg,real,validation,validation,valid/real/24422.jpg,27989,a36c0152c35d1460313d52caf27765c9,5ee020e725e69696
validation_real_24451.jpg,real,validation,validation,valid/real/24451.jpg,21834,b648a532e9c6b29f20172de3c6a01f35,61e34e8594f8939a
validation_real_24630.jpg,real,validation,validation,valid/real/24630.jpg,28130,216fefd4ed0e773a924bc8355bf2a9a9,5ee061672725878b
validation_real_24644.jpg,real,validation,validation,valid/real/24644.jpg,28945,03d7d0dfe72ffc2e175849bc86d8f39a,0f28757837706b86
validation_real_24860.jpg,real,validation,validation,valid/real/24860.jpg,29951,b8a5f649f0774285417485ffb10eb7b0,1ec73c7139096399
validation_real_24881.jpg,real,validation,validation,valid/real/24881.jpg,34489,fa3dd9bafdc32f163f450c921c1cde74,3ad25fc0d8664b8a
validation_real_24906.jpg,real,validation,validation,valid/real/24906.jpg,25217,6c7cfbd787d8451e7df8ffb89070911e,30ed8791da8cd29a
validation_real_25135.jpg,real,validation,validation,valid/real/25135.jpg,27809,48b215d48c7b57858202bd4066b3a97b,5ee1a046a55eab98
validation_real_25297.jpg,real,validation,validation,valid/real/25297.jpg,24941,02718dc832ba4f326eb3eb1194f7b8d9,364b7af6b184b08c
validation_real_25381.jpg,real,validation,validation,valid/real/25381.jpg,32547,6e1139ac2b0629019fce5e120811550f,6d5524f272ad3a05
validation_real_25545.jpg,real,validation,validation,valid/real/25545.jpg,28185,1a43ff29c3503212fa7194de240dddf5,3895b5cac669d48a
validation_real_25583.jpg,real,validation,validation,valid/real/25583.jpg,32576,507caed93e836287bf24298e49710a39,090e5e7278819bdd
validation_real_25643.jpg,real,validation,validation,valid/real/25643.jpg,29404,fac7ef3929ffd9938e4d5da400d23d6a,415a2cf272a14ef5
validation_real_25950.jpg,real,validation,validation,valid/real/25950.jpg,30386,3d51d5861dfd0ebbc22c554c1aeb920c,44362c7f346d03ce
validation_real_26143.jpg,real,validation,validation,valid/real/26143.jpg,27935,fe324749b2bfb24322eb1415cc46d972,4fb044f2824f8bc7
validation_real_26434.jpg,real,validation,validation,valid/real/26434.jpg,28164,80db78706c56883037f4d4184ca6739d,40bf6d40650bcfd8
validation_real_26548.jpg,real,validation,validation,valid/real/26548.jpg,35844,8f9d05e93873b4b2c2043129dc4f1bea,6c959781835216df
validation_real_27259.jpg,real,validation,validation,valid/real/27259.jpg,33543,b223cf5a3d0b1d005c40227d93306f02,2ff8f0dbc18d8288
validation_real_27439.jpg,real,validation,validation,valid/real/27439.jpg,24930,e2293e7b85cbee3a9b4385fc73ac957d,74780b8bc5652e96
validation_real_27639.jpg,real,validation,validation,valid/real/27639.jpg,26913,6aaafc0298802f5feb77bb978edb76f5,4be37c7e22a0838e
validation_real_27963.jpg,real,validation,validation,valid/real/27963.jpg,31613,15cb592f3ae383bfb6a21aa8bec872e6,0bf170e323aed28a
validation_real_28203.jpg,real,validation,validation,valid/real/28203.jpg,28592,0980b2dd46e63291a98eeaef43ac6c17,2ae49483de3d2876
validation_real_28236.jpg,real,validation,validation,valid/real/28236.jpg,32391,8dee556016de7b8d132fe80c415f9574,4e6731ce934c868e
validation_real_28264.jpg,real,validation,validation,valid/real/28264.jpg,23113,1c3b338396b777ec0f1d2c929e9e87e9,5c7a6573243a449b
validation_real_28481.jpg,real,validation,validation,valid/real/28481.jpg,33844,bf574edf9bddf8290302a250b3ccfef6,0ded71f3b2b0c0c4
validation_real_28712.jpg,real,validation,validation,valid/real/28712.jpg,32312,f1119a6900d6d91825e9e9a5c712afcf,1a42cff42a748e8d
validation_real_29534.jpg,real,validation,validation,valid/real/29534.jpg,33322,6770bc6cd957e31a0192229ced42b0c8,5e347cf2414d8f84
validation_real_29687.jpg,real,validation,validation,valid/real/29687.jpg,28173,054ecd2a0cc26f461ae4c39c990d328f,68a07de5254d8397
validation_real_29730.jpg,real,validation,validation,valid/real/29730.jpg,27543,ed1caef505c56f63f6bf00691f38f19d,49dd0466303772db
validation_real_29793.jpg,real,validation,validation,valid/real/29793.jpg,28959,a29fd5c671ff29bba2d1766ff31165de,68b906a1f2c39eca
validation_real_29812.jpg,real,validation,validation,valid/real/29812.jpg,26670,0d12d18ba98226a2f08b0a8f4a51a468,58e163a723d883cd
validation_real_30064.jpg,real,validation,validation,valid/real/30064.jpg,29918,98c58501ffdc7a9e80a44707b1d6e845,078f60576c2b5ec1
validation_real_30134.jpg,real,validation,validation,valid/real/30134.jpg,26288,c5563d0d645a44eaefdab731247e5d82,55910bb11d3c1cf6
validation_real_30540.jpg,real,validation,validation,valid/real/30540.jpg,28718,0242f3e28507dde30aca2d81b5304567,29f5879782748aac
validation_real_30628.jpg,real,validation,validation,valid/real/30628.jpg,26259,fdc4ac67d9fe9fd33c2dbee3f917dcba,09bc34d2728bc9cd
validation_real_30754.jpg,real,validation,validation,valid/real/30754.jpg,32302,2ecb37f6ac31b93680464f08034a40f5,585a2753264da69b
validation_real_30873.jpg,real,validation,validation,valid/real/30873.jpg,34002,10494653afc665aefa8decba7c7f7817,4e037422e1ff83cc
validation_real_31052.jpg,real,validation,validation,valid/real/31052.jpg,22293,c9b5d7af2c09d3503334cf630a7a9089,3be1438e0fd89cd0
validation_real_31143.jpg,real,validation,validation,valid/real/31143.jpg,30418,dccba94f5752e31f1e48c545923fc489,5a2cf022b47a86db
validation_real_31224.jpg,real,validation,validation,valid/real/31224.jpg,32526,f673ac7ddb9a7233766acb5a0e3edba4,708ed20ab5317b72
validation_real_31249.jpg,real,validation,validation,valid/real/31249.jpg,34047,c3d0ae936b231bfa22a75650b6a387d6,2e733ca530b0da9a
validation_real_31415.jpg,real,validation,validation,valid/real/31415.jpg,31314,73222b9a03b53cf2c82d7d091fc0eba2,1ea77984b3d68388
validation_real_31638.jpg,real,validation,validation,valid/real/31638.jpg,37480,c88a05ad84dd680756079e293b13cf4b,780aa178a7e9ce83
validation_real_31861.jpg,real,validation,validation,valid/real/31861.jpg,26345,94be37af38de9fee380dc09857fa532b,02a82775b521d6d7
validation_real_31942.jpg,real,validation,validation,valid/real/31942.jpg,26128,5c68abf11cbd5da2f449ba1a3385d00c,1aa15ae20c7ea15f
validation_real_32099.jpg,real,validation,validation,valid/real/32099.jpg,29237,7f53ab59d32c2f739eec0d6a65ac6a03,1a8578e13748f25d
validation_real_32181.jpg,real,validation,validation,valid/real/32181.jpg,28588,198863d14c318a892b8644d13161864c,1516ea1eda28de92
validation_real_32221.jpg,real,validation,validation,valid/real/32221.jpg,25755,74277823919e57712c5d7597f71e0043,691ec1b46c968c97
validation_real_32297.jpg,real,validation,validation,valid/real/32297.jpg,36020,03c29aac91a695ab84ad4c8a31f386b5,6a3fe0a0549de5a8
validation_real_32302.jpg,real,validation,validation,valid/real/32302.jpg,23875,cdbd874264df391441554f174a6a1ee8,3885c2a764ea97ca
validation_real_32520.jpg,real,validation,validation,valid/real/32520.jpg,26652,ebb13210e4e4199c057775774bce90a7,389793d17a0924cf
validation_real_32524.jpg,real,validation,validation,valid/real/32524.jpg,27379,f9509bdbd98915642b95efb6bf5637a4,032cf6c792c6cb92
validation_real_32712.jpg,real,validation,validation,valid/real/32712.jpg,26562,162f3175364458acb630f1c8473c8005,1c6a63aea6d4c68a
validation_real_32769.jpg,real,validation,validation,valid/real/32769.jpg,28963,5ab0637e0c0cecb157fa989dc2c9564f,07353cd2d6cb2689
validation_real_32795.jpg,real,validation,validation,valid/real/32795.jpg,22277,24ddd126e45b8933afc9e37755cc90ef,4c1930c6f0eeccdc
validation_real_32884.jpg,real,validation,validation,valid/real/32884.jpg,33316,a3a0b8ed7ad427db8af80fcc0512fd03,0812f5937a4dcecc
validation_real_33067.jpg,real,validation,validation,valid/real/33067.jpg,34422,3a47fcd06467f9f3ac6c2ddc062f98d8,69b665e6c8567148
validation_real_33520.jpg,real,validation,validation,valid/real/33520.jpg,21581,313914038fa7c1697c6a42f3a2026a57,6a9852b217ea8fc8
validation_real_33644.jpg,real,validation,validation,valid/real/33644.jpg,29336,0a3b5516558a96f75d6dcaeb855f3c3f,6a433da5359c869c
validation_real_34257.jpg,real,validation,validation,valid/real/34257.jpg,32039,04a830608c4f6426182f7135caaa7bac,059d659c447c5bd4
validation_real_34322.jpg,real,validation,validation,valid/real/34322.jpg,26355,421793eb12fca9825e653eefbf3e049d,0c7ca317d10ccccf
validation_real_34485.jpg,real,validation,validation,valid/real/34485.jpg,35641,b1a40e2bea4e300dcdc7fa5df4d6350c,6a1af18a8918cfdc
validation_real_34523.jpg,real,validation,validation,valid/real/34523.jpg,33998,1b7eb3894a583cfbcac5a685c0e6bb4e,688b7988736aa6c6
validation_real_34764.jpg,real,validation,validation,valid/real/34764.jpg,26422,d6cb77e6b18e2a0f350fdfc93d68fba5,6f1317ad1e2a15c8
validation_real_34827.jpg,real,validation,validation,valid/real/34827.jpg,31086,ecfd5b19319137d862704c1878b28c40,427457eaa00d0bbf
validation_real_34848.jpg,real,validation,validation,valid/real/34848.jpg,32038,761295b5b25aed0b4938235a6695b926,063936d1fb0452dd
validation_real_34964.jpg,real,validation,validation,valid/real/34964.jpg,26109,63b5408839cac57020377e372932c5c9,496d2578347ab25a
validation_real_35006.jpg,real,validation,validation,valid/real/35006.jpg,30178,a8d949153903c8a364ff147154c3be28,0bbd50c2c1d78d8d
validation_real_35119.jpg,real,validation,validation,valid/real/35119.jpg,38996,da489ca630d1592699b6474d249a9c17,390e6b077e61a09b
validation_real_35161.jpg,real,validation,validation,valid/real/35161.jpg,25061,abbf6c4c9b098519981511c582af0df2,10f8e30fe47cc21b
validation_real_35279.jpg,real,validation,validation,valid/real/35279.jpg,27766,6ebb7856a912a563bbac534a86369709,491f363e303d83cc
validation_real_35489.jpg,real,validation,validation,valid/real/35489.jpg,31011,f36f8dd3cdc615fc2474d4362f7b5fe7,10612a8f5afc6b9c
validation_real_35625.jpg,real,validation,validation,valid/real/35625.jpg,29830,413e46f775e2e224201a6b9806028a16,5f7e29f22578a0a0
validation_real_35659.jpg,real,validation,validation,valid/real/35659.jpg,27527,d987b2d29d2b7fb31d8b629e312dfc9c,4f786002f017f79c
validation_real_35709.jpg,real,validation,validation,valid/real/35709.jpg,27470,b3b57853d7adb12bdd55a26585894ea3,5c58613ba56cc68d
validation_real_35727.jpg,real,validation,validation,valid/real/35727.jpg,33424,a2c58fbd0b27dee1ca46c7dfbf258b87,5ae071c5451193df
validation_real_35824.jpg,real,validation,validation,valid/real/35824.jpg,30646,2685142b41a25bc3eed91e6fb07f13c7,5f7c60d28b8d1c8c
validation_real_35830.jpg,real,validation,validation,valid/real/35830.jpg,29344,6108b6d2e433697ab3dcde293b14d957,0a60a5d7975ab790
validation_real_35841.jpg,real,validation,validation,valid/real/35841.jpg,30498,6e8f99b794c69308476ab5dae010eca8,5ef97c072674e0c0
validation_real_35938.jpg,real,validation,validation,valid/real/35938.jpg,28960,31bf6a429953ff67e8b470227587cf14,1d2452b260bfc799
validation_real_36133.jpg,real,validation,validation,valid/real/36133.jpg,28272,06ed29fffe847b638a2cbd38dd3096db,3db4ea614c78c293
validation_real_36451.jpg,real,validation,validation,valid/real/36451.jpg,29417,105b75f2fd13cb7b2b9478d05ca0b698,07d1a8e1fe0a07da
validation_real_36497.jpg,real,validation,validation,valid/real/36497.jpg,31567,284cb8e44ce50abd7730df4d052daaae,0a2b729bb04d2ee5
validation_real_36705.jpg,real,validation,validation,valid/real/36705.jpg,37424,671711defcd6b2e3e2e19010fecce924,240bb209576957de
validation_real_36812.jpg,real,validation,validation,valid/real/36812.jpg,25674,71b2c90828c4bc4e8b1e6a0f7f21b9db,204a7bec6564969e
validation_real_37041.jpg,real,validation,validation,valid/real/37041.jpg,28058,0709438c550b005667f3926f85182285,6cb9a1b5f1bc801c
validation_real_37210.jpg,real,validation,validation,valid/real/37210.jpg,29620,6abbcc3547acddd4c4300dc0e7105eb8,29b4e1f227938783
validation_real_37482.jpg,real,validation,validation,valid/real/37482.jpg,29064,f9ffb34595bb17af58e1d574de5dbd8c,4b3c2d36753a6298
validation_real_37495.jpg,real,validation,validation,valid/real/37495.jpg,31607,ee27177161cb4318076f203a5d183ec1,78a025d7968e929e
validation_real_37640.jpg,real,validation,validation,valid/real/37640.jpg,31274,d147e3f6595ac7c3101136d784a7d820,702ae3e965a98695
validation_real_37663.jpg,real,validation,validation,valid/real/37663.jpg,32592,42cf585d12183aa942a12e22e0e2b44d,1e2928a7ebde8a88
validation_real_37848.jpg,real,validation,validation,valid/real/37848.jpg,31264,7a156de629c6bf40e100e03f211abb54,4bacf4167018f19e
validation_real_37857.jpg,real,validation,validation,valid/real/37857.jpg,26892,dd53ed6361a3f736c38ed378f645b7d5,5fb1a48310d3d3c3
validation_real_37970.jpg,real,validation,validation,valid/real/37970.jpg,36031,a902c2fb7684a82c6b4fda7947d24727,3f6938f434b49292
validation_real_38019.jpg,real,validation,validation,valid/real/38019.jpg,27371,f5b7d9f008f7362a1d8c467546e6f5b2,474a6ca76c66cc89
validation_real_38036.jpg,real,validation,validation,valid/real/38036.jpg,31320,e3c9919c6b77dccd137e37a8865b26ab,0e767dd3d05d4680
validation_real_38371.jpg,real,validation,validation,valid/real/38371.jpg,42238,48afd3bf1dfe19dadfee4ae693fc6c61,5b54ac07f50ec0ce
validation_real_38472.jpg,real,validation,validation,valid/real/38472.jpg,29868,369ef7e29a4540dfd4025b974146f7cd,1eac20b667703f98
validation_real_38815.jpg,real,validation,validation,valid/real/38815.jpg,29827,f489782b37b7e79abc107e3a38b65975,0fd64905017cfeaa
validation_real_38901.jpg,real,validation,validation,valid/real/38901.jpg,29834,4b2958dd7ebb3fd796bb4bd5c250025c,0cd024fe4be1d3e2
validation_real_38919.jpg,real,validation,validation,valid/real/38919.jpg,27951,40a4af18ebfc0cfeaf786dd2012be1f1,068cf116f859d9c9
validation_real_39040.jpg,real,validation,validation,valid/real/39040.jpg,20638,c1c892dfe96a984b727459d0b60e92d1,2d037072a1b7a38f
validation_real_39115.jpg,real,validation,validation,valid/real/39115.jpg,27434,5a0d288a17a135e39f1c2effd46102df,09fe7fd26003c28b
validation_real_39202.jpg,real,validation,validation,valid/real/39202.jpg,25293,d74c6e53e8d788c71b2a0268693208f9,1ee8022b28e9f5e5
validation_real_39289.jpg,real,validation,validation,valid/real/39289.jpg,31538,ed903732664707e6664bbc548cb96d5d,1e7521a7361c1e9a
validation_real_39393.jpg,real,validation,validation,valid/real/39393.jpg,26561,b2662ee8495eb0e94c74d7c09359e61d,09a53af6a2139597
validation_real_39573.jpg,real,validation,validation,valid/real/39573.jpg,28403,607e3405bcb56a041715bef70e058036,2b7ab5b07280f2ca
validation_real_39590.jpg,real,validation,validation,valid/real/39590.jpg,29682,7e908fe3a77bb182cfaf3ea6d602392e,06397687f4599299
validation_real_39885.jpg,real,validation,validation,valid/real/39885.jpg,32698,560883b98c337107d46b232654211ac9,2f346c3a2572d683
validation_real_39947.jpg,real,validation,validation,valid/real/39947.jpg,30496,4d1b016c36702e5ef2cb4e1dfb4040d1,0bf674727011d2cb
validation_real_40277.jpg,real,validation,validation,valid/real/40277.jpg,27423,57942b81ef1d22b17d60e06a1931cdff,3f4212f003b7839f
validation_real_40361.jpg,real,validation,validation,valid/real/40361.jpg,32386,8fc873d581831a91b51c225ceaec721a,1d1fa823e37443d1
validation_real_40503.jpg,real,validation,validation,valid/real/40503.jpg,34253,5c1adf4d253fbce876c75628416f0c47,2fd685a61eb41a98
validation_real_40682.jpg,real,validation,validation,valid/real/40682.jpg,25313,c18f572715ef47db5aa55a66593960bb,61c316a77a151bd8
validation_real_40788.jpg,real,validation,validation,valid/real/40788.jpg,36708,96ff2dd561e800fe8fc1185901557636,2d5a252ae15c8b8f
validation_real_40955.jpg,real,validation,validation,valid/real/40955.jpg,28912,1ee2caa1065651431c9b915d48f214ed,0bb4a0b27093c7cf
validation_real_41232.jpg,real,validation,validation,valid/real/41232.jpg,26217,6cae25762706d6019fdc3b04e8abc9e4,177c7c34210ec78e
validation_real_41372.jpg,real,validation,validation,valid/real/41372.jpg,26420,5428dd23e03b0335f4dd762980dc7e7e,6adc85c27248adcd
validation_real_41804.jpg,real,validation,validation,valid/real/41804.jpg,26843,239fe5cc54d5117f92e86f0e55b0cd98,1cad1196797d2394
validation_real_41927.jpg,real,validation,validation,valid/real/41927.jpg,32486,59d39bf4ebe621452f1304ab957a663c,5cc87c85752c63d1
validation_real_42130.jpg,real,validation,validation,valid/real/42130.jpg,28684,d4d7661c8e469ac581ae2920fec8750b,0a39e512d7213ff0
validation_real_42302.jpg,real,validation,validation,valid/real/42302.jpg,29200,4fbc3438e66d322f778f9e67c9c9fdae,408db54aff584bd0
validation_real_42322.jpg,real,validation,validation,valid/real/42322.jpg,33682,b691adbd06bd1aa7f81951209db1b362,52dac9492c6d56ac
validation_real_42325.jpg,real,validation,validation,valid/real/42325.jpg,29004,d086448a0693104f0b46a8edfd0f7141,694a20f013b98fcf
validation_real_42415.jpg,real,validation,validation,valid/real/42415.jpg,25156,8587761c375d2f154c3aea7cb5c67110,5a0d6027750b7f0b
validation_real_42611.jpg,real,validation,validation,valid/real/42611.jpg,24585,5332af5d53560143b39ab61fc16291f5,414b747e3934195b
validation_real_42950.jpg,real,validation,validation,valid/real/42950.jpg,29278,b4ba0130f3db88a77adcde950ab2bcc8,6b7f3ed08021c25e
validation_real_43357.jpg,real,validation,validation,valid/real/43357.jpg,29312,8da06f75540b0f693d5bad680a213c1a,71eae9c3a44c3e18
validation_real_43484.jpg,real,validation,validation,valid/real/43484.jpg,24984,7f7a7a541ce71ad3ec32bfea0703d185,2ffc10a550277cca
validation_real_43573.jpg,real,validation,validation,valid/real/43573.jpg,26507,20258b0d6c5df694cba6770da281a3c7,506827378c539dcd
validation_real_44776.jpg,real,validation,validation,valid/real/44776.jpg,32727,3589798e6f70f6493df9126dcbcca55b,38aa23d09c598f97
validation_real_44886.jpg,real,validation,validation,valid/real/44886.jpg,33368,c2c99d5ae0adb40b0bc65c264a575c89,097a3fb0304bab8d
validation_real_44910.jpg,real,validation,validation,valid/real/44910.jpg,24122,4c69563da6a59b5db8eb2aeb318a6363,16966a5a7219cb71
validation_real_44979.jpg,real,validation,validation,valid/real/44979.jpg,21158,7a9bfac5d291c79e5ad42d8289457fbb,6ae2a5b487969686
validation_real_45169.jpg,real,validation,validation,valid/real/45169.jpg,24500,0189e8e7f04203108654b3f78a36368f,5008bd36a53e879e
validation_real_45325.jpg,real,validation,validation,valid/real/45325.jpg,27945,1f89392e7f7d95798011030e4e55df07,7e2fa1519561c694
validation_real_45456.jpg,real,validation,validation,valid/real/45456.jpg,33662,2335ae7672dd0869d6b7a3182aced209,783aa1a535c594c7
validation_real_45691.jpg,real,validation,validation,valid/real/45691.jpg,23061,becbc1a179e1c8ecc03d1a0afc2d6134,6a7a396321418fc7
validation_real_46003.jpg,real,validation,validation,valid/real/46003.jpg,25823,f899e3600a17e6f97324cc6925879d86,177c6922615ca79a
validation_real_46047.jpg,real,validation,validation,valid/real/46047.jpg,29746,3ecc46c4633a54708a8e54bce5f9ee83,18a565d2b48ddaca
validation_real_46070.jpg,real,validation,validation,valid/real/46070.jpg,26701,51c26811af80f40e2f410bbed0a1002d,491676303701facf
validation_real_46094.jpg,real,validation,validation,valid/real/46094.jpg,30522,7e4fd91436928119dc4fba4017e30f91,439075fe38586aca
validation_real_46226.jpg,real,validation,validation,valid/real/46226.jpg,27757,4e745ab52efa5fe215984d07ddf09fee,70532c6b2669969d
validation_real_46277.jpg,real,validation,validation,valid/real/46277.jpg,29011,169a7094c59d10abf148381f9a09d9ce,4083d75e1a2a7bca
validation_real_46325.jpg,real,validation,validation,valid/real/46325.jpg,29794,f657954d541f313aca92b8e0ed0388da,42f4278b8349d3cd
validation_real_46372.jpg,real,validation,validation,valid/real/46372.jpg,30029,3c2ea27daf6fc8de03b578ec4d7f7f9a,69bfd092811e5b98
validation_real_46433.jpg,real,validation,validation,valid/real/46433.jpg,36720,d503fc5c2ab42736f0357f593174c3fd,3a3cb5c0929e98cb
validation_real_46795.jpg,real,validation,validation,valid/real/46795.jpg,33312,eb005338cb2534500af68f145f9e26cc,2fb438d091df51c8
validation_real_46835.jpg,real,validation,validation,valid/real/46835.jpg,37201,6d5bd3444aeab087247eaa242a68fd35,179284d67c5aac78
validation_real_46838.jpg,real,validation,validation,valid/real/46838.jpg,16630,32227ef6aaa1de0e0e34dc7947c2c7c1,2f4837da21df2096
validation_real_46841.jpg,real,validation,validation,valid/real/46841.jpg,20887,452aec6eb5beb2adc821258c9640873b,00487f06722b97df
validation_real_47096.jpg,real,validation,validation,valid/real/47096.jpg,27909,81886561f205799c9c12eefdebd43c0b,5e392ae5716431c6
validation_real_47330.jpg,real,validation,validation,valid/real/47330.jpg,26063,cdaff00fee1410a7996dbbef2144fe89,31d4de0f68704e0f
validation_real_47622.jpg,real,validation,validation,valid/real/47622.jpg,28739,e31d8206ba4b1a44e6c363b382fd65c1,05e1bceb164b96d0
validation_real_47675.jpg,real,validation,validation,valid/real/47675.jpg,27746,7e1b58a1b3a1e6fa574ac8c8063fbca7,4ebb6525745e809a
validation_real_48075.jpg,real,validation,validation,valid/real/48075.jpg,36172,9e7dab6d12af2444b4bfe348439596ed,5ebdae930318c0dc
validation_real_48209.jpg,real,validation,validation,valid/real/48209.jpg,27239,4f0a7ea20fd8a1deae4f8d8487f1d443,6b3075f440682fd6
validation_real_48273.jpg,real,validation,validation,valid/real/48273.jpg,31356,1ef51a9c3c04bdd834162731d7440f41,0e586933673c91ce
validation_real_48284.jpg,real,validation,validation,valid/real/48284.jpg,31058,321ae038c47a7ba7f2ff2284f4ba50f6,5f7f2880248f8787
validation_real_48314.jpg,real,validation,validation,valid/real/48314.jpg,28008,58e06bf207cf6b4457c56a372d40151e,09452ea77fb001de
validation_real_48468.jpg,real,validation,validation,valid/real/48468.jpg,22773,6f3c5f2d7b1c7563e58587a486b7e6c8,2d7d32f421b64196
validation_real_48679.jpg,real,validation,validation,valid/real/48679.jpg,25570,4f76307efdad48fb86c8f79fc256201e,05955e9306756adc
validation_real_48696.jpg,real,validation,validation,valid/real/48696.jpg,21145,854cd18a83fdb917d5f200d169c63cc9,70c78e988da89b93
validation_real_48701.jpg,real,validation,validation,valid/real/48701.jpg,26312,0d5fa1e5252692eb6ff845df3865b77f,1e6a38e72147c785
validation_real_48704.jpg,real,validation,validation,valid/real/48704.jpg,28962,bc25763d63fc1a0add63e42dafdd4cff,21389490db9ff1ca
validation_real_48817.jpg,real,validation,validation,valid/real/48817.jpg,23297,e481919bccb83fa8c5536dc289e96fd5,01793e48b664c78f
validation_real_48931.jpg,real,validation,validation,valid/real/48931.jpg,27370,52db55d17ce2d0f7b14e6cf4421a1133,41b52db6309ba3ca
validation_real_49265.jpg,real,validation,validation,valid/real/49265.jpg,22477,363474d4f4b564b3fa6b099340859896,55e2e5c6ce4e0e88
validation_real_49673.jpg,real,validation,validation,valid/real/49673.jpg,27506,fd02ff81073eb8f69c87cfb953a1c33e,4ba0f5f70482de8a
validation_real_49958.jpg,real,validation,validation,valid/real/49958.jpg,33032,b67c81ca00e2201a2a7107177486338a,1baa207a7552d89b
validation_real_49972.jpg,real,validation,validation,valid/real/49972.jpg,25603,81e334c4941b60104d8584464dc19265,7aa7b093131564dc
validation_real_49973.jpg,real,validation,validation,valid/real/49973.jpg,22472,cc1c0501343f512e17d25d50c2eeb93e,41d22fbce46a4599
validation_real_50125.jpg,real,validation,validation,valid/real/50125.jpg,25918,6a92c286fead5c78195e0f2b03075f48,32a8abd7d5a80a17
validation_real_50137.jpg,real,validation,validation,valid/real/50137.jpg,27566,1d1582b5f3524e33463b70c262463986,1ba4acf6245c86da
validation_real_50184.jpg,real,validation,validation,valid/real/50184.jpg,27653,b75b9f468b51b63b179f2365e1a10885,463939c7c1921f3c
validation_real_50235.jpg,real,validation,validation,valid/real/50235.jpg,28427,27a46903209a31581186918d8852105f,4b3d7c72701bc08b
validation_real_50267.jpg,real,validation,validation,valid/real/50267.jpg,31208,268d551a38f1078205eb3735475b3ce5,4a173db778b9008b
validation_real_50285.jpg,real,validation,validation,valid/real/50285.jpg,29376,2e2c1d3ddab8590e0c5ef35bb1f15c2d,4b402d162fbd7689
validation_real_50317.jpg,real,validation,validation,valid/real/50317.jpg,27803,35daeab50b8fb10e437fad4985c9bdff,70c15cd6568acbca
validation_real_50657.jpg,real,validation,validation,valid/real/50657.jpg,23941,913bc9b5bb81ed37a59fd41acae6c969,50f2cf978f883498
validation_real_50697.jpg,real,validation,validation,valid/real/50697.jpg,29636,7280bf90908cf87f7d7b84031c8cd85a,4a3f7078377002cf
validation_real_50814.jpg,real,validation,validation,valid/real/50814.jpg,22877,3210e7e0d52f270deee5b1aec4e15f7b,70f943b3256302cf
validation_real_50889.jpg,real,validation,validation,valid/real/50889.jpg,26823,3a780c8367dc6f50d6bf3a64e523ebae,4ac97207345f82de
validation_real_50942.jpg,real,validation,validation,valid/real/50942.jpg,24641,6844f74fa69af9428df946459b560b90,4ad0764f3927188f
validation_real_50998.jpg,real,validation,validation,valid/real/50998.jpg,25157,46bfa64d424ddc8a6818707cc7d966de,6fa814971975824f
validation_real_51097.jpg,real,validation,validation,valid/real/51097.jpg,25460,1783fb3cb798946d70aa8fca76be179e,4e7821e321678dce
validation_real_51671.jpg,real,validation,validation,valid/real/51671.jpg,34926,ea85f91d3bfa2a40ddddbfc62fb034d8,5f2d7492838c4b96
validation_real_51724.jpg,real,validation,validation,valid/real/51724.jpg,27411,a1f86622da9f2126943c51f2f87bf79e,32b5e8ff505dc088
validation_real_51774.jpg,real,validation,validation,valid/real/51774.jpg,27852,648a26aff9f610712b8592d1b65e4b3f,184fe582f46827d5
validation_real_51845.jpg,real,validation,validation,valid/real/51845.jpg,28798,dfae83e2c44ec374963cc6e323b5de39,5b5a6906640dc69f
validation_real_52019.jpg,real,validation,validation,valid/real/52019.jpg,29605,29d189363c0fd62e486feef2bef2a0e1,1b3ae146c528539f
validation_real_52153.jpg,real,validation,validation,valid/real/52153.jpg,32616,d7045566cf478eb0c66da27fc40e0182,5bd82d76707f00c8
validation_real_52179.jpg,real,validation,validation,valid/real/52179.jpg,27932,442d8b0155f165205acb606357d7e557,4221eae5b52dd296
validation_real_52370.jpg,real,validation,validation,valid/real/52370.jpg,24595,7f2c01e3c013a906197cef0732393290,3ffe30763011f092
validation_real_52397.jpg,real,validation,validation,valid/real/52397.jpg,31013,518a4e6694102ed487a584613b35ffc0,582d3264337ccb8e
validation_real_52402.jpg,real,validation,validation,valid/real/52402.jpg,29403,8ac2c1d624438360554598844982c60e,7c39e64288d589d5
validation_real_52892.jpg,real,validation,validation,valid/real/52892.jpg,25611,58ce2c79615f8f3cc5379a76d367e146,1e697863356d5286
validation_real_53551.jpg,real,validation,validation,valid/real/53551.jpg,27597,a465fda3764d9ae18d963b3951530834,0dad3f3470d08e87
validation_real_53694.jpg,real,validation,validation,valid/real/53694.jpg,23669,88ba1e13d88a2e1694f7d1996ab846c7,1a2c78a667d899d1
validation_real_53990.jpg,real,validation,validation,valid/real/53990.jpg,30380,7948ad2873b6d482420280d02e234b8f,01fff1b352100e8f
validation_real_54003.jpg,real,validation,validation,valid/real/54003.jpg,33650,a23ad6ce6588f35c743835a508ab384d,5e146332676362c7
validation_real_54087.jpg,real,validation,validation,valid/real/54087.jpg,30654,886e1dc56d072c45f477ef7bbdc83b3f,447a7863796e850e
validation_real_54869.jpg,real,validation,validation,valid/real/54869.jpg,22996,ddb52b69b5fbcca13c579942b6d35c35,6cb442b04bed41ed
validation_real_55012.jpg,real,validation,validation,valid/real/55012.jpg,35700,e68d298f090f98c7751959697e19426f,1a657ca7b11a928e
validation_real_55059.jpg,real,validation,validation,valid/real/55059.jpg,35623,bba240104f33b8b5ea2c24d438381984,36d693d501e385ca
validation_real_55307.jpg,real,validation,validation,valid/real/55307.jpg,29839,b9be4c73bfb0396e5026cfa517dc76d8,4907ff207c06dbc8
validation_real_55578.jpg,real,validation,validation,valid/real/55578.jpg,30105,c7b60a66064586df84ed4e20b9e9a12e,6abe85815427d2dc
validation_real_55679.jpg,real,validation,validation,valid/real/55679.jpg,29270,5664e6ca663f8d92776d0fe297fcdb9d,708555e2f6c293ca
validation_real_55920.jpg,real,validation,validation,valid/real/55920.jpg,30203,41021852dae5057e7736b57152c507d0,0f5b777d23207888
validation_real_56102.jpg,real,validation,validation,valid/real/56102.jpg,27837,f1af3e7f0b997b4141174cd43f3de1bd,1e4f38a5650ea29e
validation_real_56321.jpg,real,validation,validation,valid/real/56321.jpg,29421,1f605c86634e96e0409ded3c0ebcf925,4a2aa561e5659e87
validation_real_56477.jpg,real,validation,validation,valid/real/56477.jpg,28194,d6fd88f9a6f396a1365edeafb764dade,54ea7a272ae5078c
validation_real_56486.jpg,real,validation,validation,valid/real/56486.jpg,28528,181f6aaa72db6414c6c9ffcf11a5591b,6f2f25f1dc600cc2
validation_real_56595.jpg,real,validation,validation,valid/real/56595.jpg,35518,95509f130536a979a167d65b87b7ce9e,5e263986f1303b8b
validation_real_56976.jpg,real,validation,validation,valid/real/56976.jpg,32898,52c7925fea98fa853c684dff68881d42,358492d2b32b6b0f
validation_real_57109.jpg,real,validation,validation,valid/real/57109.jpg,30358,4c39cc6fe06ef01206283fc30bafb681,0a28f527f48c92af
validation_real_57484.jpg,real,validation,validation,valid/real/57484.jpg,27025,07a63762d02967327758379228f408e6,2d2fda728836ce81
validation_real_57904.jpg,real,validation,validation,valid/real/57904.jpg,37510,c682f5b30e89a5163de275310b54f01d,387471c252dacacb
validation_real_57929.jpg,real,validation,validation,valid/real/57929.jpg,24009,f6220ea09d9dbd6fefb8c5d6cc2489a9,5f276036601d9bd1
validation_real_58163.jpg,real,validation,validation,valid/real/58163.jpg,28334,c2ca3af3b93e2df9a366f44beb65af62,59a028d2325b63df
validation_real_59244.jpg,real,validation,validation,valid/real/59244.jpg,26979,43bf3fa7ea5b435a789119f5f2c6076f,0b2424c2e79976de
validation_real_59311.jpg,real,validation,validation,valid/real/59311.jpg,25474,963536f62348de676b922420f8929d63,4a6070e283dd8d9f
validation_real_59335.jpg,real,validation,validation,valid/real/59335.jpg,27568,30af7a287473494b8d3b254470f69823,1afc30ed3449c798
validation_real_59500.jpg,real,validation,validation,valid/real/59500.jpg,32927,3f7c541837141eee0c847572ef4b38f3,1e706a61656ca79c
validation_real_59589.jpg,real,validation,validation,valid/real/59589.jpg,33992,dfa6a1a546d6272b824fad3fe5026353,0bb865164659db99
validation_real_60194.jpg,real,validation,validation,valid/real/60194.jpg,24799,5834457305364918e159dc83baba2738,704a6fab644cae8a
validation_real_60351.jpg,real,validation,validation,valid/real/60351.jpg,30967,1310fe6098ba3a29f95b564b5a901778,0dd130f472e4d2cb
validation_real_60725.jpg,real,validation,validation,valid/real/60725.jpg,29044,cd7a33a19f1bcd9e108cad73e097a725,34eb16c5d40d968d
validation_real_60804.jpg,real,validation,validation,valid/real/60804.jpg,29956,f20df8d5f1a08d77ee0a55f4697a2013,30ea63256505d79d
validation_real_60817.jpg,real,validation,validation,valid/real/60817.jpg,24891,f8acbcbf85917e2ff7013e2c59489707,1d6f3c24703d72c8
validation_real_60923.jpg,real,validation,validation,valid/real/60923.jpg,32802,ff482c050ad0ca37b11a230f00b547d5,083265d37079c7dc
validation_real_60965.jpg,real,validation,validation,valid/real/60965.jpg,22349,ac76862f374ccf72c0dc28a71fde8f9b,659a45da55485759
validation_real_60974.jpg,real,validation,validation,valid/real/60974.jpg,30542,94493f72e891d586001163bebb12fcec,30e3ffe40cdc9098
validation_real_61002.jpg,real,validation,validation,valid/real/61002.jpg,25453,925f771d48d4a956a8f20c3020b03112,1c563173b2559699
validation_real_61060.jpg,real,validation,validation,valid/real/61060.jpg,29001,87cb4dc49ad4d844d3aa57fa2045ac0a,4fb8b4d1418d869e
validation_real_61630.jpg,real,validation,validation,valid/real/61630.jpg,26197,d02851639ad78097291d16ba1128fb5c,43b5f0b6f5a282c2
validation_real_61798.jpg,real,validation,validation,valid/real/61798.jpg,25308,15e0402fba4e812eb160c9beb8b4b9c3,1b1a24cfc17c8b93
validation_real_62036.jpg,real,validation,validation,valid/real/62036.jpg,25511,1a7eee176d1f0c98be406778d1691ce5,4fb064b3a69a82cb
validation_real_62103.jpg,real,validation,validation,valid/real/62103.jpg,29854,2e86a08e906cebe2642d36d13c313ab8,1b7f2da2644846dc
validation_real_62321.jpg,real,validation,validation,valid/real/62321.jpg,26988,768b3067fb16ee66803c69748e05caf2,0a5ca03ff229db85
validation_real_62802.jpg,real,validation,validation,valid/real/62802.jpg,24795,dc2517cb7ce6b0421521b002ed2961b1,4e193c32333d839b
validation_real_62811.jpg,real,validation,validation,valid/real/62811.jpg,30392,cd950897b020028ed8fcc34df7a6d77d,5bc8b6ec854e24d8
validation_real_63123.jpg,real,validation,validation,valid/real/63123.jpg,27650,502d69e0078820036f05dd5a09244913,5b966cf814b4849e
validation_real_63155.jpg,real,validation,validation,valid/real/63155.jpg,32615,124fd2648ddf3988493e6c6ac2808d69,4ea795c6155c88dc
validation_real_63694.jpg,real,validation,validation,valid/real/63694.jpg,32244,48fa3c12f7c36c1c4e1ac98a36967f3c,2dfc78d68088721f
validation_real_63979.jpg,real,validation,validation,valid/real/63979.jpg,26048,62fd658461871277adf542fd6a43189e,5e1c61a39cd22ba9
validation_real_64155.jpg,real,validation,validation,valid/real/64155.jpg,31848,24c7f4ef56eb6923b8b09a58f3cfd4f4,0bbe7cf030b3b089
validation_real_64363.jpg,real,validation,validation,valid/real/64363.jpg,24177,7658ab18289a2e7c2d5fac7b0cff6849,6dcf42fce524a488
validation_real_64404.jpg,real,validation,validation,valid/real/64404.jpg,29429,c0cb7f053f71af22445c880a1bdc62a5,1a2a697712d857c9
validation_real_64421.jpg,real,validation,validation,valid/real/64421.jpg,27184,e6f9fde2cd597e7616382f9b1400764f,0333b670fd0980df
validation_real_64455.jpg,real,validation,validation,valid/real/64455.jpg,25521,7d6b206c44f08b5209d9734547efae6d,3eea29fd60908b0b
validation_real_64537.jpg,real,validation,validation,valid/real/64537.jpg,30117,b80762cf80372c2c6bff0559ad2398e3,4ec378343039b19f
validation_real_64564.jpg,real,validation,validation,valid/real/64564.jpg,25139,7a3b27f53eef019d14843bcbb47f1b84,2d3cf032f2b08e87
validation_real_64729.jpg,real,validation,validation,valid/real/64729.jpg,32954,7c0629d6bb5d9d3632060a0e1c327d08,4e8935157a3173a6
validation_real_64779.jpg,real,validation,validation,valid/real/64779.jpg,33012,cd0238f9dcbcc73202fbe51e76fbb759,4bace1d017cba6c8
validation_real_64816.jpg,real,validation,validation,valid/real/64816.jpg,29599,0a9a1d829b861cfc8c528dca27977fb3,0ab0edf261e285cb
validation_real_64880.jpg,real,validation,validation,valid/real/64880.jpg,24293,e64fe2dc2911e97f49ff320528df5911,0aa5b4dad18ddd0c
validation_real_64909.jpg,real,validation,validation,valid/real/64909.jpg,23262,41360cfd170f68f23852267586e0eadc,589a51aa656b35c3
validation_real_64934.jpg,real,validation,validation,valid/real/64934.jpg,33022,39ee55213025fda7fc68d46267c3222d,7fba05f0a582d382
validation_real_65175.jpg,real,validation,validation,valid/real/65175.jpg,23167,ae368f4b432ed7316bc55b6de54c0631,241f703ef1384bd8
validation_real_65254.jpg,real,validation,validation,valid/real/65254.jpg,26261,92c0be69c966920be994a4119e0aa0bb,12497d66356836da
validation_real_65260.jpg,real,validation,validation,valid/real/65260.jpg,24631,38a623c788c17a282ac383e8b730fecf,5470e104e71dcf9a
validation_real_65733.jpg,real,validation,validation,valid/real/65733.jpg,28057,0866fa01154245a8e97959d98c521f51,2fb47492f0cbc388
validation_real_65801.jpg,real,validation,validation,valid/real/65801.jpg,28326,fd1e0daa603b38b10d56bc12a09e0a26,6aa5f1939304e68e
validation_real_65933.jpg,real,validation,validation,valid/real/65933.jpg,29877,f4e2f68b64cf38be6fe7c02ab03ae97e,43309fc4c21f778c
validation_real_65939.jpg,real,validation,validation,valid/real/65939.jpg,32051,2381ee8042aff70ca2c2a5344c7d7259,0f7934564e58c999
validation_real_66249.jpg,real,validation,validation,valid/real/66249.jpg,32210,31d2999c0cc5c2326e5c885374f10d83,7a81ab8e2c701e9d
validation_real_66410.jpg,real,validation,validation,valid/real/66410.jpg,26931,41040370bd688746e4a95a0b884cbef2,1b6a3562b4788fc1
validation_real_66754.jpg,real,validation,validation,valid/real/66754.jpg,32827,a80c44be7ad143a050a6405c3c67e68e,4b363d72309b83c9
validation_real_66765.jpg,real,validation,validation,valid/real/66765.jpg,27661,9b9c305b8ffdc435e162b9aaedcdfd6f,49f620f6a105e68f
validation_real_67313.jpg,real,validation,validation,valid/real/67313.jpg,32342,2d646115c6e7d65a23e51489a4fe0273,60f397a88d8dc58c
validation_real_67370.jpg,real,validation,validation,valid/real/67370.jpg,25296,d585de469ebb07f028413d2fe49f5e70,6aaae8e1a101ff85
validation_real_67529.jpg,real,validation,validation,valid/real/67529.jpg,24568,f273178c29a231a3c191243c1788f911,0534726ba3a856dd
validation_real_67782.jpg,real,validation,validation,valid/real/67782.jpg,32593,eb9dc580af8b7221fb450658ac5ca40f,0b78a442b50bf68f
validation_real_67884.jpg,real,validation,validation,valid/real/67884.jpg,33420,c0f9b256f35854ed0815bc4d90072699,5ff934a2a12d4585
validation_real_67998.jpg,real,validation,validation,valid/real/67998.jpg,25676,c0c99e428e8af084e0678e4030bc7df4,4b9c2c623329b69e
validation_real_68279.jpg,real,validation,validation,valid/real/68279.jpg,26729,f33674128104ba2dd819507616d7f68f,4ba53cd2b04b8bc9
validation_real_68485.jpg,real,validation,validation,valid/real/68485.jpg,27039,b184f4f39dd5b9cded5f1a388a0e8f4d,5ef021e707599a98
validation_real_68629.jpg,real,validation,validation,valid/real/68629.jpg,26517,beccd16ac531b830f907fa5c193cf094,2aea71e335c2a68c
validation_real_68946.jpg,real,validation,validation,valid/real/68946.jpg,30332,713b5d58b4cbf29e87bab2649e19fd58,58ee23c61ccd9698
validation_real_69070.jpg,real,validation,validation,valid/real/69070.jpg,28345,0dfac01e93e798e76486f966a359f1e0,5ca36186274cc79d
validation_real_69210.jpg,real,validation,validation,valid/real/69210.jpg,28453,9d3b5d0bc880fff41755c8d01b44eeb9,05fc2bb242bf6194
validation_real_69247.jpg,real,validation,validation,valid/real/69247.jpg,35946,5225b964f705f5756d415dcf917d1a2a,12bd2545f56f6308
validation_real_69551.jpg,real,validation,validation,valid/real/69551.jpg,23590,ceabd59e797a755166523a3299817d0b,252d34b6904a43ff
validation_real_69660.jpg,real,validation,validation,valid/real/69660.jpg,31633,1cad42ab4dee7a24c95d2eed0049815a,1b753067b46c968a
validation_real_69766.jpg,real,validation,validation,valid/real/69766.jpg,26730,9104f23a64b944690fa005ff1a1108ee,1e69a127e53cc29c
validation_real_69840.jpg,real,validation,validation,valid/real/69840.jpg,28383,56f297b5154d04a868308517c2784abf,0fc562f76060e7c2
validation_real_69896.jpg,real,validation,validation,valid/real/69896.jpg,25298,f37070a58ef40b1005e4bb3bbf87ad84,1b6c34432679b39a
validation_real_69924.jpg,real,validation,validation,valid/real/69924.jpg,31671,466ddefdcf4177b6c42e093f993c21f6,3f52288325673eca
validation_fake_05AKW3JBP1.jpg,fake,validation,validation,valid/fake/05AKW3JBP1.jpg,25636,168800d491aa5e39afd7a802497c975c,386c61e534e1d3c5
validation_fake_05IO1MPW4D.jpg,fake,validation,validation,valid/fake/05IO1MPW4D.jpg,24076,c510530555a551e204bdc66e8a89407d,3de87cb420248bde
validation_fake_0DCB2Z1XCD.jpg,fake,validation,validation,valid/fake/0DCB2Z1XCD.jpg,27132,3898b0668d2ea95035d7f4f731cc7e8c,058b3a65353576c3
validation_fake_0DL2XH3QKK.jpg,fake,validation,validation,valid/fake/0DL2XH3QKK.jpg,22519,c6850277fa215f7d1a66a4cc10a246d6,5d6825c726bcc698
validation_fake_0I6HC795RF.jpg,fake,validation,validation,valid/fake/0I6HC795RF.jpg,25423,24555650a725987e7606e9693254c150,4fa134d0d8cec2ce
validation_fake_0J3G8SPY79.jpg,fake,validation,validation,valid/fake/0J3G8SPY79.jpg,29209,7a241c5034ee6a94513aeb040d8a3ddf,58f26123254ed7ca
validation_fake_0JGUNFCD9J.jpg,fake,validation,validation,valid/fake/0JGUNFCD9J.jpg,30479,64226f80fbd8bb11f1ab48cc917dd477,7c06e0e2d7c38ac3
validation_fake_0LEKGO9PS3.jpg,fake,validation,validation,valid/fake/0LEKGO9PS3.jpg,33567,ff5b26467470efc97faa1abb99361e41,2ff8a4c4d428b39a
validation_fake_0MRV2C5W7W.jpg,fake,validation,validation,valid/fake/0MRV2C5W7W.jpg,25171,8654394ddb20232af61c5042ac36e20e,2f0d22b663b2438f
validation_fake_0Q9L2YHFJF.jpg,fake,validation,validation,valid/fake/0Q9L2YHFJF.jpg,29358,cc8f0a8acff8067f72b61f061d731829,7eb525842687c69a
validation_fake_0UY8PGEMAZ.jpg,fake,validation,validation,valid/fake/0UY8PGEMAZ.jpg,23712,2c796680003463050edbafe2bcaaa3f4,4f7428a76299ca9c
validation_fake_0WAG12INCA.jpg,fake,validation,validation,valid/fake/0WAG12INCA.jpg,27332,b981c5fe1db827896ea7a8f24b2da178,2a3ca5a5c2969a8f
validation_fake_10C1JZ9QC9.jpg,fake,validation,validation,valid/fake/10C1JZ9QC9.jpg,27355,cf8f59b75cef3f5ab5332d8bd097b8d8,06582967f029dfca
validation_fake_1611ESDRGN.jpg,fake,validation,validation,valid/fake/1611ESDRGN.jpg,28368,38f001fccac41f1da2cacb3402827e89,451f30367239d0de
validation_fake_1GJMVADLV0.jpg,fake,validation,validation,valid/fake/1GJMVADLV0.jpg,27452,350e911149b7f828341bf2192a700a64,2d2f63bc75208fc0
validation_fake_1ITKFAXW1E.jpg,fake,validation,validation,valid/fake/1ITKFAXW1E.jpg,21440,6dbc5c58aec5a1638341c3a597563a92,7861a5a79686969a
validation_fake_1NXFCYP521.jpg,fake,validation,validation,valid/fake/1NXFCYP521.jpg,24983,5af687e7b538085a3e75ca72279c29e9,4b3d3d723011f2d8
validation_fake_1RWKFESGLE.jpg,fake,validation,validation,valid/fake/1RWKFESGLE.jpg,27222,9cfacfe746186e0ea2a6ecc2d53b04d7,4f1b3c3a34700e8f
validation_fake_1XSSW4JS52.jpg,fake,validation,validation,valid/fake/1XSSW4JS52.jpg,27688,fbb2930265c10061ec9ba9a4b86db2ab,167823e0656ee7c2
validation_fake_1Z31G22BQT.jpg,fake,validation,validation,valid/fake/1Z31G22BQT.jpg,21790,b85293f2cd524d24de0d1c58e7fa2a15,3dbc60f07070d2cb
validation_fake_1ZVCWNSZJ0.jpg,fake,validation,validation,valid/fake/1ZVCWNSZJ0.jpg,25325,d8493e8c9ca573d295ef147303fc80a8,4f6d34bcf04c81cc
validation_fake_217LURNO86.jpg,fake,validation,validation,valid/fake/217LURNO86.jpg,28039,e42d3af782ae10b11c9b409210a2c716,4a2f7c227469b7c0
validation_fake_22S0CYCE8L.jpg,fake,validation,validation,valid/fake/22S0CYCE8L.jpg,28006,87c618e08dedf4283753ae668e4de1f1,4e7038d3b94f22c6
validation_fake_24OVDC3NAG.jpg,fake,validation,validation,valid/fake/24OVDC3NAG.jpg,26457,c25a82cb91095797a23288858ad92403,4af821a1e507a6de
validation_fake_25176T06QZ.jpg,fake,validation,validation,valid/fake/25176T06QZ.jpg,19842,ecf04454cd2a7dc4dc4b6bb898890706,4b123d7630706fc6
validation_fake_25H419J1S9.jpg,fake,validation,validation,valid/fake/25H419J1S9.jpg,21488,e44902f5a983e0b71c3e7be57adacabb,6a9da5a57285d28a
validation_fake_27T3V3WOQ5.jpg,fake,validation,validation,valid/fake/27T3V3WOQ5.jpg,28491,f758185c42bf40c90159292e9ce52c9b,786a21e10fea178b
validation_fake_2AVI3PPJIW.jpg,fake,validation,validation,valid/fake/2AVI3PPJIW.jpg,26153,babf0749c9c39f54da786ed46ba4427c,6f5074b1ad09c8dc
validation_fake_2E78AQCNUM.jpg,fake,validation,validation,valid/fake/2E78AQCNUM.jpg,33739,a9022638894673910f3a5676c1595dc1,1c617927316ca3ce
validation_fake_2OSN3NIVF0.jpg,fake,validation,validation,valid/fake/2OSN3NIVF0.jpg,29919,7583eb6aa846b11dfb49988a8d591703,7a0a01e12747bfd2
validation_fake_2P82928VPP.jpg,fake,validation,validation,valid/fake/2P82928VPP.jpg,27261,07083f8ac58aa234c0d64f2343a44f45,3037f8d2b98cc8d8
validation_fake_2PJGVLDZB7.jpg,fake,validation,validation,valid/fake/2PJGVLDZB7.jpg,36460,4d98f8b3d63d84315485ec5c1429cf53,18afb455a00dfad8
validation_fake_2PPCPHJ1VH.jpg,fake,validation,validation,valid/fake/2PPCPHJ1VH.jpg,24181,eedc7e31efb476ed8d361c324ac51b4b,4f2d34b0f13383cc
validation_fake_2R03ZUVVPR.jpg,fake,validation,validation,valid/fake/2R03ZUVVPR.jpg,30860,ae160e774d4accb44dcd6fb69f1ed4ae,0de874829d1f98dc
validation_fake_2ZHAE6AMF3.jpg,fake,validation,validation,valid/fake/2ZHAE6AMF3.jpg,25326,c74c9ac97e608c8e4cb0e6b822094b78,1f683167244e96ce
validation_fake_2ZUB9N7GAM.jpg,fake,validation,validation,valid/fake/2ZUB9N7GAM.jpg,26474,0c72aabb1e0d75d8f346357cc82569f3,7caf3452a050c3d7
validation_fake_306SRGIL29.jpg,fake,validation,validation,valid/fake/306SRGIL29.jpg,26860,62b17d72e2906f11720a8913b3d72c43,0ebc9a973870339a
validation_fake_30HASUBOXS.jpg,fake,validation,validation,valid/fake/30HASUBOXS.jpg,31845,bd9059946258d7011540534655f841dc,1a7c6047e78e9299
validation_fake_32Z06ZUJ8L.jpg,fake,validation,validation,valid/fake/32Z06ZUJ8L.jpg,24064,b91cebb43cb8155be49a775ca4a12f27,68dc05f247a4c78e
validation_fake_33W676MAAX.jpg,fake,validation,validation,valid/fake/33W676MAAX.jpg,28665,6b16f13dda1ae0022d27f41c3ecd42d0,3f8334a67059328f
validation_fake_38BY01LSUQ.jpg,fake,validation,validation,valid/fake/38BY01LSUQ.jpg,26368,6498ade126fdf48f1220fcd0e8d5a295,483f2c3e30003fdf
validation_fake_39LC5RDC4J.jpg,fake,validation,validation,valid/fake/39LC5RDC4J.jpg,29460,9e61f5d11092a1e883a09147b6cf73f8,11e27f65203ad78a
validation_fake_3AHI1IYBZY.jpg,fake,validation,validation,valid/fake/3AHI1IYBZY.jpg,30707,378f222a974d0a46088d6fbc9f5144ce,3ae02987059e9e9e
validation_fake_3AP7PYK6P4.jpg,fake,validation,validation,valid/fake/3AP7PYK6P4.jpg,21689,36330274a8babc6f5446b7a564b7139d,506e6b87961e61cc
validation_fake_3C12NGDIQF.jpg,fake,validation,validation,valid/fake/3C12NGDIQF.jpg,36268,78f27020cde83ecdc011937f30ccac9d,4ea575a260f882dd
validation_fake_3D51O0TEQ6.jpg,fake,validation,validation,valid/fake/3D51O0TEQ6.jpg,25883,fb3f0992bf5d2f2be5c9a4a25e6537e3,0f7e65c4c01b7383
validation_fake_3D88IDE9SL.jpg,fake,validation,validation,valid/fake/3D88IDE9SL.jpg,34810,e095babb3ee019e0939e56e0c7f1049e,0b9229aba50fd78c
validation_fake_3DLGXN1LUH.jpg,fake,validation,validation,valid/fake/3DLGXN1LUH.jpg,26075,9ca65ae364a8ae8da59a7c5f6ab7fdd1,2d2f70b4703670da
validation_fake_3DM1HV1E2L.jpg,fake,validation,validation,valid/fake/3DM1HV1E2L.jpg,28871,c424a063fd89549c5d717a21d0fe71f7,1a7e6127652c968d
validation_fake_3ERG2ZP53R.jpg,fake,validation,validation,valid/fake/3ERG2ZP53R.jpg,28855,dc858ad2bc33cd4e3c1abaf1214de5c9,1a756023703ff782
validation_fake_3FR2S6NUYQ.jpg,fake,validation,validation,valid/fake/3FR2S6NUYQ.jpg,24154,9034cd22a208bddddd80fb891ac8a62d,1f247232f309c79c
validation_fake_3HB669FW69.jpg,fake,validation,validation,valid/fake/3HB669FW69.jpg,33646,4302b02d7b0dbbeaf43a9ab2f3450fdb,7af429e105aa548f
validation_fake_3ILIO0HU59.jpg,fake,validation,validation,valid/fake/3ILIO0HU59.jpg,28116,65ad3dea06f05fd66c58c0ba6cc774fe,2dbf72f0c08bc189
validation_fake_3KOZGR9ZUO.jpg,fake,validation,validation,valid/fake/3KOZGR9ZUO.jpg,25319,1e0f65bd33872bd4a6d0b666690daff4,6f1065eb0e18743e
validation_fake_3O370XQNSE.jpg,fake,validation,validation,valid/fake/3O370XQNSE.jpg,29451,8e66adadc55d9c9353beb0d36d98e908,7fa153d421da108f
validation_fake_3R04AEUKWW.jpg,fake,validation,validation,valid/fake/3R04AEUKWW.jpg,23123,42e6778af53d44d41cb456c03c4d2e77,0ff021b76636c28e
validation_fake_3SHU69YSCT.jpg,fake,validation,validation,valid/fake/3SHU69YSCT.jpg,27769,5dc035c5e7dfbc9d7553374c7b87c4e9,6f21f093c22e27d2
validation_fake_3TNWB9RKUY.jpg,fake,validation,validation,valid/fake/3TNWB9RKUY.jpg,24760,2f210b309f53307cc50bd6e14266447d,70ea6be325646686
validation_fake_3TPFE6TJRJ.jpg,fake,validation,validation,valid/fake/3TPFE6TJRJ.jpg,27749,81aed70cbccc2753340f35aaa6882627,437130a3d11f83de
validation_fake_3U06R1KJJG.jpg,fake,validation,validation,valid/fake/3U06R1KJJG.jpg,28060,f2366f3a606ed5b16f2ad24e15ff3a2a,6bb5f412f003d3c8
validation_fake_3UDK5APANA.jpg,fake,validation,validation,valid/fake/3UDK5APANA.jpg,27368,1e34e9764a8f878fde8fc3e830c9e3a8,49bf2efa742002d3
validation_fake_3X0Z010XUF.jpg,fake,validation,validation,valid/fake/3X0Z010XUF.jpg,24084,5cc254ff6958fb356c85410baa509845,0f3c63b0e2b9838b
validation_fake_3ZZ45SOYMW.jpg,fake,validation,validation,valid/fake/3ZZ45SOYMW.jpg,26067,20252c8bacbb47d07d1a4c770628a6db,54a82ba7c5dc9a8a
validation_fake_45N6JIE3GG.jpg,fake,validation,validation,valid/fake/45N6JIE3GG.jpg,36225,7df64e4f059c898b586750aff190522f,10a47f1f25d8a699
validation_fake_4IC1I2OXF2.jpg,fake,validation,validation,valid/fake/4IC1I2OXF2.jpg,27206,13a4c2c11d74f37a5f6713bcafc92b01,1ed975d62260878b
validation_fake_4L1D5F3G9V.jpg,fake,validation,validation,valid/fake/4L1D5F3G9V.jpg,25005,c608fc7b34e018a5a53f53221b539f47,693ce5968a9e8c98
validation_fake_4M4WAZM64L.jpg,fake,validation,validation,valid/fake/4M4WAZM64L.jpg,42924,d9f08a3ad1dd804151ba612d8e17eaf6,4a9f65702239a2db
validation_fake_4O36Q31VP1.jpg,fake,validation,validation,valid/fake/4O36Q31VP1.jpg,28397,97420561d2e933ea67406644de17cadc,5a6829e52564f6c6
validation_fake_4QYA77YDA8.jpg,fake,validation,validation,valid/fake/4QYA77YDA8.jpg,28222,68f257cc259673fc5b488dd44857b235,09bd34f27011f38b
validation_fake_4YOY311PHX.jpg,fake,validation,validation,valid/fake/4YOY311PHX.jpg,30162,d815d7c05c314bf91ecf1ab13369ed79,61d26e9070379b8e
validation_fake_4YSN40RJUV.jpg,fake,validation,validation,valid/fake/4YSN40RJUV.jpg,27124,8d0f7756d3a898441f035731e54e0bd4,1a2c69e4e4ecc2da
validation_fake_56RA9T91DU.jpg,fake,validation,validation,valid/fake/56RA9T91DU.jpg,23138,94e6f916081bc635af8b49beb12e6f18,4e7538f37c00c0de
validation_fake_58ZBHO68U7.jpg,fake,validation,validation,valid/fake/58ZBHO68U7.jpg,24314,31aa8e38959b61ef90ba2f9177c1a062,2dd007f0639ee09e
validation_fake_59DTALNN12.jpg,fake,validation,validation,valid/fake/59DTALNN12.jpg,26434,eb052ca03664e9def574e266df8fbb30,1af561931713929b
validation_fake_5BID2VVNAD.jpg,fake,validation,validation,valid/fake/5BID2VVNAD.jpg,27785,505843cb917d118594fe5f299defa40b,5a25a197478d668d
validation_fake_5G4T0IGY7G.jpg,fake,validation,validation,valid/fake/5G4T0IGY7G.jpg,26411,6f6096cd7eeb4c23c156600a1fa83c88,1e2d74d4982b49d6
validation_fake_5IUPNS5QNZ.jpg,fake,validation,validation,valid/fake/5IUPNS5QNZ.jpg,31149,21fac0506309162341a0437bef9cf3c0,4ee5b0b2a383878e
validation_fake_5LMBJA95VL.jpg,fake,validation,validation,valid/fake/5LMBJA95VL.jpg,33530,ea85f254e7c84c1204b02ee04bdc2eb8,2dbd7cf430cc82c8
validation_fake_5MWBEO8GOK.jpg,fake,validation,validation,valid/fake/5MWBEO8GOK.jpg,29092,1f6317b383fc7bdcfc4afb68a49da45e,4bbd6430707172da
validation_fake_5NJRQ3GESC.jpg,fake,validation,validation,valid/fake/5NJRQ3GESC.jpg,26143,c03e79de06c3cf4d63d9846f97771e10,7ae8a1c7a786868a
validation_fake_5OVKYLNTYM.jpg,fake,validation,validation,valid/fake/5OVKYLNTYM.jpg,29046,8a53fa83eb3ce18bda639efb9eddf295,5e6138979ac8d48d
validation_fake_5RL323RHDX.jpg,fake,validation,validation,valid/fake/5RL323RHDX.jpg,36092,9bb37508ad67064f41cebab22a3bc260,4f1c2032373b87cd
validation_fake_5SWGCGK0PM.jpg,fake,validation,validation,valid/fake/5SWGCGK0PM.jpg,31940,1bcae21e5f56ae3f583329dafb3dd227,3565b087825fca9c
validation_fake_5U03RNILX7.jpg,fake,validation,validation,valid/fake/5U03RNILX7.jpg,23681,51a99c9dd0b592286253263c4d25ca46,2dc294d20bb46b9e
validation_fake_5UGZFU4GH6.jpg,fake,validation,validation,valid/fake/5UGZFU4GH6.jpg,20325,c3a31bcff8d03b53e0d0d3ae1419bfa7,396ce0e036f29393
validation_fake_5XNPK8O9FN.jpg,fake,validation,validation,valid/fake/5XNPK8O9FN.jpg,23573,e87c77df946aa2d22522a871bb56e434,788ee1e6874a869a
validation_fake_5ZOBVC2ET4.jpg,fake,validation,validation,valid/fake/5ZOBVC2ET4.jpg,30221,32fec0d2826ebc0ebe4cd0229b90fbb3,4fb134322269c7ce
validation_fake_60VGJRQ56L.jpg,fake,validation,validation,valid/fake/60VGJRQ56L.jpg,33404,545dadf5d7b24ef9ac816bee75ae5356,4b3c6db0752907c9
validation_fake_63IBJFE15U.jpg,fake,validation,validation,valid/fake/63IBJFE15U.jpg,27889,88abfb0b1bd914fbe1cdb0921eca9282,0bb534a223aad3da
validation_fake_6600CFF6BB.jpg,fake,validation,validation,valid/fake/6600CFF6BB.jpg,35479,02a9db17ae64219538a8e62bcb4fea27,4b1f207477ab828b
validation_fake_682WBITFUG.jpg,fake,validation,validation,valid/fake/682WBITFUG.jpg,23729,8c1da9944a679503b839c4d190bd9d55,1e6469b6941a46ed
validation_fake_6C1EQEJ8OU.jpg,fake,validation,validation,valid/fake/6C1EQEJ8OU.jpg,25673,4536197360c41b86d2910893215d838c,530f7c60702992df
validation_fake_6DUI2Q33SS.jpg,fake,validation,validation,valid/fake/6DUI2Q33SS.jpg,33400,3b3d5b5cbb14d375e814049a6d8364f3,5fda69f32121418b
validation_fake_6EE4OQ5WUR.jpg,fake,validation,validation,valid/fake/6EE4OQ5WUR.jpg,26029,d6dfed701efd866ee6bb70e635159dbc,5c7ee3016ce0dc8a
validation_fake_6IZ4PZ18KY.jpg,fake,validation,validation,valid/fake/6IZ4PZ18KY.jpg,30337,e5852cafccbd626ed62ff6f163ef7e1b,1e7d297521569694
validation_fake_6NUBQ87JFZ.jpg,fake,validation,validation,valid/fake/6NUBQ87JFZ.jpg,31641,ccfb1a3a7d4d98e875c2577eb4be275d,0fd0285726e6d68d
validation_fake_6OGQJYF77C.jpg,fake,validation,validation,valid/fake/6OGQJYF77C.jpg,30059,4627289343b1b7d68c22e4c2b165137a,0ae971a7250f86ce
validation_fake_6P0BEGUS7I.jpg,fake,validation,validation,valid/fake/6P0BEGUS7I.jpg,29833,31bb512634f2cef1a5fcc9cae7774c50,6a03a09576dbda8a
validation_fake_6VQJGXIKSV.jpg,fake,validation,validation,valid/fake/6VQJGXIKSV.jpg,33609,8f5e59dad7bc3b6238c0c77277c5b4fa,5ee92027743896dc
validation_fake_6YU0JJKKYI.jpg,fake,validation,validation,valid/fake/6YU0JJKKYI.jpg,26013,68706939943fd6f128c523e5b98f8685,5a082263257fd69d
validation_fake_727SCPSKX6.jpg,fake,validation,validation,valid/fake/727SCPSKX6.jpg,25633,3e41dc16ee64eaa5968195f13ce0a4bc,0f353193c56ca6d2
validation_fake_72Z9QIMQXT.jpg,fake,validation,validation,valid/fake/72Z9QIMQXT.jpg,25012,f78cdd6b1830ee5a8f46cc637bb1364f,0e413853bf48dd8e
validation_fake_788QE0G6ZB.jpg,fake,validation,validation,valid/fake/788QE0G6ZB.jpg,22338,7f79cc7f489e6fc351d786debb930b4e,6a7a25a1a1c9c58f
validation_fake_7CZML33L6F.jpg,fake,validation,validation,valid/fake/7CZML33L6F.jpg,30618,d7a532fb04cac1dfaedc7854b1761bcf,1f6b712324d4879a
validation_fake_7FPKIJHFKE.jpg,fake,validation,validation,valid/fake/7FPKIJHFKE.jpg,26582,5456908e5583b4983bf31b02b79ab8e0,003f74f2b0d9cb89
validation_fake_7HBG4FN3S7.jpg,fake,validation,validation,valid/fake/7HBG4FN3S7.jpg,27832,c5cc04586527616e531b114931c6ed76,786a29a6a176a39a
validation_fake_7HYR58NQIW.jpg,fake,validation,validation,valid/fake/7HYR58NQIW.jpg,21888,b84e72a4c08be2d57e75a92254018d00,4e2129979d6a279a
validation_fake_7IZFSENBSR.jpg,fake,validation,validation,valid/fake/7IZFSENBSR.jpg,29272,5dad7921c49708ccbc85efbbd0745d9a,4b3e24f8907c87cc
validation_fake_7KKVM2O5KG.jpg,fake,validation,validation,valid/fake/7KKVM2O5KG.jpg,31023,ee404c1eae3319bed1fb0efdb937b6bd,7a2d70b09395cbc8
validation_fake_7QWEGBCVAN.jpg,fake,validation,validation,valid/fake/7QWEGBCVAN.jpg,32949,e918d7bed463c1d2241c3178d3c6a9ef,6ae069b50fdc9298
validation_fake_7RBDZAXZTS.jpg,fake,validation,validation,valid/fake/7RBDZAXZTS.jpg,27225,618e6e171c03b12a9ea0f55608fde87e,4f3428337359c3cc
validation_fake_7SLU77C8BW.jpg,fake,validation,validation,valid/fake/7SLU77C8BW.jpg,25730,97eae200a1727c99b46f34af4f86735a,1e686187175ada8d
validation_fake_7VRQK78MQZ.jpg,fake,validation,validation,valid/fake/7VRQK78MQZ.jpg,32498,0102689ea3b8503c66ab3589a0501b12,093656b37111cacf
validation_fake_7Y6U8NHUZT.jpg,fake,validation,validation,valid/fake/7Y6U8NHUZT.jpg,34052,eabca989ddb0cadb1e369adf3d704f63,1eea63a76465c688
validation_fake_82D9HUR2PC.jpg,fake,validation,validation,valid/fake/82D9HUR2PC.jpg,28503,3a832e900604025f395d5f6ce0c1116e,2e61a527a696869e
validation_fake_84WRQ6G3UJ.jpg,fake,validation,validation,valid/fake/84WRQ6G3UJ.jpg,30073,427c3381b8061090f63372bc0d79b93a,4a28757233dd81ad
validation_fake_85JPAITQ4X.jpg,fake,validation,validation,valid/fake/85JPAITQ4X.jpg,34228,edcdd58f8417b8fef9c8447d102a40da,42722df2748bcac9
validation_fake_88O6A8MQAD.jpg,fake,validation,validation,valid/fake/88O6A8MQAD.jpg,25992,6a9633bb6a2781815f0fdfe30e202421,2fb4f0d2c089c58f
validation_fake_8CPMJBL3KI.jpg,fake,validation,validation,valid/fake/8CPMJBL3KI.jpg,26919,4793710c40e687796839f2b1c58d2430,0aa53ca6849eded8
validation_fake_8DJQLYC3BW.jpg,fake,validation,validation,valid/fake/8DJQLYC3BW.jpg,25719,c2dbadc496c20932c6eb7dd0671a89f4,6aa32987855e878d
validation_fake_8E81CFU3K2.jpg,fake,validation,validation,valid/fake/8E81CFU3K2.jpg,29359,b2e94361fe2474c3b8bc436da48f4eb7,493f343b710966cc
validation_fake_8M9C2O0A73.jpg,fake,validation,validation,valid/fake/8M9C2O0A73.jpg,28668,f82020fd1ca3e920d126522c0e04cf41,5a782170a76396ce
validation_fake_8SIMWCSE5O.jpg,fake,validation,validation,valid/fake/8SIMWCSE5O.jpg,27562,d5a713e3b3a6cfec83161259d208c1ac,6a971da16c6516ca
validation_fake_8TVI0OI8S0.jpg,fake,validation,validation,valid/fake/8TVI0OI8S0.jpg,30546,72aa8798f05c0c4293ef831ea5f21120,4f717a327331d20c
validation_fake_8V7JZBZPDI.jpg,fake,validation,validation,valid/fake/8V7JZBZPDI.jpg,26866,1c9602efb1559b4b5d2e854eb1754c88,1fb474e2628383cb
validation_fake_8XQL4S2MOV.jpg,fake,validation,validation,valid/fake/8XQL4S2MOV.jpg,22193,a1b54af227bdb95ae0b95fc1f995ec0a,2dfe7490e293c388
validation_fake_8Z71IR0HIJ.jpg,fake,validation,validation,valid/fake/8Z71IR0HIJ.jpg,30211,b1cf5487a026aaffa1481f62e7ee7e8d,2fb474f2e0938389
validation_fake_8ZED70NVEV.jpg,fake,validation,validation,valid/fake/8ZED70NVEV.jpg,32439,fac46f49bbb1cd63f0b2372d2617e586,1e276827751eca89
validation_fake_90M02XLD5T.jpg,fake,validation,validation,valid/fake/90M02XLD5T.jpg,29181,316a84bcf13d202304ca04441801a4fa,0bbc3c7272a3a38a
validation_fake_92E3FDMS9T.jpg,fake,validation,validation,valid/fake/92E3FDMS9T.jpg,24853,482448c23785d544296e7dab19fefe10,3ee027e02794c39e
validation_fake_94U2A4VQS7.jpg,fake,validation,validation,valid/fake/94U2A4VQS7.jpg,26466,e766767334f1191bd44e1c169732af7b,308ec3b4c2969eda
validation_fake_95R49Q7XMX.jpg,fake,validation,validation,valid/fake/95R49Q7XMX.jpg,28148,256d41956a6903e296a82604a15bb647,4fbc3cb070d1c2ca
validation_fake_99XXMDGDOF.jpg,fake,validation,validation,valid/fake/99XXMDGDOF.jpg,27183,6574da7a2feb5ba956a517f828e45554,2d3d5202b5ad86ce
validation_fake_9AJBR0YIFD.jpg,fake,validation,validation,valid/fake/9AJBR0YIFD.jpg,25538,2ef513fc7ba6975b9535798625f280c8,7a2865a165ad968e
validation_fake_9OAY1UY37M.jpg,fake,validation,validation,valid/fake/9OAY1UY37M.jpg,30183,f3938d8c05e0ca6d1d1617275cc2b0e8,79f863a0672d82c3
validation_fake_9VPG0G3UZH.jpg,fake,validation,validation,valid/fake/9VPG0G3UZH.jpg,31163,92307d89b7e9b282579c64057cdee348,07a93e20756a83de
validation_fake_AEZ52TCVEA.jpg,fake,validation,validation,valid/fake/AEZ52TCVEA.jpg,23867,885a1a3b8903b716aa0a1e4eab8044b5,70d647552ca9968b
validation_fake_AJS2DQUVXK.jpg,fake,validation,validation,valid/fake/AJS2DQUVXK.jpg,30817,227cf5341404f7e58e9a6508850f3c5f,4d0d21bde174829f
validation_fake_APKC1J3RDM.jpg,fake,validation,validation,valid/fake/APKC1J3RDM.jpg,27226,19596a0409842a6af4cacb6cb52f9c9e,3d5a6181d6f8065d
validation_fake_ATVWF4YFML.jpg,fake,validation,validation,valid/fake/ATVWF4YFML.jpg,27884,5137a46dbf55090d01be53aec6f48748,63fe0fc0f164628c
validation_fake_AY9SAQUT8O.jpg,fake,validation,validation,valid/fake/AY9SAQUT8O.jpg,30755,8e9113a8a4cf22911623143724fa88e5,38aba1e180e3a3d7
validation_fake_B0H750NN3L.jpg,fake,validation,validation,valid/fake/B0H750NN3L.jpg,29739,a0eb3d4c08fee805146979c08b5c6a00,2f097e96317027d8
validation_fake_B1MWKEKMJJ.jpg,fake,validation,validation,valid/fake/B1MWKEKMJJ.jpg,28602,3619af59231f7a20b6a420e4081f5502,38fda8e1a02761f2
validation_fake_B48DVI83YU.jpg,fake,validation,validation,valid/fake/B48DVI83YU.jpg,25500,1c6fe37a48a5f7ef24978a52332eaa1a,6dad74a07283978a
validation_fake_B5DMWVQUIJ.jpg,fake,validation,validation,valid/fake/B5DMWVQUIJ.jpg,24195,14c0da609d2410ebd9a00600d551f261,1d286413e239c3df
validation_fake_BAN6QWFYIP.jpg,fake,validation,validation,valid/fake/BAN6QWFYIP.jpg,29300,8539af9d65ef5f96ca2597a4da210caa,6ae16d87e49cc298
validation_fake_BEGNTKKXSZ.jpg,fake,validation,validation,valid/fake/BEGNTKKXSZ.jpg,28331,ae9bd2266676942ffe494b2a4063dece,5c3aa114a65f8cdc
validation_fake_BFGVERLT1P.jpg,fake,validation,validation,valid/fake/BFGVERLT1P.jpg,26817,bd003ac73277940c60b07c4ec81addad,1a6d2165a74ec2ce
validation_fake_BGFFVY6Y33.jpg,fake,validation,validation,valid/fake/BGFFVY6Y33.jpg,25091,b767aeccd407f1ff100931d7fe9ab8cc,099f307f7038e2d8
validation_fake_BHUY42IEYW.jpg,fake,validation,validation,valid/fake/BHUY42IEYW.jpg,26191,ee0b7d957d9cb89a6e7377ee66788e70,4f3065e2469cd69a
validation_fake_BJKB8TPZDW.jpg,fake,validation,validation,valid/fake/BJKB8TPZDW.jpg,28957,05bffff7cf9a1d7edb230f5a353f6cf8,7aa587a2b488dad8
validation_fake_BJNY0WOMG9.jpg,fake,validation,validation,valid/fake/BJNY0WOMG9.jpg,31978,082c883b38211a770b6532ab11574d43,1ee478b3335a019d
validation_fake_BKJLE1B7Y8.jpg,fake,validation,validation,valid/fake/BKJLE1B7Y8.jpg,23597,5d13064f0aebe9ef3b1dc2f65da48756,38c556a11ee916cb
validation_fake_BKZA94BM4V.jpg,fake,validation,validation,valid/fake/BKZA94BM4V.jpg,29858,a68c213ecc88fa5ff1896c3c7788890c,5ee161a72761828f
validation_fake_BLFS102U8H.jpg,fake,validation,validation,valid/fake/BLFS102U8H.jpg,31835,8e7c3ef73f41f583890f69e678859901,0f793e217227489b
validation_fake_BLYO4P9HXV.jpg,fake,validation,validation,valid/fake/BLYO4P9HXV.jpg,36683,10554a05d2242ff302085a0da90dea8f,0a35e0f2c27de2d4
validation_fake_BMWSIZB0LH.jpg,fake,validation,validation,valid/fake/BMWSIZB0LH.jpg,28090,8bea1392d93eff9ed437c27d9412e3f0,1f5060c6467c1fd3
validation_fake_BNQLGLOE7V.jpg,fake,validation,validation,valid/fake/BNQLGLOE7V.jpg,32654,345cfc6d0e6bb9444f3fe539ef3cf503,1dd6686321792799
validation_fake_BPHLWN5HWA.jpg,fake,validation,validation,valid/fake/BPHLWN5HWA.jpg,34320,691568ae04fd5eff998743eaa39cc4ce,4ff938a02021d3df
validation_fake_BPI23JCPS2.jpg,fake,validation,validation,valid/fake/BPI23JCPS2.jpg,35023,568e1c72941b7dfed8b63ea1ad71f895,1bb46c2370398acf
validation_fake_BSZASDC4VK.jpg,fake,validation,validation,valid/fake/BSZASDC4VK.jpg,30148,477c7b77d53ad3da7453970af650c968,683aa5b472b6c6c2
validation_fake_BWYPWSP7FY.jpg,fake,validation,validation,valid/fake/BWYPWSP7FY.jpg,25197,7c0ae9e0cf1e367ebc4b025206b6ecc6,6bea61a5602f07d8
validation_fake_BXZV51JAHD.jpg,fake,validation,validation,valid/fake/BXZV51JAHD.jpg,26297,9f6abd6e5569e73f31a738ebeef01692,4ae5b5929349e68c
validation_fake_BZ4JVP5Y3X.jpg,fake,validation,validation,valid/fake/BZ4JVP5Y3X.jpg,23437,ed327aa34ecbf644a72e40bcbe6bcadd,4aa878d31b0dbd8c
validation_fake_C1VDDIEZR8.jpg,fake,validation,validation,valid/fake/C1VDDIEZR8.jpg,31552,b2f7c392ce8bafd389713e5db2fc1557,5b8d2d7e342822da
validation_fake_C62GZ2BFTI.jpg,fake,validation,validation,valid/fake/C62GZ2BFTI.jpg,33695,c34084dd93b47a7a7349339d45f85e4d,422bb89278bc6f98
validation_fake_C6CJSRFX6S.jpg,fake,validation,validation,valid/fake/C6CJSRFX6S.jpg,36176,b03169333c335acd18dbaac7444292ac,4fdb34a26202c3dd
validation_fake_C6EOC8O11V.jpg,fake,validation,validation,valid/fake/C6EOC8O11V.jpg,32579,b11ed6cf4476cdacc2dd50ab1820fd81,3f2870b7a06ad2d2
validation_fake_C8QW8A0LYF.jpg,fake,validation,validation,valid/fake/C8QW8A0LYF.jpg,37452,cdf682da428b0fabcd0609f03c2dafc7,218ffaf05be0c289
validation_fake_CC5TI7Q3TN.jpg,fake,validation,validation,valid/fake/CC5TI7Q3TN.jpg,24676,9bb624f0d576c494558c4b15d8ef2b06,5f6f2080af0e4a97
validation_fake_CDI3W3SLT6.jpg,fake,validation,validation,valid/fake/CDI3W3SLT6.jpg,25591,6d8b5e671eab370de7e5d069a1d037de,3f2f70b070b0d29c
validation_fake_CDY8TV0PBB.jpg,fake,validation,validation,valid/fake/CDY8TV0PBB.jpg,24263,517f1d2b00f1e5460ff3d8ccb391e691,381865a564e5de99
validation_fake_CEK1IPJQEO.jpg,fake,validation,validation,valid/fake/CEK1IPJQEO.jpg,28673,35951fd6ce8328642d8c25da28050814,4d382db1e28bcd8c
validation_fake_CEUTX1KX3Z.jpg,fake,validation,validation,valid/fake/CEUTX1KX3Z.jpg,24707,e79997946d6e94eb3d804230816962b8,493d3c727050f38b
validation_fake_CMXGYVJV0R.jpg,fake,validation,validation,valid/fake/CMXGYVJV0R.jpg,27570,85edabbe43db2f6c50e364bd3235f7d3,5e60fbe0252e928d
validation_fake_CNSIPJ2Q3C.jpg,fake,validation,validation,valid/fake/CNSIPJ2Q3C.jpg,36878,cdfa8876c4f8b7b5f38c1b73e3355a3d,498a2bff0174bb88
validation_fake_CPXGO8VMAQ.jpg,fake,validation,validation,valid/fake/CPXGO8VMAQ.jpg,27646,08af12a16a5e4798afe98601f2e83916,3dd8a8e0217463de
validation_fake_CXXL4WE5C7.jpg,fake,validation,validation,valid/fake/CXXL4WE5C7.jpg,28678,5e5906ad162fe1ea7478e2804141eba1,2d0f307031b2d2df
validation_fake_CYJDDH61UZ.jpg,fake,validation,validation,valid/fake/CYJDDH61UZ.jpg,29914,b678b0c806cca84cd079256a954062e8,0e29a1b7f6528ad8
validation_fake_CZ2W18WDC7.jpg,fake,validation,validation,valid/fake/CZ2W18WDC7.jpg,27658,7fd01a8637c516721fed0a404e1d876d,5ef029a2256ca39e
validation_fake_D6P895HJ9Z.jpg,fake,validation,validation,valid/fake/D6P895HJ9Z.jpg,29829,9ea49b3833b1126a47833dec8a662cfe,0b3d757525058787
validation_fake_DCJ6BJ3NE4.jpg,fake,validation,validation,valid/fake/DCJ6BJ3NE4.jpg,24293,b08208fa806c243059ab5e17938a680c,2d6b34f032f0c3d2
validation_fake_DEKRL07VXT.jpg,fake,validation,validation,valid/fake/DEKRL07VXT.jpg,26788,64c62ef2300f12837737e62f8ca3ad96,1e1e6160257dd68b
validation_fake_DI3H322UNS.jpg,fake,validation,validation,valid/fake/DI3H322UNS.jpg,33020,037a56fa180870de976a3f16909489c8,4b3e7c2271059bca
validation_fake_DJR0IRMMW2.jpg,fake,validation,validation,valid/fake/DJR0IRMMW2.jpg,27547,d730ceab9b8dd41bd904f551ea81afcd,5e706021656dc3cf
validation_fake_DLRZMG1RTO.jpg,fake,validation,validation,valid/fake/DLRZMG1RTO.jpg,24652,afb83a4f39ed23a2290208aa760b3bca,2f58472203f88fda
validation_fake_DLXHYSTO84.jpg,fake,validation,validation,valid/fake/DLXHYSTO84.jpg,22923,d54181c33f0c103f87627163d0febc8c,1a4db467b0558b96
validation_fake_DMOUMNRVQT.jpg,fake,validation,validation,valid/fake/DMOUMNRVQT.jpg,30550,30d94055891bdab55bbcffd57d7cb4d2,02aa2a6515fcf8d5
validation_fake_DN61U06NLI.jpg,fake,validation,validation,valid/fake/DN61U06NLI.jpg,38133,d0f3bc924ce24c10c9ece5db3653117b,2dbb2087951e878e
validation_fake_DNCJRFYISK.jpg,fake,validation,validation,valid/fake/DNCJRFYISK.jpg,29172,88b526de12e8035ae6739a891a135774,58e921a7a546c697
validation_fake_DPGD2NE6T1.jpg,fake,validation,validation,valid/fake/DPGD2NE6T1.jpg,24902,e6c51a86d7ceeb23744b401d1448b7f8,2dedd0f04396d892
validation_fake_DPQC1717VX.jpg,fake,validation,validation,valid/fake/DPQC1717VX.jpg,31548,2007bc50fe2c2d0651ae3d5731db2369,1cd219a37168678f
validation_fake_DTO4HPL131.jpg,fake,validation,validation,valid/fake/DTO4HPL131.jpg,25191,e837f4274f3450150e9b2f69777135ae,0ff678f26020e38b
validation_fake_DXO53RD9PT.jpg,fake,validation,validation,valid/fake/DXO53RD9PT.jpg,27500,a60a42281d1b4e490ab0d1ca96500cfc,1ea51a4b354b46cb
validation_fake_E1RH7JN5LK.jpg,fake,validation,validation,valid/fake/E1RH7JN5LK.jpg,26585,ff8223e042f3c5d362fc75347912368c,0b346576e25cca9c
validation_fake_E33N7WFP9O.jpg,fake,validation,validation,valid/fake/E33N7WFP9O.jpg,27739,c288e0ddc0413f239e7164f13f43a6fc,4b153c3a7609d2dc
validation_fake_E394CXPXWQ.jpg,fake,validation,validation,valid/fake/E394CXPXWQ.jpg,25475,b8898237d712e66791f3d6d0b46286b0,5e28e1b53472a38b
validation_fake_E7W42G98UE.jpg,fake,validation,validation,valid/fake/E7W42G98UE.jpg,29369,7205c73b7889cb65fbe81857bec54b6b,4bd770f23309c38c
validation_fake_E8YH7SRCZG.jpg,fake,validation,validation,valid/fake/E8YH7SRCZG.jpg,33648,fe39e146fc20295b41e8d3604c3010ed,5d8264cb6721d38b
validation_fake_E9AJBOZNBE.jpg,fake,validation,validation,valid/fake/E9AJBOZNBE.jpg,21270,8c9058e65142e929611713c257b950e1,2d59b2f0317283da
validation_fake_EBPQ01ZWJ6.jpg,fake,validation,validation,valid/fake/EBPQ01ZWJ6.jpg,44280,3c2ea07932d0ffe4ecded22d781fa109,16b58fca6c782256
validation_fake_ECF3F15PJJ.jpg,fake,validation,validation,valid/fake/ECF3F15PJJ.jpg,40901,79ad689fc253f6a14999a8ad4247356e,255a92d28e3c5ea6
validation_fake_ED5MEK1BL1.jpg,fake,validation,validation,valid/fake/ED5MEK1BL1.jpg,33591,a577fdd2cf6947587eb655262d3e65ad,4fa930b33123939d
validation_fake_EDQTIV3N29.jpg,fake,validation,validation,valid/fake/EDQTIV3N29.jpg,24828,c38a9ed25eb2beeef5f310f2085a1b8d,2bf53492f0b9ca88
validation_fake_EG92180X18.jpg,fake,validation,validation,valid/fake/EG92180X18.jpg,26420,904c0056c07e540e7c23abb94c82a384,1ed469e12592e29b
validation_fake_EIFR34FEPL.jpg,fake,validation,validation,valid/fake/EIFR34FEPL.jpg,33306,7ab538d25a0b9c3684dd24826edfe220,3a8561d2566873da
validation_fake_EJLKQZ35HI.jpg,fake,validation,validation,valid/fake/EJLKQZ35HI.jpg,35825,baaf1550a88a66edf7ac8fc1a411779c,0fa06ca7745cc68e
validation_fake_EM62LL9GGQ.jpg,fake,validation,validation,valid/fake/EM62LL9GGQ.jpg,24067,b7968d859c7e81dc7d997612c8cd6ade,5ae87921252587d7
validation_fake_EN076YWCGQ.jpg,fake,validation,validation,valid/fake/EN076YWCGQ.jpg,23578,abc6ccd2eb10303fb3d8b9b58dcc988b,5f2e70f27019c3c1
validation_fake_ENALC7C59K.jpg,fake,validation,validation,valid/fake/ENALC7C59K.jpg,24774,b03386a3631a534b7f2f7cd80064ac8e,1bfe6023267de282
validation_fake_EPYF7FZVXR.jpg,fake,validation,validation,valid/fake/EPYF7FZVXR.jpg,28186,64bca4d7ee6c3156f01e929a27970c07,0d0974b7731cdac8
validation_fake_EUUI2RU60A.jpg,fake,validation,validation,valid/fake/EUUI2RU60A.jpg,31080,d2c5c35c9e5470290cdee707fd956485,0bac4962743376da
validation_fake_EWS8MT7K2C.jpg,fake,validation,validation,valid/fake/EWS8MT7K2C.jpg,28005,7e8d1664008e9c32a061fff82df95c01,5a2a29e521ce8e8f
validation_fake_F00193KQAN.jpg,fake,validation,validation,valid/fake/F00193KQAN.jpg,25579,08b9c2596d8f35b93be3fc3d9732f1bd,3e0d60e763c0939b
validation_fake_F632P2R66T.jpg,fake,validation,validation,valid/fake/F632P2R66T.jpg,35167,2c5b9645e46e6b7629ecaf3f3171ede2,093a355232e9e2de
validation_fake_F964P7637T.jpg,fake,validation,validation,valid/fake/F964P7637T.jpg,28872,e0a6c36743392f3c4e0e950d7d50e4aa,21dec12f6855e689
validation_fake_FDN7LLIQRS.jpg,fake,validation,validation,valid/fake/FDN7LLIQRS.jpg,27539,76128560e8556d4d99de22a08e3d757f,546a238735aa9ccd
validation_fake_FE8MADDYJY.jpg,fake,validation,validation,valid/fake/FE8MADDYJY.jpg,27297,86d88be67d1dbc65029036a6413223ad,092f75302755529f
validation_fake_FJDFWM47CH.jpg,fake,validation,validation,valid/fake/FJDFWM47CH.jpg,43443,2e44d50d13030db8a0c48a4149859210,0a7aa13fe0a9968b
validation_fake_FLIRDWI15W.jpg,fake,validation,validation,valid/fake/FLIRDWI15W.jpg,25516,d93aba8c309007aebc198b4419036b53,1c6f6162a550979b
validation_fake_FLUWGOEOT2.jpg,fake,validation,validation,valid/fake/FLUWGOEOT2.jpg,33364,629fd65c9c58518800bfc047a22bf79b,587e70a6275ed680
validation_fake_FN2BZ1MMLP.jpg,fake,validation,validation,valid/fake/FN2BZ1MMLP.jpg,38601,1455c26d218e0f648ec1481fad4edee1,1e6f6174847a82d9
validation_fake_FN99BJFFGF.jpg,fake,validation,validation,valid/fake/FN99BJFFGF.jpg,31606,7eac76b6efa25981ad337cce34ac1620,0ee77892338922dd
validation_fake_FQ8I1GGHXK.jpg,fake,validation,validation,valid/fake/FQ8I1GGHXK.jpg,28854,5bda10fa6243d321a05ffd121832acf0,4e6128373133d39e
validation_fake_FQUC7ZA97G.jpg,fake,validation,validation,valid/fake/FQUC7ZA97G.jpg,29658,bbb8607ed48bf507179aa633854b3eae,5efda4a2a50a85d8
validation_fake_FV8RW4UDL2.jpg,fake,validation,validation,valid/fake/FV8RW4UDL2.jpg,25644,6e99508b098c13bbbabb30382f0cd8f4,39bff4d0a2a09293
validation_fake_FX19Y3MVQ1.jpg,fake,validation,validation,valid/fake/FX19Y3MVQ1.jpg,26248,fcc5645e4f941f84b94b7acab510fe94,78e841a1a565a7c7
validation_fake_G29HSGB2GB.jpg,fake,validation,validation,valid/fake/G29HSGB2GB.jpg,25361,5fd03956b02944c79af7eaadd142bea1,036ba8afc0ad9e92
validation_fake_G8HH0CS3OQ.jpg,fake,validation,validation,valid/fake/G8HH0CS3OQ.jpg,32762,097d7b0c34e401a714c08e22b26f9242,28a053e1776b839e
validation_fake_G9MDR3XKDK.jpg,fake,validation,validation,valid/fake/G9MDR3XKDK.jpg,21059,4e1b28a52003d9d8419e2183897b1a04,4f2c7032b5499dca
validation_fake_G9P6Z1QRZ0.jpg,fake,validation,validation,valid/fake/G9P6Z1QRZ0.jpg,24157,60b164847bedfd5e9a9734063ebd9ccd,757a6827e672068a
validation_fake_GE3T6KZRRM.jpg,fake,validation,validation,valid/fake/GE3T6KZRRM.jpg,32803,173a209835acfc0a3785fa2fbf2da15f,57cdd0de83344bc0
validation_fake_GFHEFH5GKO.jpg,fake,validation,validation,valid/fake/GFHEFH5GKO.jpg,27579,5600558e2440ae690f548caaf5189909,52246f70207bd68f
validation_fake_GPAID28K9P.jpg,fake,validation,validation,valid/fake/GPAID28K9P.jpg,22858,9578c53e3525801d806eaf357880113a,435f6c12b442bfd0
validation_fake_GR9O5I5HYK.jpg,fake,validation,validation,valid/fake/GR9O5I5HYK.jpg,32895,0bbc01e949126dcac2d7322aec14a2f2,789b959852c5b28e
validation_fake_GTYC9MIY5U.jpg,fake,validation,validation,valid/fake/GTYC9MIY5U.jpg,28518,190c06629f8c8046e8ece4c212359966,4f3c25d2c21d8ef0
validation_fake_GX6KL6FJZI.jpg,fake,validation,validation,valid/fake/GX6KL6FJZI.jpg,29476,b4697cbd3a15b6a4a3780212f9a14608,0bd43c827503ef8e
validation_fake_GZVBSA0Z04.jpg,fake,validation,validation,valid/fake/GZVBSA0Z04.jpg,24782,f7ce5836e06b2fc9c1b81cb504b5fe81,0b7cbc53b0b1c0ce
validation_fake_H52HGPP5NC.jpg,fake,validation,validation,valid/fake/H52HGPP5NC.jpg,30251,3787094b353f884aed300358e1e55fcd,4b2e6d30703183df
validation_fake_HATBIMXD0P.jpg,fake,validation,validation,valid/fake/HATBIMXD0P.jpg,26834,55b730afa89fd8584338b251b7db0908,0d4fb44fb20fca84
validation_fake_HFO4BIUNE9.jpg,fake,validation,validation,valid/fake/HFO4BIUNE9.jpg,25011,945c18fc8a08296806468d609dde7147,4b7c2972213dc2ce
validation_fake_HK1NPI4DU7.jpg,fake,validation,validation,valid/fake/HK1NPI4DU7.jpg,32434,809515974d0199c77d9b9ab9b54b7cff,15175ee8606de49c
validation_fake_HNDKUAWCGH.jpg,fake,validation,validation,valid/fake/HNDKUAWCGH.jpg,20860,4b3d0192cb6fb421aa14094a03e416d3,683c65247627939b
validation_fake_HR0SYDU44Z.jpg,fake,validation,validation,valid/fake/HR0SYDU44Z.jpg,33584,0b01a7664afbe184b442de149557902c,0e2e75623770c396
validation_fake_HUF0JYUOPD.jpg,fake,validation,validation,valid/fake/HUF0JYUOPD.jpg,26585,47fbaf904232932fd94fa35277c7b38b,0b363cc7d03d3836
validation_fake_I20XDX8EL0.jpg,fake,validation,validation,valid/fake/I20XDX8EL0.jpg,29668,102432625e86394a45638b30a0d8e4ba,054f70347935e3d2
validation_fake_I2S969I51H.jpg,fake,validation,validation,valid/fake/I2S969I51H.jpg,21068,3b1ffbbd3e91a8a38e366538df1a90c6,497e2cb66039338b
validation_fake_I3N35VN5W5.jpg,fake,validation,validation,valid/fake/I3N35VN5W5.jpg,27140,f28d17a8ecebe6a380296b8c019e51e3,6a6da587de888a8a
validation_fake_I50L78K8DQ.jpg,fake,validation,validation,valid/fake/I50L78K8DQ.jpg,29185,2281f394e880a9d0f10112fa10b35965,03282aa7753f86d6
validation_fake_I6LEE2VFS6.jpg,fake,validation,validation,valid/fake/I6LEE2VFS6.jpg,33035,d1ceb01981e069bbdb509337cb1dc5aa,3e4825e1245ed69b
validation_fake_I7NPQ8KE3D.jpg,fake,validation,validation,valid/fake/I7NPQ8KE3D.jpg,26255,020ad39288dc094631c6f77c35031578,78e825a5a754869e
validation_fake_I9BSXQXLUF.jpg,fake,validation,validation,valid/fake/I9BSXQXLUF.jpg,29808,50d6f80f313d4b86c343a44b4c8ee424,5c6168a727568e8e
validation_fake_IDFIC7LCYN.jpg,fake,validation,validation,valid/fake/IDFIC7LCYN.jpg,28632,57a52f79b80ae6e26d2a838f296360bf,1ae92187665a72d9
validation_fake_IE2TW88T2U.jpg,fake,validation,validation,valid/fake/IE2TW88T2U.jpg,28538,073944fa1b44f59abd8a26aa0a90df95,5a2f60f172e197c0
validation_fake_IH3AU4WD2Z.jpg,fake,validation,validation,valid/fake/IH3AU4WD2Z.jpg,24715,4c011c0d9f4e270c2c05d27824a965b5,4b323cf3780d90ce
validation_fake_IIMBXMJ5HF.jpg,fake,validation,validation,valid/fake/IIMBXMJ5HF.jpg,33846,2e86ca78f8dd5f870876834c4ce8c9cc,6db0e487969e9498
validation_fake_IK7QAZZMGR.jpg,fake,validation,validation,valid/fake/IK7QAZZMGR.jpg,32901,2d56bf386f291b562345cf4d6ef6cb73,42931fab25ec258d
validation_fake_ITSY7TKD86.jpg,fake,validation,validation,valid/fake/ITSY7TKD86.jpg,28090,3594f8de1604d9dfb74afc30dd9ed070,0ffa74f26092c383
validation_fake_IULF5BP28F.jpg,fake,validation,validation,valid/fake/IULF5BP28F.jpg,27755,bb89ec804852eaac0fec882a24a218f4,5a6924e626589b9d
validation_fake_IWENY7Q4TF.jpg,fake,validation,validation,valid/fake/IWENY7Q4TF.jpg,33535,13b440b4750112960456727a4c6bb325,0b373d70749983ca
validation_fake_J1UAQMIYUB.jpg,fake,validation,validation,valid/fake/J1UAQMIYUB.jpg,25625,fb6e3d32ae4a1bc8a934b10c9c659a5a,78948087facd8b8b
validation_fake_J7YGIRHA0F.jpg,fake,validation,validation,valid/fake/J7YGIRHA0F.jpg,20373,87e1fde8530722204f9b1a5801fd3d0f,37cd92fc2030f09b
validation_fake_J975XEP3FI.jpg,fake,validation,validation,valid/fake/J975XEP3FI.jpg,25093,6e34d69bdd2c76f12be2e2ef18a8cb6d,59eae1e32607878a
validation_fake_JASCJBX8GH.jpg,fake,validation,validation,valid/fake/JASCJBX8GH.jpg,20514,14d19bb204dfbeef0956d667c10fc7b2,0f793053b24dc34e
validation_fake_JDF4QPQM3Z.jpg,fake,validation,validation,valid/fake/JDF4QPQM3Z.jpg,33366,44b064c49f0f96502a2e070ffb25cf00,1a6a6167a56ac695
validation_fake_JF3LGWF3HX.jpg,fake,validation,validation,valid/fake/JF3LGWF3HX.jpg,27430,ca8363633e5e97eeca028957d33000d8,30bf98cbd9e480d8
validation_fake_JF4HU9N310.jpg,fake,validation,validation,valid/fake/JF4HU9N310.jpg,35330,c9cf60406df6f5cde044dedfc6c9ec1a,3a7821a5c5611fd3
validation_fake_JGXTIINJL1.jpg,fake,validation,validation,valid/fake/JGXTIINJL1.jpg,26410,e441c07b04447f17d24dcda443c1f850,0fdb74b27189c48c
validation_fake_JK6CYHXO7W.jpg,fake,validation,validation,valid/fake/JK6CYHXO7W.jpg,26697,72bebc6c6a99ae44846931079b5e52cc,09253cf6702b539d
validation_fake_JKT0XOH5XQ.jpg,fake,validation,validation,valid/fake/JKT0XOH5XQ.jpg,28246,63c3260926b922eff034acc41e84ae86,74f20282f28b83df
validation_fake_JNBQN8WJYM.jpg,fake,validation,validation,valid/fake/JNBQN8WJYM.jpg,27543,f7aada360a95352e1411e683e416fc52,4b3c70d0b759878c
validation_fake_JUZ8OW9JZW.jpg,fake,validation,validation,valid/fake/JUZ8OW9JZW.jpg,35022,688b5bb7059c5ab7bab20c9d5915581d,722a63964e6b2593
validation_fake_K21RSVLAMS.jpg,fake,validation,validation,valid/fake/K21RSVLAMS.jpg,26342,7f774d52cd6ad3c543eb5f9cd648a0a2,428d3672333dc6cc
validation_fake_K4GHO8E55N.jpg,fake,validation,validation,valid/fake/K4GHO8E55N.jpg,26810,cef00ed200c01bb4e78357a9d6a7f9df,5e7468232568f687
validation_fake_K9JT8NXF6Q.jpg,fake,validation,validation,valid/fake/K9JT8NXF6Q.jpg,25832,ff95117f3e99c566f5b5fe2463c44053,1b3861352778e28f
validation_fake_KDPMGABYQK.jpg,fake,validation,validation,valid/fake/KDPMGABYQK.jpg,31025,707a3db3bef0d5e72e5b635ecd8a4e38,0a357576612ad555
validation_fake_KGH0EONBXX.jpg,fake,validation,validation,valid/fake/KGH0EONBXX.jpg,27812,27bc9805294310f4409e281ea5baa388,37bda2eac140c5c9
validation_fake_KRUDR6CBFC.jpg,fake,validation,validation,valid/fake/KRUDR6CBFC.jpg,27400,b27f5651051a39a49104a468dce93139,051136f27808dbdf
validation_fake_KXE7PTDEAB.jpg,fake,validation,validation,valid/fake/KXE7PTDEAB.jpg,25754,a2a920d646a9695a4494f2f92c35af49,1a706947e4ed8a99
validation_fake_L5XRY0SW0O.jpg,fake,validation,validation,valid/fake/L5XRY0SW0O.jpg,24255,7756abf02c4105f9144fb2a361cf6584,40c25a42ad2bbfcb
validation_fake_LDOFARIJMF.jpg,fake,validation,validation,valid/fake/LDOFARIJMF.jpg,25773,caea0f0a0db937749ee95be6dcc617a6,07977e1ae80a7589
validation_fake_LPPJU46FDL.jpg,fake,validation,validation,valid/fake/LPPJU46FDL.jpg,24597,de7f3ee605100de8643f64284224ab66,4b3f24f26019c3cb
validation_fake_LRI5QLOJ22.jpg,fake,validation,validation,valid/fake/LRI5QLOJ22.jpg,27628,9f71b46f7b3aec21fbc387eba938d44b,5fb064e6c4899a99
validation_fake_LUHFB7QNLK.jpg,fake,validation,validation,valid/fake/LUHFB7QNLK.jpg,28011,eac9225598b83c02b0c9f0fa9c6d7f82,687a25a5e585968e
validation_fake_LVDO1GJR2E.jpg,fake,validation,validation,valid/fake/LVDO1GJR2E.jpg,28171,917e0746fef26f8a2fed1bbc097f28f7,3a6b60e125e1d29b
validation_fake_LVYWK8VWRQ.jpg,fake,validation,validation,valid/fake/LVYWK8VWRQ.jpg,30381,297a0c9073a2a5e869e37e7705eb7a91,71a0ef8ace692c98
validation_fake_LZ6CE2MI0C.jpg,fake,validation,validation,valid/fake/LZ6CE2MI0C.jpg,31145,c48c02fea6caa65304421eed36c184fe,3be464b2e323838b
validation_fake_LZHTB0518Z.jpg,fake,validation,validation,valid/fake/LZHTB0518Z.jpg,29471,073504db85eb23dc5bbecffe8ccef83c,1fe06127274ad78a
validation_fake_M8D6WCT0AF.jpg,fake,validation,validation,valid/fake/M8D6WCT0AF.jpg,27175,b6de9de8a8623d909274f1637a3fc93a,0a0a57657527cacd
validation_fake_MJJ9KJRAOB.jpg,fake,validation,validation,valid/fake/MJJ9KJRAOB.jpg,24784,1fcc94c3f868cecd723e465b63cde614,7f1f343425358692
validation_fake_MK3ZS2U93J.jpg,fake,validation,validation,valid/fake/MK3ZS2U93J.jpg,31903,444a87beec46dc81d9efa223e5c306cd,175c6170a05fe09f
validation_fake_MN0M392MCV.jpg,fake,validation,validation,valid/fake/MN0M392MCV.jpg,30696,e96015cca15bf9caba7dc663c1754f6a,5a0f7d03247883de
validation_fake_MPC1ZFM990.jpg,fake,validation,validation,valid/fake/MPC1ZFM990.jpg,29893,1f4ba32bb8a017a3b31a21cad7fda0fe,5e840f75257e5489
validation_fake_MQXDBWBM24.jpg,fake,validation,validation,valid/fake/MQXDBWBM24.jpg,26666,0e16914abd408c1eb493cd6986a43c7f,14796127a47c9799
validation_fake_MTPSXGD7V8.jpg,fake,validation,validation,valid/fake/MTPSXGD7V8.jpg,24380,63fcf59436ab2f571337672c3e53c6a5,1c5e69236175678a
validation_fake_MV8RDVQL1P.jpg,fake,validation,validation,valid/fake/MV8RDVQL1P.jpg,23311,7cf65621e16df7214f5a7609151d8f74,538f6d69e829a289
validation_fake_MWSISIM7MK.jpg,fake,validation,validation,valid/fake/MWSISIM7MK.jpg,26694,8266a1f6d8f5a13bee8d9f052847f27d,7a2d60b43531f2d2
validation_fake_MZCAIKGGJ0.jpg,fake,validation,validation,valid/fake/MZCAIKGGJ0.jpg,27633,676737eecf6843e4262bf2de1d373cef,7aa165c6c68e869a
validation_fake_MZKNJCSZ92.jpg,fake,validation,validation,valid/fake/MZKNJCSZ92.jpg,29594,9b4e6391bf24910c19d2a6f4362775c8,5a7060c6c25a76dd
validation_fake_N1L4LD3NF5.jpg,fake,validation,validation,valid/fake/N1L4LD3NF5.jpg,28918,7d171e3c888763cea8b6861d8aa13313,78a157a296d2968e
validation_fake_N40ET12EYL.jpg,fake,validation,validation,valid/fake/N40ET12EYL.jpg,30059,a7add9fccdd150c13c57f0b508f5f6c8,1e48227e256cc79d
validation_fake_N761MY5KSO.jpg,fake,validation,validation,valid/fake/N761MY5KSO.jpg,26547,94826a760c7420236a57b6bac2f767f6,386861e5b6c59687
validation_fake_N82EV1RLQJ.jpg,fake,validation,validation,valid/fake/N82EV1RLQJ.jpg,32975,7311d234a3f28fc2de2c1710d4b1e5f5,064ea192f15bcb8d
validation_fake_N9P6ASUCO1.jpg,fake,validation,validation,valid/fake/N9P6ASUCO1.jpg,34068,fc5bec4d21e37b6e9d9a94e2d019fa4f,61bf3ce020a707dc
validation_fake_NAMB2K30UX.jpg,fake,validation,validation,valid/fake/NAMB2K30UX.jpg,28827,d39c5989b731a841ad7ab3840b88844e,642d32b63115d3ce
validation_fake_NAUWK93O8I.jpg,fake,validation,validation,valid/fake/NAUWK93O8I.jpg,26433,40fe7201279fa496e33298219a22d945,6b0a54b431bb83ce
validation_fake_NCZT1FYDAV.jpg,fake,validation,validation,valid/fake/NCZT1FYDAV.jpg,30602,270f562ab58bfb3075acf9b01b641f2d,6db5a2a2c126a3ce
validation_fake_NDVWR9SOG9.jpg,fake,validation,validation,valid/fake/NDVWR9SOG9.jpg,28839,b0f26b70e97141ffd64b2257cf9ed0f6,198b36f0703487db
validation_fake_NHBDWY69UF.jpg,fake,validation,validation,valid/fake/NHBDWY69UF.jpg,30777,787aa57e1a69e4a200aa44964afafbfe,1ee821a765e5868e
validation_fake_NMALEWNVQV.jpg,fake,validation,validation,valid/fake/NMALEWNVQV.jpg,32823,70e245e1dd95d042a8359b45f106cfc4,41fcf490cb8bc18b
validation_fake_NOEWI63DOZ.jpg,fake,validation,validation,valid/fake/NOEWI63DOZ.jpg,39820,5676482450f5ce9b7d3c0547dd0d445f,118f2942257db59e
validation_fake_NOUO3X7ELO.jpg,fake,validation,validation,valid/fake/NOUO3X7ELO.jpg,36261,2d74d149b9c11c7b359b7d2cf9cef177,530f6827702df28d
validation_fake_NQU9B6AV0I.jpg,fake,validation,validation,valid/fake/NQU9B6AV0I.jpg,31948,ed5491ba49d0105eba43357b8f989faf,1eed68476748c689
validation_fake_NSG6UYXXDV.jpg,fake,validation,validation,valid/fake/NSG6UYXXDV.jpg,30557,4cde901e07d82fb46eb33a34df06e09d,5b31286724ecd29b
validation_fake_NTP3K93WZM.jpg,fake,validation,validation,valid/fake/NTP3K93WZM.jpg,28144,cced56e8817193e1cf416aa0bf70f16d,041a7cb27033d3cf
validation_fake_NWX1ZZNDSB.jpg,fake,validation,validation,valid/fake/NWX1ZZNDSB.jpg,24757,6d14cb7fa9265b047de7536f1831057b,5e852cf22521cadb
validation_fake_O41KCZM4XA.jpg,fake,validation,validation,valid/fake/O41KCZM4XA.jpg,25690,5ab8616b226de217307543245ac62c7b,0d0b7d7225742bd4
validation_fake_O7IKFRRAKF.jpg,fake,validation,validation,valid/fake/O7IKFRRAKF.jpg,23262,b13569190ad1003331a7c35b52f6b901,7a282ba5a5c28fcc
validation_fake_O7UX0U9YUI.jpg,fake,validation,validation,valid/fake/O7UX0U9YUI.jpg,26410,76b7053ca0907354cb3de94f5e3dbbc9,5aafe98eb109320d
validation_fake_OA3G2MNTXB.jpg,fake,validation,validation,valid/fake/OA3G2MNTXB.jpg,24419,5d822148dc1509398cb5715d801fcdf2,32e916e10669c79e
validation_fake_OAOZJE9EIF.jpg,fake,validation,validation,valid/fake/OAOZJE9EIF.jpg,27936,ab47e4bf9e616597bdf9b41d449efe4f,3a2f78256074c79a
validation_fake_OBQXSARVE2.jpg,fake,validation,validation,valid/fake/OBQXSARVE2.jpg,36106,8046fe30cc317b5cd254516e73995536,4f28b48b83ccaed4
validation_fake_OC4ICAS539.jpg,fake,validation,validation,valid/fake/OC4ICAS539.jpg,32607,6ea77bf7f9da6bade61d74ec16a44a00,7a28a095a5536bd5
validation_fake_OKQR2UNFKH.jpg,fake,validation,validation,valid/fake/OKQR2UNFKH.jpg,32863,12487de7979c95baa15ef85ca7dec8e3,28aa78a505f8d79a
validation_fake_OPL04WE7RJ.jpg,fake,validation,validation,valid/fake/OPL04WE7RJ.jpg,23257,2b31801c9f77f535cfe1c27799692501,45dc2f3e303c269c
validation_fake_OQPUDPNIUC.jpg,fake,validation,validation,valid/fake/OQPUDPNIUC.jpg,32721,fb8204a206392c264ed6752809371bf1,205ea365c5658f96
validation_fake_ORH400UOA7.jpg,fake,validation,validation,valid/fake/ORH400UOA7.jpg,25755,11b5e0fd904518292305178d87151418,0bf428d2618bcdcd
validation_fake_P3CLAW5WKM.jpg,fake,validation,validation,valid/fake/P3CLAW5WKM.jpg,27328,bb95ef22af2bfb6b8300645c63d0de6b,0af020b3352fcdcb
validation_fake_P76Z3AI1S6.jpg,fake,validation,validation,valid/fake/P76Z3AI1S6.jpg,28111,d626353075b69f24f321d8d5201378c3,4e2579276c1c9999
validation_fake_P93VPT9B7T.jpg,fake,validation,validation,valid/fake/P93VPT9B7T.jpg,36044,f2df6ccffaf4cc394587f16c7eeb3100,0d5d06b5f202dada
validation_fake_PCLMEXD869.jpg,fake,validation,validation,valid/fake/PCLMEXD869.jpg,26918,dce1d74284324bd1919d41adcb865da3,1a6df443f008d79a
validation_fake_PE2ZVLWRY2.jpg,fake,validation,validation,valid/fake/PE2ZVLWRY2.jpg,28670,e7cf2b95df4a6bc5ecaac6443966f0a3,6db072b070b383cb
validation_fake_PEXNQWIF5C.jpg,fake,validation,validation,valid/fake/PEXNQWIF5C.jpg,20995,5fb57ac515a0d8bbd720311dcbf74d23,0b7428d7c23d738a
validation_fake_PJ2000AMUR.jpg,fake,validation,validation,valid/fake/PJ2000AMUR.jpg,35046,b93be20ea120c5c7d9e4a4f759bc718f,60873ea93932d2dc
validation_fake_PUCO7JE4JF.jpg,fake,validation,validation,valid/fake/PUCO7JE4JF.jpg,26947,d7dcd9fb0306e7250a2d30f31bb6910a,6f3f70b07292c283
validation_fake_PZDBQD4LNG.jpg,fake,validation,validation,valid/fake/PZDBQD4LNG.jpg,36327,54c639d4c4cae62b63239808882cb68c,1a813587171e3ed9
validation_fake_Q4B56ZHP20.jpg,fake,validation,validation,valid/fake/Q4B56ZHP20.jpg,32996,743e610152a90834ae364167b2acc710,6d283574a137cc96
validation_fake_Q4NLZ371HO.jpg,fake,validation,validation,valid/fake/Q4NLZ371HO.jpg,26920,f1e7ec059f2cd2e03673dd565dbf6357,7d0b2054a546cede
validation_fake_Q72HW8CSH9.jpg,fake,validation,validation,valid/fake/Q72HW8CSH9.jpg,29516,a9ae08afe4a02ebbbfe38eccd393ee3f,40df3ee5f020c3ca
validation_fake_QBBQA5F25J.jpg,fake,validation,validation,valid/fake/QBBQA5F25J.jpg,22830,591fb7330d6d87970bb20cc2be287483,60fc87b58694d28e
validation_fake_QBYEAYI6YN.jpg,fake,validation,validation,valid/fake/QBYEAYI6YN.jpg,28266,83e2dd5365f9b5683961ac6728038b17,0e312da7278e8e9a
validation_fake_QEQDY3AGFZ.jpg,fake,validation,validation,valid/fake/QEQDY3AGFZ.jpg,23973,70b541ef48fe13d0dfe25a5f09374146,6aea25a325e5869c
validation_fake_QFW1RBPV0A.jpg,fake,validation,validation,valid/fake/QFW1RBPV0A.jpg,31188,4e8a7cc895442c05e1e46ec94642fc1a,28e8f1f577870384
validation_fake_QPANR652Q7.jpg,fake,validation,validation,valid/fake/QPANR652Q7.jpg,28973,d1b7ce65d95cb5b5f431387b30f58cdc,1ae9a197d4d0d2ca
validation_fake_QV9RMW8F52.jpg,fake,validation,validation,valid/fake/QV9RMW8F52.jpg,31908,f9a25505879426d52e25849d417af45d,0a5a21e025e7ff83
validation_fake_R2U9QT88OR.jpg,fake,validation,validation,valid/fake/R2U9QT88OR.jpg,23192,cfb07f58fa65176f16bc26ab0c03602a,3404b6f45172db9a
validation_fake_RA10W3351Y.jpg,fake,validation,validation,valid/fake/RA10W3351Y.jpg,28602,2eb79cff68f34866f6321bb34a4739de,5a1ffd703561c182
validation_fake_RBWFMJPWPY.jpg,fake,validation,validation,valid/fake/RBWFMJPWPY.jpg,34087,15c962f08f27d581683ac0954f148179,2ec20a8f7c2e768a
validation_fake_RCP2HPU6ET.jpg,fake,validation,validation,valid/fake/RCP2HPU6ET.jpg,27933,18bddf600605956b4a56c7a09077b28c,4a313f34f08d0f9c
validation_fake_REYDMG6QII.jpg,fake,validation,validation,valid/fake/REYDMG6QII.jpg,23328,a5cc9c9732ced681f3212505ac296f23,602dd386d383ea0f
validation_fake_RH0U2MUUN4.jpg,fake,validation,validation,valid/fake/RH0U2MUUN4.jpg,30594,49b982197acb96116b3070f4134b4ce6,5e818483055f1f5f
validation_fake_RJ7AZ64PC0.jpg,fake,validation,validation,valid/fake/RJ7AZ64PC0.jpg,30011,9e6d4774d303a3bf73f53f3fcf1b1463,78ada194579a9a15
validation_fake_RKJ21L8OSX.jpg,fake,validation,validation,valid/fake/RKJ21L8OSX.jpg,22205,8c5024d89186f35ead0d96e02ffa03f9,7fe082d78d88d88c
validation_fake_RL3Y5UKG8R.jpg,fake,validation,validation,valid/fake/RL3Y5UKG8R.jpg,29502,54af7d292335e5c123a03c2cf752bdc2,4a5f213f7035439c
validation_fake_RMGHNT0QPG.jpg,fake,validation,validation,valid/fake/RMGHNT0QPG.jpg,27131,292c2b9b202954c5f8b374e6a1a43501,3b1d22752075c2db
validation_fake_ROMCGX3KIZ.jpg,fake,validation,validation,valid/fake/ROMCGX3KIZ.jpg,24126,f72d5676ef89af4a9d08448789b1c351,120a6365e56c879f
validation_fake_RQXX0IE3IP.jpg,fake,validation,validation,valid/fake/RQXX0IE3IP.jpg,26675,8bcc024efc64684e520ab0cf05456973,2db7f0d2f089c0ca
validation_fake_RSJ2YJYC76.jpg,fake,validation,validation,valid/fake/RSJ2YJYC76.jpg,30281,57928aaaf232a766aedd541288d31d65,1e6530c333cb87ca
validation_fake_RVDXXOLR1H.jpg,fake,validation,validation,valid/fake/RVDXXOLR1H.jpg,30085,0ad30fa092da3caccb018dc3505255d8,7dbc22e06643858f
validation_fake_S4TH2T74SB.jpg,fake,validation,validation,valid/fake/S4TH2T74SB.jpg,27901,3884a535b8e94bdcbc1d4e67459012f1,1754a2e1f4a5929e
validation_fake_SDNGRLKPIG.jpg,fake,validation,validation,valid/fake/SDNGRLKPIG.jpg,25892,d44ebde42ef999f4d2a2d9e8f45f36d4,002c3efc732053df
validation_fake_SFEGLZWFV2.jpg,fake,validation,validation,valid/fake/SFEGLZWFV2.jpg,33310,ccebc181b03086d199fe7653a81b278d,6dad6024e306e68f
validation_fake_SGLMVODWX4.jpg,fake,validation,validation,valid/fake/SGLMVODWX4.jpg,26179,456417d96dd2e8b3b5729791f96bc9cc,685277a556c55e88
validation_fake_SHDX7SVKWU.jpg,fake,validation,validation,valid/fake/SHDX7SVKWU.jpg,29018,7c2673f32088cc41f23ec2f82f8822a6,5efc70243178cac9
validation_fake_SJQJNIW04Q.jpg,fake,validation,validation,valid/fake/SJQJNIW04Q.jpg,27243,7cc05271df23ded9de84c0a40f0b6e9d,3f31f0a6c0d0d3c3
validation_fake_SM4JRW0GCO.jpg,fake,validation,validation,valid/fake/SM4JRW0GCO.jpg,30308,4eeed5b4c39021dce052e3112a843553,4d3b3413f00dcf8c
validation_fake_SN3QTWEJVE.jpg,fake,validation,validation,valid/fake/SN3QTWEJVE.jpg,27474,8f54d9dd7e9abe73f0ff5a6ace880585,1a166172a668decb
validation_fake_SQSEYX1Q21.jpg,fake,validation,validation,valid/fake/SQSEYX1Q21.jpg,25934,1d12bc76d692a1e2a49ac8fb2d1233c3,495f20a2f10dde8d
validation_fake_SR1J4H49B6.jpg,fake,validation,validation,valid/fake/SR1J4H49B6.jpg,29199,b74e14ae39bb53adcf34d3c2ef321197,155a69b86c539399
validation_fake_STUIVKRXHY.jpg,fake,validation,validation,valid/fake/STUIVKRXHY.jpg,27568,754c1d4e8d76b999759b80b04c575360,5a7525f69e88421e
validation_fake_SVZRIEKYNZ.jpg,fake,validation,validation,valid/fake/SVZRIEKYNZ.jpg,23379,332f18353a9e52d838d9654d04363099,649291975b96ca8e
validation_fake_SYC3IFE4J9.jpg,fake,validation,validation,valid/fake/SYC3IFE4J9.jpg,20684,b394b772444c1960b6648bab32f8a0a5,6db952b012e313cb
validation_fake_SYPS9OZYMY.jpg,fake,validation,validation,valid/fake/SYPS9OZYMY.jpg,27777,02e92df6c2c0d8f5c801300775b4d4d8,1c7a6963255c969a
validation_fake_SZJIVR1UQK.jpg,fake,validation,validation,valid/fake/SZJIVR1UQK.jpg,27354,ced984df2c42575a25dc8ae486da3941,382d3565f624d295
validation_fake_T10VGW4XKN.jpg,fake,validation,validation,valid/fake/T10VGW4XKN.jpg,28001,2697a08f1175f408b69883f771255239,6a28a1a5a355e5c7
validation_fake_T11110JIPY.jpg,fake,validation,validation,valid/fake/T11110JIPY.jpg,27412,00c52bd174695e91db2ff9c827e796e6,2d2bf4f4b3c0c0d2
validation_fake_T3LO9HJDS9.jpg,fake,validation,validation,valid/fake/T3LO9HJDS9.jpg,25724,ac7b19766eb1bcdb12ea875e35a23701,348fb05ff0acc0cc
validation_fake_T9DDK79VL9.jpg,fake,validation,validation,valid/fake/T9DDK79VL9.jpg,29399,422ed9fbdd631fa9e7fcd67b55de4cbc,2e81a6afbe29129a
validation_fake_TOW0RR7FHS.jpg,fake,validation,validation,valid/fake/TOW0RR7FHS.jpg,26789,1ddafcc6021281d0936b34485759258a,1787dadac8287871
validation_fake_TP52X31P95.jpg,fake,validation,validation,valid/fake/TP52X31P95.jpg,23214,f730c692fd161d800bad61e74ff0a839,052d3ef63430f2d2
validation_fake_TTMU8L7AUN.jpg,fake,validation,validation,valid/fake/TTMU8L7AUN.jpg,23771,53d954d846ef4a1a46b1c6f4b1558653,4ff834b270c9c1c9
validation_fake_UABQWP634R.jpg,fake,validation,validation,valid/fake/UABQWP634R.jpg,28487,07203fa643f1551a9812846c157fb0e3,5afa6802545dd68b
validation_fake_UC55Y8SVKN.jpg,fake,validation,validation,valid/fake/UC55Y8SVKN.jpg,34947,84ea8def260c66e4f55514757eb0d197,5ab421a2f70ccacd
validation_fake_UDMBKFOERJ.jpg,fake,validation,validation,valid/fake/UDMBKFOERJ.jpg,25289,eab72e5781090b64f62b8c963cf7b585,4a743d6270291bcf
validation_fake_UF5MWC4OZN.jpg,fake,validation,validation,valid/fake/UF5MWC4OZN.jpg,32374,3e119b7b906725c18f054513d55e8e39,5f6c61a2a12cc38f
validation_fake_UG4M8IVKBR.jpg,fake,validation,validation,valid/fake/UG4M8IVKBR.jpg,25698,31b503bad24bc0be4d912dc6cd38fa87,1b346c736639829b
validation_fake_UGY28SINWV.jpg,fake,validation,validation,valid/fake/UGY28SINWV.jpg,26604,6f4063f6d4c06b0ec97f891b2ef5c4d6,1f207a63252dcbd4
validation_fake_UM9PA0POEZ.jpg,fake,validation,validation,valid/fake/UM9PA0POEZ.jpg,21264,b8c69661147675b529062089fce03426,6f3334b0a6da928a
validation_fake_UQI4QOVNFF.jpg,fake,validation,validation,valid/fake/UQI4QOVNFF.jpg,35150,a2f6d4a58609f157ce98459246db58ce,6f2aa2d6208fd299
validation_fake_USXNI8PCXF.jpg,fake,validation,validation,valid/fake/USXNI8PCXF.jpg,26504,739a422213de1d00d873d9fb5bf3d0b4,71186763e764268e
validation_fake_UWWNOTMT6P.jpg,fake,validation,validation,valid/fake/UWWNOTMT6P.jpg,38771,fe376457d200d1ab4b01f93b554b0bcd,4a9585d26e3ce51a
validation_fake_UZ6H386XE1.jpg,fake,validation,validation,valid/fake/UZ6H386XE1.jpg,31691,abf37b18a5f0223b830c7d7c86245ae9,0aa0a1b77139a3dd
validation_fake_V1HD1F0T6U.jpg,fake,validation,validation,valid/fake/V1HD1F0T6U.jpg,34976,8e67fd51df1d487c6b6b49907cb52b24,1e6f2965756e0285
validation_fake_V60AZFM5IP.jpg,fake,validation,validation,valid/fake/V60AZFM5IP.jpg,33337,c57c4b888c69d0ea9ba96774ada3ea49,0bbcf5227106c38f
validation_fake_V86ZSFGWHZ.jpg,fake,validation,validation,valid/fake/V86ZSFGWHZ.jpg,24730,786428eb65e16f033690b1ba1aaed133,5ea029b73592938b
validation_fake_V895HBWW59.jpg,fake,validation,validation,valid/fake/V895HBWW59.jpg,24314,f54771d8eac45f490229527546bfab80,2d9f2eb4f02483d2
validation_fake_V8Z1D92KA2.jpg,fake,validation,validation,valid/fake/V8Z1D92KA2.jpg,29128,482a8ee9dbb3bb85648bc160b2d257a7,4fb1b587829e928c
validation_fake_VCOUH82ZGP.jpg,fake,validation,validation,valid/fake/VCOUH82ZGP.jpg,30302,edc62b55f25445d958c875c1ec17e57b,5a0679672734d28b
validation_fake_VEDARU11GT.jpg,fake,validation,validation,valid/fake/VEDARU11GT.jpg,26569,3b988f857a98ab007691c9e00b51ff81,5c0c61703771379b
validation_fake_VFO7U2EEJT.jpg,fake,validation,validation,valid/fake/VFO7U2EEJT.jpg,27594,d22807763ba070a910faeedff9d2373f,68eaa59596da82ca
validation_fake_VGTI9CMCK4.jpg,fake,validation,validation,valid/fake/VGTI9CMCK4.jpg,26576,a6602b12bcbbe4e5b853b498fbe4b202,4a2571b0b169c7ce
validation_fake_VHJ15DYT5H.jpg,fake,validation,validation,valid/fake/VHJ15DYT5H.jpg,24203,087ae0ff716163836f3d753c7bc0eb37,093436b270a3c3df
validation_fake_VW42UKJ22X.jpg,fake,validation,validation,valid/fake/VW42UKJ22X.jpg,31899,aae74bfca14a607a8bc407897b0a9a77,4a716da7254c869e
validation_fake_VW935BIAKL.jpg,fake,validation,validation,valid/fake/VW935BIAKL.jpg,27082,706443ce956fbfdd68a91b154361e38c,0fb878f670b0c2c9
validation_fake_VWNQ8LY44D.jpg,fake,validation,validation,valid/fake/VWNQ8LY44D.jpg,26037,f03392c526787007b743205307f5379c,4f4934b0b03d83de
validation_fake_VX2U76GUEO.jpg,fake,validation,validation,valid/fake/VX2U76GUEO.jpg,23841,da71ccd3b120cc8b102d00982069ad18,0ab475e25288dbcb
validation_fake_W5EWX1FQ69.jpg,fake,validation,validation,valid/fake/W5EWX1FQ69.jpg,27217,528280d7ae182673fb8be4131e6e5218,25837cf6089e8a9e
validation_fake_WFTAIIS529.jpg,fake,validation,validation,valid/fake/WFTAIIS529.jpg,30747,0e2208f69489e826a8be6fb2e6b21686,0bb5f4d28a5dd888
validation_fake_WIW3HPLVB9.jpg,fake,validation,validation,valid/fake/WIW3HPLVB9.jpg,28735,fab11a74668a58f5d950db232ae9a23e,3e6861ea2175c396
validation_fake_WNFMEO9DHF.jpg,fake,validation,validation,valid/fake/WNFMEO9DHF.jpg,24993,5a54e062d3bdb1cb960599bd0ee92f35,562b28e5b41ad1d9
validation_fake_WNUMIRDSU1.jpg,fake,validation,validation,valid/fake/WNUMIRDSU1.jpg,28381,97fa528e62238f0839cbda1ee30b820e,52f00b0b6d4d6d4d
validation_fake_WPTMI4IVV8.jpg,fake,validation,validation,valid/fake/WPTMI4IVV8.jpg,30797,43ea7928fceb8514a49b4b38fb98dfb5,4b342d32641fc7d8
validation_fake_WRCE056KN8.jpg,fake,validation,validation,valid/fake/WRCE056KN8.jpg,30060,495e33123c8b2be0ba3c329305c4ffa9,1f580861ad6ba799
validation_fake_WTCUF1F5SU.jpg,fake,validation,validation,valid/fake/WTCUF1F5SU.jpg,28375,d9155378bcd7b3b0bacf91087fad5d64,2d8bf4f470707292
validation_fake_WVQ2YEIILQ.jpg,fake,validation,validation,valid/fake/WVQ2YEIILQ.jpg,25338,5b71de34ed6f7aeab6f95cd668ec0628,0af575a2448a87de
validation_fake_WWKI7VV7W9.jpg,fake,validation,validation,valid/fake/WWKI7VV7W9.jpg,33014,2ada7a110261cafa285a5ae18526fec0,5a3808cb8b7d34dc
validation_fake_X0VY3NFKV1.jpg,fake,validation,validation,valid/fake/X0VY3NFKV1.jpg,30121,299540844ca0041db1ce658cb6ba0e1a,0b2a6d37755cd0c8
validation_fake_X5WDS0C6ZM.jpg,fake,validation,validation,valid/fake/X5WDS0C6ZM.jpg,29380,c8b796c4ab50d403cd5ce6825d23ebca,4d3d34fa400bca8f
validation_fake_X7IJN0WA87.jpg,fake,validation,validation,valid/fake/X7IJN0WA87.jpg,22226,835ee9838c1b82c708abbcb7b1b6e3c5,6bc03de5302e92ce
validation_fake_X88RN8ML4O.jpg,fake,validation,validation,valid/fake/X88RN8ML4O.jpg,30857,34316c779b7daa05236a85238f6755c2,6aeaa5a5a444c39e
validation_fake_XI21Q4BNCZ.jpg,fake,validation,validation,valid/fake/XI21Q4BNCZ.jpg,25500,e607f230c6150b93a1d5d3c99f002d01,1596a32537385e9a
validation_fake_XL62BO3ROP.jpg,fake,validation,validation,valid/fake/XL62BO3ROP.jpg,26018,ff438eb5e5d67c06801a568abc6057ce,4a3825a7369c969e
validation_fake_XL8AMOU2KB.jpg,fake,validation,validation,valid/fake/XL8AMOU2KB.jpg,33140,ca9ee766e99cb27558ffe93d01098671,7a5a617135d0a2cd
validation_fake_XNFSIDAU8Z.jpg,fake,validation,validation,valid/fake/XNFSIDAU8Z.jpg,24399,4fcb1464314fbd437c40c7aadf612ba7,0a3d3027f20dde0f
validation_fake_XP5GCYQ8EP.jpg,fake,validation,validation,valid/fake/XP5GCYQ8EP.jpg,23083,75df07524601edc577fce8a621532488,6a6861a5e585878f
validation_fake_XR1F641JLD.jpg,fake,validation,validation,valid/fake/XR1F641JLD.jpg,24267,a70172459a3514f54f119e8c13be66b5,056536b23239d3cb
validation_fake_XSLXZ5X5BJ.jpg,fake,validation,validation,valid/fake/XSLXZ5X5BJ.jpg,28422,4fcb8f200971a6da5040ae11250d09c5,41a02db5359dd2cb
validation_fake_XSSIEUOA46.jpg,fake,validation,validation,valid/fake/XSSIEUOA46.jpg,36758,47bfd2c7bdaaed8f69d02cf950729bf6,3e0ca45ee538f095
validation_fake_XSVYFAE0NO.jpg,fake,validation,validation,valid/fake/XSVYFAE0NO.jpg,31844,22443d3e7c4c3e80747ccb2d7e9d4298,16e57a13381a39da
validation_fake_XTFUAM7650.jpg,fake,validation,validation,valid/fake/XTFUAM7650.jpg,29849,c8bad172107e60360457b571b71ae772,28edd685761892dc
validation_fake_XX2LNL7PDB.jpg,fake,validation,validation,valid/fake/XX2LNL7PDB.jpg,37562,f88534e461793c34c4cdd54567a590d6,1ea92db7849c81d9
validation_fake_Y3FHYRB1HA.jpg,fake,validation,validation,valid/fake/Y3FHYRB1HA.jpg,26260,9f3b2ad164bb434f737a35f78869d94e,0b5d7432701b93d9
validation_fake_Y72YYH3CV5.jpg,fake,validation,validation,valid/fake/Y72YYH3CV5.jpg,28710,4ddc19551e1eb452e42618cd14af0df5,2f0692d7c96c6d0c
validation_fake_Y780RUAXR8.jpg,fake,validation,validation,valid/fake/Y780RUAXR8.jpg,29327,90eb3449129aeda37216e4bec7a579c6,52c22d432d4f87d9
validation_fake_Y86NYRCQ68.jpg,fake,validation,validation,valid/fake/Y86NYRCQ68.jpg,21836,92bc69c76e59ece7031fed30c7821c9a,52696da7269c8e89
validation_fake_YEO9Y57ZTH.jpg,fake,validation,validation,valid/fake/YEO9Y57ZTH.jpg,30277,5a77f6423bc20d6caf1dbe52d26b4ce3,40beebb0f008a78f
validation_fake_YM4SNPF9JX.jpg,fake,validation,validation,valid/fake/YM4SNPF9JX.jpg,23777,7aae69a90b787cc0de2b138ade685f14,3c3570b273a34b94
validation_fake_YOFV2LED6J.jpg,fake,validation,validation,valid/fake/YOFV2LED6J.jpg,27185,bc3ec84e95f3213376516f756088cde0,093a2dd2364b9ad9
validation_fake_YS81JFXN1P.jpg,fake,validation,validation,valid/fake/YS81JFXN1P.jpg,27982,5279aa225e0d83a8954060df1a753694,0aa0a187f6d6d4da
validation_fake_YSLW49J9M3.jpg,fake,validation,validation,valid/fake/YSLW49J9M3.jpg,27021,f05e90807626f79648c24828143c6c9b,4bad2576343d229a
validation_fake_YVT674K0JK.jpg,fake,validation,validation,valid/fake/YVT674K0JK.jpg,35333,78b57882fac62edee361ecf8e88faa7d,188a6b930f1cfe89
validation_fake_Z3U19QRD57.jpg,fake,validation,validation,valid/fake/Z3U19QRD57.jpg,35645,6afa22d4d3fb8d7224df894d0724c55c,17da49ab490d8f89
validation_fake_Z75N4LHLDG.jpg,fake,validation,validation,valid/fake/Z75N4LHLDG.jpg,28529,fd050f1c38d958da5fac7a9ac0a01ac7,5c7f2520b17bd0c1
validation_fake_ZAWT41HDNQ.jpg,fake,validation,validation,valid/fake/ZAWT41HDNQ.jpg,37114,31ca03d15bd60dc8a3f6924996305306,0e217fb7a48a868b
validation_fake_ZE1AFP47IA.jpg,fake,validation,validation,valid/fake/ZE1AFP47IA.jpg,29371,61b5e865b9dbbbeef2ae08cb7bd71cb3,0bdfa153a02bd28b
validation_fake_ZJCLWQQV3C.jpg,fake,validation,validation,valid/fake/ZJCLWQQV3C.jpg,27325,e359099125e6e0b9347e17e4b3bedd7f,1bb061e7264ec6d8
validation_fake_ZLYK5M1NIB.jpg,fake,validation,validation,valid/fake/ZLYK5M1NIB.jpg,21828,c8858e86a0462ce072bc19c19709b9a2,6aa535f2a157828d
validation_fake_ZMC5URQA61.jpg,fake,validation,validation,valid/fake/ZMC5URQA61.jpg,26367,cb55643dfa96a1383714e380c6a7b08a,5ee1a9a7a4c484dc
validation_fake_ZPSAWTKU27.jpg,fake,validation,validation,valid/fake/ZPSAWTKU27.jpg,24405,9355d74512fac11a9840881c4686810a,0b52b52b720d6b8d
validation_fake_ZYU0FCTKEU.jpg,fake,validation,validation,valid/fake/ZYU0FCTKEU.jpg,22434,e76f07aa120e62183961dcc3a4a03bf8,304e63656465e69b
test_real_00152.jpg,real,test,test,test/real/00152.jpg,30616,8e351ed5f3f3828f3edcbbbca808da9b,6478a985c12f7b98
test_real_01132.jpg,real,test,test,test/real/01132.jpg,34277,f217e9f194159147a711f7a67cb35ea9,5ce8e0a7618d878d
test_real_01239.jpg,real,test,test,test/real/01239.jpg,26006,c0350c879a6bff00e2d6a14758c26af9,28a716a2dab393d2
test_real_01364.jpg,real,test,test,test/real/01364.jpg,29851,e9bf0cab911244581bad42e0da6c490d,1c6a6987657286da
test_real_01407.jpg,real,test,test,test/real/01407.jpg,25737,8d6265d8c30751b947ac97f03a64292c,5ee1088fee2087cb
test_real_01442.jpg,real,test,test,test/real/01442.jpg,26843,f95c0df2c836c1e09d25465da9d549da,585263a66736c6ca
test_real_01507.jpg,real,test,test,test/real/01507.jpg,31982,63def5460cdde85bd6e9e8f229420083,1d317ac73cc9818d
test_real_01696.jpg,real,test,test,test/real/01696.jpg,33786,e8181e1332950f2793137074703cac34,3585a3e2a2e686ce
test_real_01766.jpg,real,test,test,test/real/01766.jpg,30367,38a050e6ee24278daf2cbe8edde57c57,51caf882d94dc4ce
test_real_01868.jpg,real,test,test,test/real/01868.jpg,26031,ef626f10848e2359b1e72745f84b9980,1e7e25a56606c68e
test_real_01986.jpg,real,test,test,test/real/01986.jpg,33892,119ba1827a30fca7f26064b59c54f9ac,253f3252a38e9e8c
test_real_02417.jpg,real,test,test,test/real/02417.jpg,29894,677b1de73926b5a2d7ffab14eedd9ad1,4ff07cf220c1f682
test_real_02538.jpg,real,test,test,test/real/02538.jpg,30292,3d6221e6afcf58cdea621a7bcc613416,3d652220670bc3df
test_real_02632.jpg,real,test,test,test/real/02632.jpg,29038,a7723d21804f16b3ebdcb154d2714dbd,1b5269c2e0ebe8cc
test_real_02710.jpg,real,test,test,test/real/02710.jpg,39010,20f35b46b2cdc93dfeee005d0792e16a,3c1a700727e887de
test_real_03090.jpg,real,test,test,test/real/03090.jpg,26263,1118519b5c912b0d5e02a07b5b09b9a2,2fbe42b4d0299ee0
test_real_03154.jpg,real,test,test,test/real/03154.jpg,28287,583713720169e738abfc2040c0f20962,6a7a34e12581c79e
test_real_03407.jpg,real,test,test,test/real/03407.jpg,29092,7ee04c1997b37589ec10d5a68505d890,5ae99945352b81f4
test_real_03449.jpg,real,test,test,test/real/03449.jpg,22205,c094b5f45ee20e3ba0f8246f92da513a,2d31f8d28283c7ce
test_real_03649.jpg,real,test,test,test/real/03649.jpg,25558,e900cdc803b2aa840aa348375c96013a,0a884a8b6d4a2fdf
test_real_03984.jpg,real,test,test,test/real/03984.jpg,34376,45675dba35a4626b5ffcf0cccf145eb3,49e034b2c23be799
test_real_04203.jpg,real,test,test,test/real/04203.jpg,41522,b55afe08b9c654f868bc5677a1a99add,0cd550d0ab1bfa8b
test_real_05328.jpg,real,test,test,test/real/05328.jpg,31430,c3ebbac6b5e32bfa00d2f8e9d056db26,0ae221e9a535dc9d
test_real_05501.jpg,real,test,test,test/real/05501.jpg,26953,375894e395bea823710da265632a0b24,6987a79707198b19
test_real_05550.jpg,real,test,test,test/real/05550.jpg,33418,f419255a151a3006dd01dd5da351956b,2a28b522f721de8d
test_real_05647.jpg,real,test,test,test/real/05647.jpg,28772,5cd6a7ed22114cee77b33909734e7ced,382d7125757486d6
test_real_05694.jpg,real,test,test,test/real/05694.jpg,25216,2c049be3c97dd7abd284f2088003f36e,0e5b3533a5708cda
test_real_05953.jpg,real,test,test,test/real/05953.jpg,25557,42128a0e9c083c7024e9e8451767c675,70a745b56ad486d8
test_real_05984.jpg,real,test,test,test/real/05984.jpg,32948,57222441cd11978bcd20f0a63d5bf4c5,1ba5798664d81e99
test_real_06508.jpg,real,test,test,test/real/06508.jpg,26822,02ec82e17914bac6f0beabe8a5822ec5,47b6b480790bcb8d
test_real_06530.jpg,real,test,test,test/real/06530.jpg,32092,2a3344cf81c864c754150031b316ec1b,555e6107a80a37dd
test_real_06767.jpg,real,test,test,test/real/06767.jpg,28583,b2ac935c53693f3171a8a427fdc4f652,4a35e19a953933c3
test_real_07116.jpg,real,test,test,test/real/07116.jpg,33567,06cdd054ab9ab496bf8417bafaf98b24,12176b6885eb8a9b
test_real_07331.jpg,real,test,test,test/real/07331.jpg,32168,f79290b9abf75ca01babed448e6ae61b,18ca60e5654f478f
test_real_07466.jpg,real,test,test,test/real/07466.jpg,28891,b60e70ce2f87f737f9e869fef5f064b0,0fd16873256117d5
test_real_07717.jpg,real,test,test,test/real/07717.jpg,28107,6f068e2f06d5a5f94179c0061b1d2708,6a31e185c23db28f
test_real_07889.jpg,real,test,test,test/real/07889.jpg,28237,51272481a6d977397313e6feb5373bee,4d5634d231b94bcc
test_real_08005.jpg,real,test,test,test/real/08005.jpg,28027,9227814869c3248cfd4c398400c90f5f,68aacb85f58306f4
test_real_08253.jpg,real,test,test,test/real/08253.jpg,25445,5908879fe9f754edd39b1797e8aeabd2,1700f97e3175c8cc
test_real_08266.jpg,real,test,test,test/real/08266.jpg,23118,8d49c619fc19cf107aaaa1f3476a2342,565efd5a25142a07
test_real_08380.jpg,real,test,test,test/real/08380.jpg,22099,1338aa4dfcaefcf2c7f4e7e46ad1a515,685021f37625c6de
test_real_08548.jpg,real,test,test,test/real/08548.jpg,25248,e236efb1a0401ebdb8370922aee40de9,40be3cb67059c38b
test_real_09038.jpg,real,test,test,test/real/09038.jpg,37374,9a4191bf81a8a8d696a7002dfc2dd2af,0f7c74b2335183cc
test_real_09195.jpg,real,test,test,test/real/09195.jpg,22305,909e3266fbd5035c4529e3912a8308d7,7cfd11050b73888f
test_real_09258.jpg,real,test,test,test/real/09258.jpg,27581,eb9468cc5e14e280d3fca7ee9552ea38,157a2527a51a879e
test_real_09272.jpg,real,test,test,test/real/09272.jpg,23714,a544a0f0c986041d293fdbc39c89d36c,682e65a557879692
test_real_09506.jpg,real,test,test,test/real/09506.jpg,30234,b7642893812a1b5ee42676b2b6f7fc03,1c6e31752163b6c6
test_real_09600.jpg,real,test,test,test/real/09600.jpg,23500,06da0ef6b453f9e273938ae6ee453543,686cb593d348869e
test_real_09726.jpg,real,test,test,test/real/09726.jpg,27554,66e1a1d4b91193d8e216418c3b580c0b,4a3c21b2f9c9d0d3
test_real_09908.jpg,real,test,test,test/real/09908.jpg,28351,a1e1f0c4975d46031c5ba4d54875caa2,7e60607363f283d4
test_real_09931.jpg,real,test,test,test/real/09931.jpg,29064,b8e06b44663a9baf40dea8ddd8ecdc6b,5ee861e1674e8698
test_real_09995.jpg,real,test,test,test/real/09995.jpg,28126,73ddee514341173b50bf47d70e53e6a2,3cee63e8246146da
test_real_10042.jpg,real,test,test,test/real/10042.jpg,33112,70abf5c84ebb312157235e5acb9bfa33,1f5c1c356761c589
test_real_10232.jpg,real,test,test,test/real/10232.jpg,24054,8451c77902b4bd415b50c9161c47b4de,3450b7a92a58d795
test_real_10266.jpg,real,test,test,test/real/10266.jpg,25262,6bcfc1ec72db448e2338c9a6948684a5,4f6c3060b13a3d9e
test_real_10349.jpg,real,test,test,test/real/10349.jpg,28247,bd6357ad53a8379a6e33acb92ccd1092,0b282535f12b9bd5
test_real_10642.jpg,real,test,test,test/real/10642.jpg,32663,11625901537cc6a799dc6bea3ce4e49e,19b680b5607dd699
test_real_10701.jpg,real,test,test,test/real/10701.jpg,29653,1fdce61b9109fa2472928b81017f63cc,5ef430a22352c3db
test_real_10721.jpg,real,test,test,test/real/10721.jpg,38989,1ec5dd834b143da0a50622465a4b3a1b,3d7c34e072c3838b
test_real_10766.jpg,real,test,test,test/real/10766.jpg,30106,78ac2fe91fa23c4eb8a30b4fa796bb5a,58ad61b4662594dd
test_real_11076.jpg,real,test,test,test/real/11076.jpg,30292,b622cee8397958bd7f2b1d894bc25ea2,15c6d7da085bfc08
test_real_11213.jpg,real,test,test,test/real/11213.jpg,28355,ffa492e9bdfbc09744684ffeb8994d7c,507a6b63256688de
test_real_11254.jpg,real,test,test,test/real/11254.jpg,27911,c5dc81a8c9a20c5dd8f0a5525dab87bf,34ac1e9d157823cb
test_real_11282.jpg,real,test,test,test/real/11282.jpg,25473,09ff10135c7bb51ddac85741549f1ee9,0d7435f262b3c2d8
test_real_11306.jpg,real,test,test,test/real/11306.jpg,28200,cd3b546142624b561ed7d40b188f4a37,0fd32ca568d27ac8
test_real_11492.jpg,real,test,test,test/real/11492.jpg,27729,bbb09f6adf5d0dd1840b204953a9012a,25c44abc6c245f9d
test_real_11610.jpg,real,test,test,test/real/11610.jpg,29610,2058abb5fad3dd6ada3f576048e4687f,4bc3cc0d746c669c
test_real_11795.jpg,real,test,test,test/real/11795.jpg,24452,1d72b87828237093c7b292e8b90ee9a0,217a2aa545a786de
test_real_11906.jpg,real,test,test,test/real/11906.jpg,29378,af2bd890a54ee876bdcef278f030bf68,5aaa6b05e568522f
test_real_12075.jpg,real,test,test,test/real/12075.jpg,26679,5d3dbd8460daf7a4078da8e8b1351b24,6d6420b2f39b838e
test_real_12191.jpg,real,test,test,test/real/12191.jpg,28525,088fbaa517f87fe4808ec34073e90715,6084bef73e32803e
test_real_12239.jpg,real,test,test,test/real/12239.jpg,34132,1af176a03f1819b492e8de0cda649426,5dbe2cb020a397ca
test_real_12273.jpg,real,test,test,test/real/12273.jpg,32803,be3a73b9daecd613f6ba783444193e91,1cce3b62702cb3d8
test_real_12376.jpg,real,test,test,test/real/12376.jpg,29645,604b089d5159862460c0bb236c062b19,5a35a8d2a548f09f
test_real_12588.jpg,real,test,test,test/real/12588.jpg,25562,80ff104f564bf4f03f0a0706e683011f,6a0574f8233145df
test_real_12702.jpg,real,test,test,test/real/12702.jpg,28664,61b375f8ef6c859e6d24a24c5d2e405b,1f287a7423e047c7
test_real_12864.jpg,real,test,test,test/real/12864.jpg,31801,cacf9a12b37c43025bee308fd9d813df,4a18673f6461b687
test_real_13006.jpg,real,test,test,test/real/13006.jpg,28642,8b8b46e1cd5f579417d45c9e3fe74018,0347f1c3617278da
test_real_13151.jpg,real,test,test,test/real/13151.jpg,31153,6f237db1f1a0a6e6f0f8ef72afcb3d09,1c0d7173657066d3
test_real_13174.jpg,real,test,test,test/real/13174.jpg,22646,28e05368023f93ef1c542495774b9548,37bb50bb40b16d90
test_real_13178.jpg,real,test,test,test/real/13178.jpg,23703,3e10924702f9f2776be1126647de7b04,3fc2089f493d62cc
test_real_13261.jpg,real,test,test,test/real/13261.jpg,25756,d6fca9cba7776e072015fdca0da1008c,4bbd6003621fc29f
test_real_13270.jpg,real,test,test,test/real/13270.jpg,26775,2bef15712d44d321002a72613c9ece51,1e692aa7ac9499d2
test_real_13300.jpg,real,test,test,test/real/13300.jpg,27284,db636554b6e03364161e3c19404e7ce9,5ab005713adaa1cf
test_real_13628.jpg,real,test,test,test/real/13628.jpg,36833,6ce2699c0eccaa95ced5611c7bdbf8c7,65b4f683b918e0c9
test_real_13839.jpg,real,test,test,test/real/13839.jpg,37259,7c0d31b8ede32e9cc9f5e125eb737a17,4ed714d312db4ac8
test_real_13961.jpg,real,test,test,test/real/13961.jpg,36973,00aaeace159988e5a15857ce86dbb111,58e9e8e4644b9ad8
test_real_14395.jpg,real,test,test,test/real/14395.jpg,32374,b800ee939917163c724c095903264190,128f4fdf7d408258
test_real_14426.jpg,real,test,test,test/real/14426.jpg,27087,39ca0da272d69bfb2a6f9bbe814d43d7,0b3c7523f6099f42
test_real_14881.jpg,real,test,test,test/real/14881.jpg,29270,daa755f16ac3d5da5531a91e77abbc40,70f9a10767564e89
test_real_14991.jpg,real,test,test,test/real/14991.jpg,35997,8dfcac61e3e311efa17022f38faf876a,0ff02ad3564956e8
test_real_15071.jpg,real,test,test,test/real/15071.jpg,31442,16574a87a15b3d46a8481bc55d628e69,5b84cf8001df13db
test_real_15082.jpg,real,test,test,test/real/15082.jpg,26212,4e99f505444f3ed19fef0ebb76b2f05a,4a603c37312ee39e
test_real_15086.jpg,real,test,test,test/real/15086.jpg,33877,5d0c87e20211fda659b8189ff5c09244,02970716fc1fa1da
test_real_15105.jpg,real,test,test,test/real/15105.jpg,22762,ff7cea2a1f96f02e1ed536bfac62d14d,504a1c25b8256fdf
test_real_15395.jpg,real,test,test,test/real/15395.jpg,27632,e1fc2f888cd4852951bd960cee67c1a5,0d39364ad6489adb
test_real_15462.jpg,real,test,test,test/real/15462.jpg,32959,60fd2ed7a47c39f86b11f6795de61558,78ea2575212ee1c5
test_real_15607.jpg,real,test,test,test/real/15607.jpg,31119,c52b04afee9b54e7ce7ec96cb7c265a5,788797c58cd0c6d8
test_real_15628.jpg,real,test,test,test/real/15628.jpg,29964,bf84c14c0bfa474f23aed1980bca22b2,1ebd7f03606086c7
test_real_15750.jpg,real,test,test,test/real/15750.jpg,26948,f96cba0f77329ddc5dc191e0e1ef285c,493b34e2f20f82dc
test_real_16143.jpg,real,test,test,test/real/16143.jpg,45626,d8bd8e360f1c30077d7239f5f101e5ed,30c995d60b70afc3
test_real_16422.jpg,real,test,test,test/real/16422.jpg,29348,b3ca47ab51d1e2cd99c7cb3781de2532,072d34627037cb9e
test_real_16629.jpg,real,test,test,test/real/16629.jpg,35053,64d1b0037223fb6e896af7975cf74113,4fb03ea0704be2cb
test_real_16778.jpg,real,test,test,test/real/16778.jpg,26614,8b8a25ff260b51d49bca83f8d4d58885,25b57ef070335283
test_real_16888.jpg,real,test,test,test/real/16888.jpg,27377,d62913aa93114951a6999569f795e59a,0288207777357fd8
test_real_17360.jpg,real,test,test,test/real/17360.jpg,25128,b2dffa8f34bbff0f532979daa4aa557b,4aea7157663c0257
test_real_17446.jpg,real,test,test,test/real/17446.jpg,28573,41dd4878c5ce1150d1118b8df45c27bc,5e2b6aa1a4d29699
test_real_17613.jpg,real,test,test,test/real/17613.jpg,25080,dfbc6fd29e4d7e4ff1df44ffb15e5d41,2db670b2539b4389
test_real_17737.jpg,real,test,test,test/real/17737.jpg,20597,33fdc08c27e754ffce8e57695b59d94a,638cadb2a49c9599
test_real_18425.jpg,real,test,test,test/real/18425.jpg,26221,1cea52d07bc961188ed018c32f7ddd22,037b6622e4229f8f
test_real_18563.jpg,real,test,test,test/real/18563.jpg,21051,e8c321269643b102f60214bba1e53a4c,0bfc42a0710ba3df
test_real_18849.jpg,real,test,test,test/real/18849.jpg,29131,d3029ce032699c11fb7c53fdf2f93fed,0b7c65b6649cd298
test_real_18932.jpg,real,test,test,test/real/18932.jpg,26365,975fcf382c515aae7ab6a10910096354,1ea67cd6c60a238b
test_real_19202.jpg,real,test,test,test/real/19202.jpg,30142,7f87bb7d6ee87c731376611df020666f,736020a1b14f65df
test_real_19349.jpg,real,test,test,test/real/19349.jpg,27382,d9907e43c434339ec2f684a815298afa,1708be5216785add
test_real_19467.jpg,real,test,test,test/real/19467.jpg,31087,f38f02b940ddf227a711c8f3b24dc3f6,002d25e7a756969e
test_real_19474.jpg,real,test,test,test/real/19474.jpg,27542,5e2efeaabebd7442b66e0b8f957b83db,171829d6c9fc6686
test_real_19532.jpg,real,test,test,test/real/19532.jpg,27062,98cd4ced58a1d6c8e93646f73f5ea015,6f3d34b02088d7dc
test_real_19535.jpg,real,test,test,test/real/19535.jpg,25178,3ee095aae3ba70165e6019b75a5491ae,4b553ed0af00c7c3
test_real_19718.jpg,real,test,test,test/real/19718.jpg,24813,df23ae8b7eaca5102aa81a3ada6a7f0c,786863356542c7cb
test_real_19860.jpg,real,test,test,test/real/19860.jpg,24567,a317777d5db05e00b85684af5c08aaf7,1ea87425207db7c3
test_real_19940.jpg,real,test,test,test/real/19940.jpg,39386,93bfed2ae1392993a7f80c3bd1f83998,659eb016fb00cbcc
test_real_20225.jpg,real,test,test,test/real/20225.jpg,23980,f811a1171394595f278093465bddf4e4,17212fa774568e98
test_real_20274.jpg,real,test,test,test/real/20274.jpg,31780,7b6220d79e4ed98705852e6b184823d2,4fa57d2525580756
test_real_20572.jpg,real,test,test,test/real/20572.jpg,28640,66a4449fc7fa9d886765cdb3a092d195,14859ecc5e7c0b99
test_real_20617.jpg,real,test,test,test/real/20617.jpg,30824,f95227db008f9efcddabb6828fb36f85,03ad4f547468b2d9
test_real_21036.jpg,real,test,test,test/real/21036.jpg,30079,850ff4c8100be94335afb6a1975aa9c1,4fb0e481c37e215e
test_real_21186.jpg,real,test,test,test/real/21186.jpg,32681,b783881a82c99f1bc81031197c0b663b,4b7cb443a00f8b8f
test_real_21301.jpg,real,test,test,test/real/21301.jpg,27167,28f75a75cc2513424614aa12d458f1c7,6c59fec0e1016a7a
test_real_21375.jpg,real,test,test,test/real/21375.jpg,33591,eb2032df1c29a5831c51d5e35f81943b,11f26af565707254
test_real_21425.jpg,real,test,test,test/real/21425.jpg,26458,26c6f9b4de78019a87d0f4faa705c345,4892b6a339315adb
test_real_21565.jpg,real,test,test,test/real/21565.jpg,29971,9ae82d24a32ccb4c60144a77ec486505,7a2861a5a7c19f89
test_real_21607.jpg,real,test,test,test/real/21607.jpg,26959,57619af5bfca9d3f53c30615c4798459,176a69cc2c58f398
test_real_21890.jpg,real,test,test,test/real/21890.jpg,24867,fd6e96c69bb4630fc6a6e363654f8aac,7ac6a9886d2925cb
test_real_22207.jpg,real,test,test,test/real/22207.jpg,32454,a9599c316ec2dde4064360cef385ddd6,1e6b216227254f97
test_real_22389.jpg,real,test,test,test/real/22389.jpg,27847,c744b172db635e50e649ce0a1f55ed12,25abf7a50444d8dc
test_real_22441.jpg,real,test,test,test/real/22441.jpg,29173,ce84930c0aca82827125b495a086544c,70e7078386dec09e
test_real_22465.jpg,real,test,test,test/real/22465.jpg,27384,69d0e8b908fec85cd35b28bafecaa4c1,02e05a626d64abdf
test_real_22609.jpg,real,test,test,test/real/22609.jpg,30084,0e5425bfa9369439ed256e7674950cc1,6a3c6e9b879a2b08
test_real_22997.jpg,real,test,test,test/real/22997.jpg,24748,a32d3266e6fbba28bbeae89b3870fa9a,6fc09b85192c0fce
test_real_23124.jpg,real,test,test,test/real/23124.jpg,28895,7379010d34b1bb803c0dbf48b0ce5387,1c57702a695d658d
test_real_23228.jpg,real,test,test,test/real/23228.jpg,26954,f73e4e4ea0324068840c989ca47f1c61,5a60698ec5c9c6cb
test_real_23435.jpg,real,test,test,test/real/23435.jpg,27666,781ba509d903ed6b5c349ab3c995a64e,0ba534b2703393db
test_real_23753.jpg,real,test,test,test/real/23753.jpg,30630,a3dcad06f0e707d0d0a6797a6274c6e7,0e437cad3156d38a
test_real_23791.jpg,real,test,test,test/real/23791.jpg,27026,15b7af94c2423e168c81b3b30d1020e8,1b6c656426689b9e
test_real_23896.jpg,real,test,test,test/real/23896.jpg,30882,ac9c91360e217eda24310f9822ca83e3,1f6a706b20ad568d
test_real_24129.jpg,real,test,test,test/real/24129.jpg,31078,ab618e1fbe89859e593000b8928a09fb,15f4f4d3e029c493
test_real_24295.jpg,real,test,test,test/real/24295.jpg,35025,f18cca342c162c41f8c013ef50aad8a7,1b2470c68fe8bb07
test_real_24306.jpg,real,test,test,test/real/24306.jpg,25303,63f9030b637f72aef90dfb16f3f1dbd6,433a34e10e2ebdc9
test_real_24402.jpg,real,test,test,test/real/24402.jpg,27920,43571c70c50188a7d1428750461aa48f,0b29f4b6da949a92
test_real_24405.jpg,real,test,test,test/real/24405.jpg,30900,3508050a94b1a0b927e5079192bb73a9,0bf44553a587d652
test_real_24751.jpg,real,test,test,test/real/24751.jpg,30619,a5720a4f3b4fc6cf4d367b32d9bb477b,40293fe63525c69e
test_real_25084.jpg,real,test,test,test/real/25084.jpg,34794,f41ad3b4468c721222e90620915e043f,4d3d64f2210bcbc9
test_real_25125.jpg,real,test,test,test/real/25125.jpg,36349,b66bf0eaa2d2be926980b7262417e380,1ed0319703789f9c
test_real_25228.jpg,real,test,test,test/real/25228.jpg,33426,ea7427c44bdea9e8ba8be6ec71d5bcd8,499a74da24f8968b
test_real_25236.jpg,real,test,test,test/real/25236.jpg,28760,2245e144ef0a18f15c23f5bde3fb3399,7ce06b97c45c069c
test_real_25325.jpg,real,test,test,test/real/25325.jpg,25669,846f52da8fee48186d88e67890ccf55b,785af508bc37a183
test_real_25398.jpg,real,test,test,test/real/25398.jpg,22191,5892fe023da5966aa4d904175516c05e,403f3e3c3133318f
test_real_25407.jpg,real,test,test,test/real/25407.jpg,31978,c9de263304db4402760a0d2cd7722a0b,0b7821de851bb3f0
test_real_25621.jpg,real,test,test,test/real/25621.jpg,28516,8574b8865de234dc2bb6efeb984d7313,2ff021f2029fca8d
test_real_26180.jpg,real,test,test,test/real/26180.jpg,28647,69f5bbce8971243910c89f1945ad3fad,20deef3e2508c29b
test_real_26196.jpg,real,test,test,test/real/26196.jpg,34477,588032f95264906279007cd43b69dc91,408f2f8d0b6c6adc
test_real_26318.jpg,real,test,test,test/real/26318.jpg,39458,4e6b7f4e0962aeaede63d2319b56ab7a,1ae0e0e7a68ade91
test_real_26479.jpg,real,test,test,test/real/26479.jpg,32848,63593e6d858a618a2a36bbd2232c87dd,2ffc7290d2c986c1
test_real_26516.jpg,real,test,test,test/real/26516.jpg,30288,09e9d21a69d17f73b1eab0148038dfe6,3acee38786c88399
test_real_26543.jpg,real,test,test,test/real/26543.jpg,32652,f524b089d7806c91dffe752335967576,18e395c2261a75db
test_real_27270.jpg,real,test,test,test/real/27270.jpg,23014,0d3cb5c340560fef22def6cf507b14e6,056b762a81bec987
test_real_27398.jpg,real,test,test,test/real/27398.jpg,34602,afe0387ef033a4ba937c198618bcca8a,5886c0c46fcacedc
test_real_27731.jpg,real,test,test,test/real/27731.jpg,29971,c7bde270ce7052c7a2ee296d69b8ef4b,2fe8b5a06077c2c6
test_real_27814.jpg,real,test,test,test/real/27814.jpg,31441,aed15b5f04b4d6956aa655b086755a5a,4fa43493330fc38e
test_real_28525.jpg,real,test,test,test/real/28525.jpg,22596,784bb206424be3566452b0018496cfc5,20fddec068c8c6c7
test_real_28693.jpg,real,test,test,test/real/28693.jpg,30754,9396515d6bb089618754281b02516820,2e3c945ffe288a84
test_real_28760.jpg,real,test,test,test/real/28760.jpg,24037,a58bd0c5901766e46cc8f1de8db28c93,71aac7862cac14db
test_real_28785.jpg,real,test,test,test/real/28785.jpg,25466,2a6128985d9a3e2880af4c8a98cfa2e3,47f8964a747082de
test_real_28880.jpg,real,test,test,test/real/28880.jpg,23668,fb34b3cc779b3c58799294044a1ab569,14a87b176168e769
test_real_29128.jpg,real,test,test,test/real/29128.jpg,29821,25cee44e41e4f1bf5649ed283bd5b49c,0b242d367512f2db
test_real_29143.jpg,real,test,test,test/real/29143.jpg,27538,22d76b856253d6c73aacab42411cc31a,570f7a6834581ec9
test_real_29296.jpg,real,test,test,test/real/29296.jpg,33624,b9f4fd1c5a1db95b72400a7a7f967ee0,0af92d71355083dd
test_real_29370.jpg,real,test,test,test/real/29370.jpg,29538,8f0ab546ddf9f216693e05c85810d914,4af460d6a3d58786
test_real_29374.jpg,real,test,test,test/real/29374.jpg,27496,47d859aae7f8e5e2b78e55a382de84aa,5e722c737429d4c8
test_real_29453.jpg,real,test,test,test/real/29453.jpg,26161,262a31f3ce3689e2ee4557527e71d4cc,1aa160e725ca969f
test_real_29593.jpg,real,test,test,test/real/29593.jpg,29104,393bb69792d3f0a0df0d0784ad069dfb,50a17af501dacf8c
test_real_29779.jpg,real,test,test,test/real/29779.jpg,30380,d6289607c96b305837f9b612d1beb89c,0b5d3d72202956d7
test_real_29975.jpg,real,test,test,test/real/29975.jpg,24992,866bcec30e7d99168777560b2b7703f5,6a6825a525b696d6
test_real_30446.jpg,real,test,test,test/real/30446.jpg,31202,1f37906943ffeff363ea8a3492fb7719,5f7e2c362038e299
test_real_30577.jpg,real,test,test,test/real/30577.jpg,25028,3a94c08eb8289b8d2c37e65568cb93a6,3e7e16b510968786
test_real_30620.jpg,real,test,test,test/real/30620.jpg,29459,cdaff14dbc204d6496edbad996f1845d,1c143fe266234ecb
test_real_30879.jpg,real,test,test,test/real/30879.jpg,25371,c78b0f1a00ba867013cbc83d1638d0f5,5ae06be4413ec19b
test_real_30980.jpg,real,test,test,test/real/30980.jpg,26368,122cdb1f732f8c990e011024091a9b79,52e86147970d9ecc
test_real_31352.jpg,real,test,test,test/real/31352.jpg,20190,3f61f84dd497aa757c8a81e30c42e6fa,7864a562978d96ca
test_real_31436.jpg,real,test,test,test/real/31436.jpg,30105,c3edc254b35bb0cb8c840816e9e491f9,422d7520f382dbcb
test_real_31475.jpg,real,test,test,test/real/31475.jpg,33265,50cc5ff5be53e3ea784d7d11d149e8c4,42923e3d313dc2d9
test_real_31817.jpg,real,test,test,test/real/31817.jpg,27021,296f28c3755d38061c95359cdce437b8,1a6b212725568dde
test_real_31853.jpg,real,test,test,test/real/31853.jpg,27615,69f62fe831170f41d9d8317ef943bedb,497e2f70305ba1ca
test_real_31880.jpg,real,test,test,test/real/31880.jpg,35341,a13f6001b2b233c10024d64f9fd671d4,6a9dca164824f3cb
test_real_31895.jpg,real,test,test,test/real/31895.jpg,28807,a5c8e62153c2150c380f4ab00fcdac0f,585e7060b479bbc4
test_real_32064.jpg,real,test,test,test/real/32064.jpg,28946,624d7f478c9f81c1d1741dbcd9dbbde5,35aa283679316bcc
test_real_32100.jpg,real,test,test,test/real/32100.jpg,36062,ce9191b2829229fef06d17af7b207914,1ffe398474a0c68c
test_real_32118.jpg,real,test,test,test/real/32118.jpg,25860,9dcf4a7a64a1a4a3cc8d93a98d02e394,530d6c86499933f3
test_real_32247.jpg,real,test,test,test/real/32247.jpg,31449,8c766e70fe622a7f9dc46a30f9e132bf,4d9336e931741acc
test_real_32262.jpg,real,test,test,test/real/32262.jpg,21708,58f77ffbf56831aef790093a02a54252,7a646182ad2927dd
test_real_32369.jpg,real,test,test,test/real/32369.jpg,35103,6ddc79c264fe1d11d4bf5371efea2ca9,78b8f5d007682ea3
test_real_32626.jpg,real,test,test,test/real/32626.jpg,29654,1c737c733a01797ecd4999ee9c7b9ce9,1c7e60e5a65492da
test_real_32704.jpg,real,test,test,test/real/32704.jpg,30218,58557d43d201c92bb3217ab29fee89cb,4d9bfe40f04183cd
test_real_32763.jpg,real,test,test,test/real/32763.jpg,23477,e5fbd007b13a5e9a0127ea6b8f69bd05,2d252cdad58b92d4
test_real_32797.jpg,real,test,test,test/real/32797.jpg,37556,e219228f68bd6501b369b85779bc48d3,13cce8a5e160f68b
test_real_32889.jpg,real,test,test,test/real/32889.jpg,31691,a01a2d4fbf5c50a1f95a148d7ea12c9c,2fa8a015b4da9f8a
test_real_32918.jpg,real,test,test,test/real/32918.jpg,39287,80e48afbe140c8d886a762833083e69d,7e45a557a2c2ca94
test_real_33007.jpg,real,test,test,test/real/33007.jpg,26889,6a68fcc4a58d7dd84820a01ff1f51540,0ae730723468d7f2
test_real_33036.jpg,real,test,test,test/real/33036.jpg,34763,8a775147274f10bfe4b0f45204783a75,14e262ed656a56c9
test_real_33459.jpg,real,test,test,test/real/33459.jpg,34184,73ab5e43f08b9ec77089bb0baa3f8bac,1eb9e9f0e0c2829b
test_real_33679.jpg,real,test,test,test/real/33679.jpg,28128,2ad5afc880db253cfb98f6b89bfa2bcc,7c91a1d6c3ca899c
test_real_33852.jpg,real,test,test,test/real/33852.jpg,26146,e6d3dbc841943853823640f745d287fe,419f603e613d23f8
test_real_33864.jpg,real,test,test,test/real/33864.jpg,18781,22ee124b58fc788773f344956ce28ab6,123e79f0f919cc88
test_real_33968.jpg,real,test,test,test/real/33968.jpg,27245,aba1f5b9c5bda45423fbe8be26651074,0560f027e13eaf96
test_real_34278.jpg,real,test,test,test/real/34278.jpg,26389,cadf8ea3ab2a204ae69da6e7b15488f6,35c583d64a2f7590
test_real_34295.jpg,real,test,test,test/real/34295.jpg,41350,f46c052de46158078cf6e9ca5408fd12,49873ee4732486cd
test_real_34406.jpg,real,test,test,test/real/34406.jpg,28357,c7933fda195ebe43c1a416ba04a26b18,4f1679e3303c32c3
test_real_34503.jpg,real,test,test,test/real/34503.jpg,26149,3b9203bb44897855d91c8aa5cc979ede,0f40747fb26817d4
test_real_34685.jpg,real,test,test,test/real/34685.jpg,26240,2b131163f9322c7db1ebbcb2a6b66597,3ba41bb43072c9cb
test_real_35189.jpg,real,test,test,test/real/35189.jpg,30931,9f54e6d11bad0aaf5834bb7f1b9405e7,5b0678767150a3da
test_real_35441.jpg,real,test,test,test/real/35441.jpg,23034,b1ebbf64a7c226e31ac340f1b9145267,38e4b1436725c6cb
test_real_35575.jpg,real,test,test,test/real/35575.jpg,30719,b8abf45cd589a164ed3f32e77c26f723,322e67f47460929b
test_real_35628.jpg,real,test,test,test/real/35628.jpg,26851,79ada003211e4195960af753061a69df,584f6562762926cb
test_real_35720.jpg,real,test,test,test/real/35720.jpg,29160,2cca3f38d1de17963d72357872ed5ca2,1a7c7029b079e4c7
test_real_35721.jpg,real,test,test,test/real/35721.jpg,36713,68a929afa661d40b69e79f66f5b29b32,5b12e4c6a33931cb
test_real_35772.jpg,real,test,test,test/real/35772.jpg,35214,2827a70b85ec4c40b80b586d8728cb54,1deb50422865ebea
test_real_35846.jpg,real,test,test,test/real/35846.jpg,26240,db3a2b914d71582ea4a77d72080a0189,5e017013737d27cc
test_real_35871.jpg,real,test,test,test/real/35871.jpg,31836,35bb60f39afc48f3cd65872e15e54a3c,2e915ab872235fd0
test_real_35988.jpg,real,test,test,test/real/35988.jpg,26269,a1480cb9722d27d1ce32b060a60ce260,0758bae169ce958c
test_real_36086.jpg,real,test,test,test/real/36086.jpg,27815,111f225769bcfb25c8b54ff24e249ab7,077aa070e11fc38f
test_real_36261.jpg,real,test,test,test/real/36261.jpg,32576,ae4e982e0568ebe2979051090063f38d,12c9834b493def8a
test_real_36580.jpg,real,test,test,test/real/36580.jpg,26711,cf08d14be7fe23d37edffc6493c6350e,1e656827259e9a95
test_real_36798.jpg,real,test,test,test/real/36798.jpg,29132,0f91b41d5bf0d1e0ebca59dc1a4b95b0,2b72a5c3822aab79
test_real_37147.jpg,real,test,test,test/real/37147.jpg,31626,e965efec9aff5da844b0af1a5f282e47,5fb028f46063e38b
test_real_37183.jpg,real,test,test,test/real/37183.jpg,33799,03b4223a5f148704a599151fc55dfbbc,5e6769622b94899a
test_real_37194.jpg,real,test,test,test/real/37194.jpg,23814,4264496c19bc3de6205a0aa0a23d0e55,21ada292d2da82df
test_real_37563.jpg,real,test,test,test/real/37563.jpg,25398,333aafde5fb7a5d0c67a68cddc527da6,430f3c3c7039b7c2
test_real_38022.jpg,real,test,test,test/real/38022.jpg,24649,b7c9a5ad4bfe48a876de5229d5ecf1a9,782c2be28aee838e
test_real_38077.jpg,real,test,test,test/real/38077.jpg,24366,669000e75392c4ea2d72cdf516e26155,118a83963573766b
test_real_38473.jpg,real,test,test,test/real/38473.jpg,28871,f62f0845d3c98d50fa9464fe38254c90,7a6b2121a1539f8b
test_real_38812.jpg,real,test,test,test/real/38812.jpg,26380,5d7ea7a5347f6a5e077b085db265f7e4,0f2d6937253a8699
test_real_38987.jpg,real,test,test,test/real/38987.jpg,28343,aa02a86c112c562be2226aa24854b516,5947672e2664ce98
test_real_39412.jpg,real,test,test,test/real/39412.jpg,35251,4a1cb719b33ed50c65c8f856e6ff00ee,2b387b87400ab5db
test_real_39441.jpg,real,test,test,test/real/39441.jpg,31326,e006dd4ed39a31a977272ff40ff31e58,2d852e85e80f761e
test_real_39528.jpg,real,test,test,test/real/39528.jpg,30354,601ffd954545fff0bfd48efc83857afd,7a5c1f86b51ce01c
test_real_39570.jpg,real,test,test,test/real/39570.jpg,29142,b2ef6ef65b835cf65e4ba8a0abd3c30b,118d057ea3dcc2d6
test_real_40126.jpg,real,test,test,test/real/40126.jpg,26936,fb75d065a47e8a83892b6611c531df66,6aa215a41dd497da
test_real_40353.jpg,real,test,test,test/real/40353.jpg,26261,0b562b9e23632effc5b7cf8179d725b6,0bf464f23e79028b
test_real_40474.jpg,real,test,test,test/real/40474.jpg,26305,9d98e7a4817834eab06fe856adc874a8,0fa530b2d2cbcb89
test_real_40581.jpg,real,test,test,test/real/40581.jpg,32058,53eab7452bd91304a15efb8fb339b02a,08553de22f69622f
test_real_40604.jpg,real,test,test,test/real/40604.jpg,25075,abac850116f4a100b6eb24d5e3a33742,106a52ed656ad695
test_real_40769.jpg,real,test,test,test/real/40769.jpg,29777,b453376d46450ee21314a6c467980207,1c576836e05ada8b
test_real_40861.jpg,real,test,test,test/real/40861.jpg,26389,962a95a78727f8b58803161c8bdb4f2d,7862a5e516b5ca94
test_real_40865.jpg,real,test,test,test/real/40865.jpg,28716,39ee97d2168f1b4b825bcfe3c5233ec4,2fa5fa74707402d8
test_real_41106.jpg,real,test,test,test/real/41106.jpg,34255,80a7da3aa3301182e054f5a2659487f8,4f1b0cd6bd0860d7
test_real_41250.jpg,real,test,test,test/real/41250.jpg,26676,8701f039cf6c96cfef297c04cb104f98,3c68a9c5a14e27d3
test_real_41349.jpg,real,test,test,test/real/41349.jpg,32335,b932d416505d3aa9756dd3778acc9647,42077c8fd11c23fc
test_real_41492.jpg,real,test,test,test/real/41492.jpg,31416,6fb9f716f7d5f6ad899e6762cf1c8780,18e46b65656ac29b
test_real_41779.jpg,real,test,test,test/real/41779.jpg,29943,a67718d44c0500a55330c4181eb1c9cd,5aa478e6215a99d9
test_real_41839.jpg,real,test,test,test/real/41839.jpg,29318,e7a39e63a55fee93b41670c97dfd943a,1b5042ad7d7d829c
test_real_41950.jpg,real,test,test,test/real/41950.jpg,23428,e0de9c277c227dbd2ebd489011f3d725,174c6a35692527da
test_real_42248.jpg,real,test,test,test/real/42248.jpg,26080,811a5cd8aeed10e1c6f67cae94a7b066,42242f27347d1fa3
test_real_42255.jpg,real,test,test,test/real/42255.jpg,38442,8d6c61f3a14266c1c34f9c98dce3fa61,4fb9f403303782cd
test_real_43118.jpg,real,test,test,test/real/43118.jpg,27178,13144bbd2e86bb6ebdcb39770644e84f,1e1a31a727e4509f
test_real_43407.jpg,real,test,test,test/real/43407.jpg,32159,a0600abb2948c39be526093563fd065b,50bff507040e3ada
test_real_43410.jpg,real,test,test,test/real/43410.jpg,26628,61a81dc96b89041b93a9785a961f13e7,4c6b322d3b26391e
test_real_43508.jpg,real,test,test,test/real/43508.jpg,32489,25c4c80ac6113a708efe8d437f23bf9f,252d725a721d87ca
test_real_43606.jpg,real,test,test,test/real/43606.jpg,24457,7d843e793b58394db03be04c5a4fbc1f,4f79280705175ed5
test_real_43955.jpg,real,test,test,test/real/43955.jpg,31758,1a34fb020607b82c68a840c9c9212095,55632a43f0cf82cd
test_real_44229.jpg,real,test,test,test/real/44229.jpg,21160,4d84d05a7777d7ed6b33f11b20941f4a,6dbc12b053b4c38b
test_real_44572.jpg,real,test,test,test/real/44572.jpg,27258,5986f3693524b86d4d1f3e02627860a1,3d5cc3b4ad30aca1
test_real_44787.jpg,real,test,test,test/real/44787.jpg,25993,a3a883060a04d42610293d263aee3c49,7dad0da055aa07d8
test_real_44904.jpg,real,test,test,test/real/44904.jpg,32136,0112f3376849f7f62ef8b5b7d9d7f4cf,4eb934723703868f
test_real_44916.jpg,real,test,test,test/real/44916.jpg,24732,f48766b315d9aa1d543b7d0639340679,6aa17cf2258a82de
test_real_44977.jpg,real,test,test,test/real/44977.jpg,21150,38d6b8f7810dbea16b96cb8f0bc40165,4bcd64323438f3d8
test_real_44999.jpg,real,test,test,test/real/44999.jpg,27008,e39601c2511ddcc347067c33c657dc9a,3fbc52b0c1e2c0cb
test_real_45253.jpg,real,test,test,test/real/45253.jpg,26748,c4f1f78eb2d81b3096cb1a685bcc0cc5,1aec68a7215f838b
test_real_45263.jpg,real,test,test,test/real/45263.jpg,31396,3453636d5960813d7f0c2b8d6e2b3e94,0a157a27f46917d8
test_real_45270.jpg,real,test,test,test/real/45270.jpg,27733,f4584a972c4657e900ef6e1bcf661cc3,43ad2f34343e7298
test_real_45373.jpg,real,test,test,test/real/45373.jpg,29855,ba014025fccab4548b6288e6d8b83bdc,0fad7452747da2c0
test_real_45716.jpg,real,test,test,test/real/45716.jpg,24354,2dbdc4fcb5de42f15b6b969aa9ee0365,71c218ee257c678c
test_real_45896.jpg,real,test,test,test/real/45896.jpg,26363,4b3b00b4d9be3647c61e122941ed6dfb,427a3533715d0fc8
test_real_46149.jpg,real,test,test,test/real/46149.jpg,30922,8962ab78227b8a88b428f7e45cf65a6b,3aa495c2d20fca8f
test_real_46236.jpg,real,test,test,test/real/46236.jpg,34789,9be1186860d5019907c161f1752921a8,7ee0a187ad2489d6
test_real_46292.jpg,real,test,test,test/real/46292.jpg,23428,72eb914939b3a9a734cbdf605634873d,1a6d35663268939d
test_real_46406.jpg,real,test,test,test/real/46406.jpg,27816,7476e217c24256e3417fd5744967b466,234ffc042130d7d7
test_real_47011.jpg,real,test,test,test/real/47011.jpg,29952,a5e1ffb530d81167ebb051fa4c0c3b6f,4ff17dc7070e0688
test_real_47076.jpg,real,test,test,test/real/47076.jpg,27740,4f135a46a78ee9520b56344c192b6b15,3ea4e10fe40ab68b
test_real_47092.jpg,real,test,test,test/real/47092.jpg,26330,d2d153cd92c7e9cfa85d086f90d959c7,1e2935e732da8b88
test_real_47238.jpg,real,test,test,test/real/47238.jpg,31653,c665c8b0be0cf276c541c9193c7f0d73,1e69782571327789
test_real_47457.jpg,real,test,test,test/real/47457.jpg,21841,ce3dc586a6aa0dd8e679cbca73e217ea,7c602766e1609ed9
test_real_47654.jpg,real,test,test,test/real/47654.jpg,24493,28e0381f7478ec80d4b808fb1a18ea72,29b47ef6f0c2c288
test_real_47867.jpg,real,test,test,test/real/47867.jpg,32417,817d6bfd7c6450811ec5e178fbbfd594,572825f74207c29f
test_real_47986.jpg,real,test,test,test/real/47986.jpg,33455,61e5e1f9ea130c6ad45c1263044562b0,0fb23eb0f095858d
test_real_48308.jpg,real,test,test,test/real/48308.jpg,28366,5799f12002cc8dd393d70f5ae1cdeb52,3f784ae5422cd58a
test_real_48334.jpg,real,test,test,test/real/48334.jpg,22530,7714d55ea3af0598f13d679ce36f56ef,7ea95e91a5509ad0
test_real_48339.jpg,real,test,test,test/real/48339.jpg,27656,bd47832ef127e3af8ceea5a0cc69e2f2,3fb4701a616ce295
test_real_48588.jpg,real,test,test,test/real/48588.jpg,32287,17b9ec718aefbd454c9dc5c1812f5e82,4eab79b72392a288
test_real_48624.jpg,real,test,test,test/real/48624.jpg,29780,c585e0dfe48e8e6cde560dab62d0e658,2cf005f702de869e
test_real_49033.jpg,real,test,test,test/real/49033.jpg,25924,0e54dcfed19d27c03f61e6882902b9b9,7ab047a0257683cf
test_real_49135.jpg,real,test,test,test/real/49135.jpg,32059,b44dbe5108487b2e949b1e092e06f530,4c87b8e0a1fc83ce
test_real_49143.jpg,real,test,test,test/real/49143.jpg,28310,de64e7deac9d3b5ae12bda295adcc99e,579c1d1c707153d2
test_real_49262.jpg,real,test,test,test/real/49262.jpg,25192,e2e1f5da41d919ab9183bbd083f7f60b,517e488eec6658ca
test_real_49266.jpg,real,test,test,test/real/49266.jpg,28927,dace95041fc4294609a804de99520339,4a932ce270ade38e
test_real_49472.jpg,real,test,test,test/real/49472.jpg,31897,c03d0e49967ef0b98bf83b031ee0a616,39b758da485866d8
test_real_49665.jpg,real,test,test,test/real/49665.jpg,26598,ba9fc00fb12e9d7a7f6c5272e2f5e464,2b347de0677602d2
test_real_49916.jpg,real,test,test,test/real/49916.jpg,34042,403bbf0949a13132d3d70b6eeaa1fc82,610b57f426621fd2
test_real_49932.jpg,real,test,test,test/real/49932.jpg,31081,9a2c3a37e48664db279f4319adfa703c,5e0d39e0744a96d6
test_real_50141.jpg,real,test,test,test/real/50141.jpg,22990,dcc0f0a3c8bc5698a5e5e0bed9261224,73a41cc35c642bdc
test_real_50160.jpg,real,test,test,test/real/50160.jpg,31060,96f87e7fc3bfbe44b497896c3d890038,1fbd34c4f25c4292
test_real_50187.jpg,real,test,test,test/real/50187.jpg,27480,8fe50342ef53dae217376673f3044d60,077ca972f12b5a81
test_real_50371.jpg,real,test,test,test/real/50371.jpg,35153,6b1ea48408173a63ecb794b8e73fc4a7,09c41fa23bfd7092
test_real_50403.jpg,real,test,test,test/real/50403.jpg,34615,3190a36d200b9853d8cd413b50ca967d,0bac755071aa8b8f
test_real_50489.jpg,real,test,test,test/real/50489.jpg,32590,347d375167006eb5b45ee8d46eacdc57,5c2b35f0432707da
test_real_50496.jpg,real,test,test,test/real/50496.jpg,28628,c6e451b689b90540adbcf45f018d22a6,2fd005b6c1ded688
test_real_50552.jpg,real,test,test,test/real/50552.jpg,39847,537e589a8c9e0b50d5b4447eb098fcd4,5ec029873f9c14ba
test_real_50580.jpg,real,test,test,test/real/50580.jpg,26505,d1cadeef5f535c571f08114d642f4923,1cc471b3623366d3
test_real_50644.jpg,real,test,test,test/real/50644.jpg,32791,322d351f386ddea2ecd0f20a6d78674f,1ef0e72304f8869b
test_real_50662.jpg,real,test,test,test/real/50662.jpg,28173,7d5c83ba7d86e1b586f8399dbd4dc3d7,30ad77f005d3c28b
test_real_50771.jpg,real,test,test,test/real/50771.jpg,26231,db7824af75a74a68de72494f8dbd663d,566061f0acc3c8df
test_real_50894.jpg,real,test,test,test/real/50894.jpg,25144,137779f81c6220238b02a75d095bebf7,1fa170e3334682de
test_real_50928.jpg,real,test,test,test/real/50928.jpg,31386,3da7dbb7c2a3a91033a13530fe6ecfd9,4b3f3576b608c2c2
test_real_51197.jpg,real,test,test,test/real/51197.jpg,27669,cad9e97c5f493763ab1c9e6a5d5b70f4,1e236ba76c24439e
test_real_51502.jpg,real,test,test,test/real/51502.jpg,21980,b9f466c0b2e983746431769c5a2d3fe3,42ad2d727441f2cb
test_real_51519.jpg,real,test,test,test/real/51519.jpg,29161,aa79eda7ab2a3cbe5499130bdfd51df7,286aa5859e3c5c9e
test_real_51686.jpg,real,test,test,test/real/51686.jpg,29179,c13658814b3815f59f6361f975b0b5d5,0a3595069e5d78d6
test_real_51871.jpg,real,test,test,test/real/51871.jpg,19521,584804b6d8e5adb90a4575386f015bb4,465a69a9ac6d8999
test_real_51885.jpg,real,test,test,test/real/51885.jpg,29811,33f83ca477b4455aa17a50897d98ed2f,553cc2da0d60bdc3
test_real_51958.jpg,real,test,test,test/real/51958.jpg,24117,bb9456a4769367b77778f4c830299ca2,2de44247caee8a5a
test_real_51995.jpg,real,test,test,test/real/51995.jpg,26294,7c48c6273a2538d16021c8721f70bf87,58e02b2621fe82df
test_real_52000.jpg,real,test,test,test/real/52000.jpg,29011,6257ab77c024ab5f077df31b5ae8b1aa,4b2d3d12f015d1ab
test_real_52449.jpg,real,test,test,test/real/52449.jpg,36323,5007495854a34306f4ade7eb83990a6d,5e2de032f5684b89
test_real_52616.jpg,real,test,test,test/real/52616.jpg,26433,788947c8c98137df34164d5c60af2af7,7edd303432207f83
test_real_52704.jpg,real,test,test,test/real/52704.jpg,32432,c21aa9fa6e5aa818d02afe2e1a14a9c2,5a77692c642c67c2
test_real_52948.jpg,real,test,test,test/real/52948.jpg,35254,b8beaa033d0d43a37ebad8a4f04186c3,07f97cc34a46688d
test_real_52976.jpg,real,test,test,test/real/52976.jpg,33306,6c94711dd21815c974f91cc3704129f0,2ff09442e974c2da
test_real_53092.jpg,real,test,test,test/real/53092.jpg,35380,9ee9096d3d5349a6ea781b803ed4e3ba,719c4796de68268a
test_real_53523.jpg,real,test,test,test/real/53523.jpg,31948,5f21851f5f9f38cc4b50df7017cea332,5b5ae8f068e5c2c8
test_real_53687.jpg,real,test,test,test/real/53687.jpg,28544,014f0e4a78ce912b810786a64e670618,4b3e60773ac158d1
test_real_53712.jpg,real,test,test,test/real/53712.jpg,26033,18622695b2d88c2e2eae2018587e13b0,795ae0c00f5b867c
test_real_53968.jpg,real,test,test,test/real/53968.jpg,32583,6655be5367e86fd14494f2aff024e089,68f8ada1d109c39d
test_real_54078.jpg,real,test,test,test/real/54078.jpg,26294,d6c81323c0221ef49ad36f64dd6e1386,74ca8b3d6965898c
test_real_54225.jpg,real,test,test,test/real/54225.jpg,26335,778bc412908dd5aae9326de016d95c24,71c76a8d6c258d89
test_real_54262.jpg,real,test,test,test/real/54262.jpg,26930,6c27fe6d691a6c6f8c4b2358235e3ca4,2cf82005f72d5795
test_real_54627.jpg,real,test,test,test/real/54627.jpg,24521,95d0c32766ad4c1531c2f64562a8baec,377d7ef8d080c0c8
test_real_54631.jpg,real,test,test,test/real/54631.jpg,32440,a67a4cc8c675a59d6fbbd3468974be31,785b271cc639e318
test_real_54685.jpg,real,test,test,test/real/54685.jpg,30722,f75a69f18b479a2a28bf69cc7970077b,0f8c2f10f33b9ac8
test_real_54859.jpg,real,test,test,test/real/54859.jpg,36087,ed84b9d6cb1ad6e4c0b5d1dd035d3b1b,7e53672304619ec3
test_real_54968.jpg,real,test,test,test/real/54968.jpg,25603,91a3da71aaceff9b51e7bca8eef36c92,7acc61a567252587
test_real_55152.jpg,real,test,test,test/real/55152.jpg,27417,c5074cc2334915ff32674759eb889b94,426679247978d88f
test_real_55168.jpg,real,test,test,test/real/55168.jpg,29724,d9e23cc878b887307e3fdc386bc6a7d1,5f7830f0e0c9c3ca
test_real_55574.jpg,real,test,test,test/real/55574.jpg,25726,3fc80a99b426cc4956e4ef3ec0b3dc06,1cbb6cd186acc26c
test_real_55707.jpg,real,test,test,test/real/55707.jpg,38554,94da6afade27ef1d375e59de710df2bd,1ba469c6d93933a1
test_real_55858.jpg,real,test,test,test/real/55858.jpg,32505,5921d690fc1f9a792b9c11568c6ec5ea,5e40078f8c7d333c
test_real_55935.jpg,real,test,test,test/real/55935.jpg,30798,d9ff03d83e0c343df1ff534af5564dfa,0534e6c77c30729d
test_real_56007.jpg,real,test,test,test/real/56007.jpg,31864,b6aeee0b2d90270aa63921b54191e1b0,7ba49587d0721333
test_real_56069.jpg,real,test,test,test/real/56069.jpg,30248,9cbb9ec86875277ad6fc66874733ed52,4aa335ce70581b9b
test_real_56596.jpg,real,test,test,test/real/56596.jpg,33363,6333b0a2984d3d23b9b3a13c0fb1d6f6,16a4dedad073c113
test_real_56649.jpg,real,test,test,test/real/56649.jpg,25259,20fd25b0160fa95b3eb58c2b9322068c,16eaa4e1e5565616
test_real_56734.jpg,real,test,test,test/real/56734.jpg,25199,33cce31eab5068217156af510b27408c,47f4ffa0200adbc8
test_real_56884.jpg,real,test,test,test/real/56884.jpg,31299,905f4b47fa1f2dc194a5ff64198e13f4,0c8658871ff52bd2
test_real_57063.jpg,real,test,test,test/real/57063.jpg,28481,f98e4e6f2a4813f59df4c1c295091a10,584a29a7632dca9e
test_real_57230.jpg,real,test,test,test/real/57230.jpg,33506,92237ba60e9c66391bd0ae151d406283,4e6929272324e79e
test_real_57298.jpg,real,test,test,test/real/57298.jpg,30664,46dee678b58f2792fb3c682e49a910e2,5e2f05d11058dddc
test_real_57686.jpg,real,test,test,test/real/57686.jpg,28802,43b6fbc0f6e9e6ef1a981a48759fbc49,654a25356b356b92
test_real_57714.jpg,real,test,test,test/real/57714.jpg,28624,86356a0bf8be9d14f65190be1d64ac60,78e02ba7278c859e
test_real_57985.jpg,real,test,test,test/real/57985.jpg,28343,d92536e6b7adaa376fbb85219e0c7147,185e615725cc9eca
test_real_58157.jpg,real,test,test,test/real/58157.jpg,29841,ba7f224956f81d17fa6ac466b52860d6,17bc9ad1d1216387
test_real_58216.jpg,real,test,test,test/real/58216.jpg,25201,069c8c18068fcae7267a15a612765276,3e7821714926cd9d
test_real_58239.jpg,real,test,test,test/real/58239.jpg,30682,3acf96e78d9e3305fe18e49766dbfb51,774828adaf949e88
test_real_58583.jpg,real,test,test,test/real/58583.jpg,29877,c0ad3adc501f7dd804a098e9aab7a7cc,34eae2e16541c697
test_real_58634.jpg,real,test,test,test/real/58634.jpg,28916,76c0a61da9fcfd36e7c9fdc14073b0dc,2c78b6d293c88b8b
test_real_58766.jpg,real,test,test,test/real/58766.jpg,35748,6c6c43861a95f05f1aefd871b05b5949,4a4e4796751c3535
test_real_59043.jpg,real,test,test,test/real/59043.jpg,20474,e510f7e6b54d7fccedb49042a0fc1e62,253232c3993e73c9
test_real_59074.jpg,real,test,test,test/real/59074.jpg,29903,0038fdd913ac7483f0dcb8dbea840d31,4f59b46ad1244ba6
test_real_59343.jpg,real,test,test,test/real/59343.jpg,32052,0a36e5d94f11285c32974064c7ca213b,187e21e325c6a68f
test_real_59548.jpg,real,test,test,test/real/59548.jpg,24498,0db90f0a7d6410c6b35c4cead1107707,1a72473dce30d329
test_real_59625.jpg,real,test,test,test/real/59625.jpg,28500,e0fc833d91e52b4647e55bbca821c524,1c42696765657b52
test_real_59695.jpg,real,test,test,test/real/59695.jpg,24824,ce64c08e75cafd1763d7e092f73da295,1e5d29632060a7df
test_real_59792.jpg,real,test,test,test/real/59792.jpg,32291,ad0b7fda661bddc682f92e6558ffac75,43af04143c3fd6d8
test_real_59907.jpg,real,test,test,test/real/59907.jpg,34921,c71a4f8a0c6fdd38eb443af3d8fbc2f8,1e4b7467254892dd
test_real_60249.jpg,real,test,test,test/real/60249.jpg,27096,79b801bbae135865a0431992efbce772,5f022823707dde8b
test_real_60311.jpg,real,test,test,test/real/60311.jpg,30279,82dc2ed38a19ea51df36baf1e0d1cfba,51e4e8c2d50b569b
test_real_60518.jpg,real,test,test,test/real/60518.jpg,30419,20751a889e9d394f2764485b533058a8,25fa478504667cd6
test_real_60691.jpg,real,test,test,test/real/60691.jpg,28755,f1af5e7b097078d41683fa3ea58e222c,4f25b57517808e96
test_real_60759.jpg,real,test,test,test/real/60759.jpg,28841,e899a2fbc85c90a4df461f7b36335bc5,4b0c26fe3311a0fe
test_real_60782.jpg,real,test,test,test/real/60782.jpg,26321,dd7326fe39a82bcb633f0528564468ec,42c63e0f323d1b99
test_real_60846.jpg,real,test,test,test/real/60846.jpg,26280,900714da616a4e62ae76495234ea30d8,561e7027743582de
test_real_61242.jpg,real,test,test,test/real/61242.jpg,27597,e000493d536d40dbb55b3df202021a48,526522af859c959d
test_real_61353.jpg,real,test,test,test/real/61353.jpg,30371,35411b55e630369f7463f68d80ad66f3,7ee0a08387df868c
test_real_61448.jpg,real,test,test,test/real/61448.jpg,34987,756b264618afdca6805441028f23a942,5ce7638765988689
test_real_61490.jpg,real,test,test,test/real/61490.jpg,27644,2d26101ef84e2166475df6419926162c,2f3470b072b9c38b
test_real_61502.jpg,real,test,test,test/real/61502.jpg,37652,93456666a0787e432f16ff0eabb3b370,109e9f506a622abf
test_real_61693.jpg,real,test,test,test/real/61693.jpg,27536,c710421f1cbd1967db484002bdc49e29,43fcefb460364312
test_real_61713.jpg,real,test,test,test/real/61713.jpg,31601,066523aac1b7fedb84d70cd076221194,160b2a6d74ec989b
test_real_61875.jpg,real,test,test,test/real/61875.jpg,27574,b954694af893a0ddbc0860df71495944,2a7a7575468c8aaa
test_real_61970.jpg,real,test,test,test/real/61970.jpg,25226,73c18d4a52b67323b8b544df626b483a,263f32faf098c8c8
test_real_62185.jpg,real,test,test,test/real/62185.jpg,32195,fdddc8011e1cae251932af057e3d5d38,1e2a2aa2b579dea0
test_real_62217.jpg,real,test,test,test/real/62217.jpg,24884,2782d3d6cef931f49ad2e339af3cee78,26a25db67932689c
test_real_62269.jpg,real,test,test,test/real/62269.jpg,41072,0573c49d893a07a5b7820c317eec5da6,28ba8488c37f5b6a
test_real_62275.jpg,real,test,test,test/real/62275.jpg,28293,1577cfc3c3c6c028a7716be0c8c3ae29,03343ec1d22977ea
test_real_62319.jpg,real,test,test,test/real/62319.jpg,32233,796d37413017831b9a7eb5adea3d6dd9,4cc98a3730d2d3da
test_real_62557.jpg,real,test,test,test/real/62557.jpg,26109,f41db4463566199e783892113a0e64f7,4d213a56b0abc1de
test_real_62694.jpg,real,test,test,test/real/62694.jpg,25783,3ca816bd8d8d82ada93c3ec14fc2904e,3db6b0b2a0535317
test_real_63162.jpg,real,test,test,test/real/63162.jpg,29205,5edbd8f61068756e113f008854e0f29d,09cc7cf724f9a0c8
test_real_63326.jpg,real,test,test,test/real/63326.jpg,27908,687baa0299df2062b45ce82874b96751,07637186a7c17ec8
test_real_63576.jpg,real,test,test,test/real/63576.jpg,26842,15b011d07a8928fe5ac6e95e9185e232,4aac61743529f2d5
test_real_63634.jpg,real,test,test,test/real/63634.jpg,32591,91598bd4bcacc9d543926bed0e12195f,05dfd082797ce483
test_real_63842.jpg,real,test,test,test/real/63842.jpg,24413,21983f6b46f61fe42aa2f808d5d6df42,4d9a30531fcd839c
test_real_63883.jpg,real,test,test,test/real/63883.jpg,29322,1920b0fcc216756618b2372892aeaa81,3d4a61858450fe9f
test_real_63977.jpg,real,test,test,test/real/63977.jpg,41118,a08d17c3e0363e0c0faf0474f82d4725,3fe550d4919da08b
test_real_64239.jpg,real,test,test,test/real/64239.jpg,30002,248602497752505d75980709d440c67f,0abd75f674a8c08a
test_real_64254.jpg,real,test,test,test/real/64254.jpg,32133,b5dc8d444154ae96eafffd18864bb52f,170fe84fe109728d
test_real_64726.jpg,real,test,test,test/real/64726.jpg,34557,2f7b34cbdf77b13782c6e95d3cea81ab,4e25e5c7aa905a72
test_real_64753.jpg,real,test,test,test/real/64753.jpg,35088,1f10032f05edae2a4b0ea4f1a9e59095,6bda0ff46c50028f
test_real_65122.jpg,real,test,test,test/real/65122.jpg,28975,13fc1226dc9cfeb8aa643731ac475b16,1dbf70f03043d28d
test_real_65172.jpg,real,test,test,test/real/65172.jpg,28357,397b56a0f0e442abf434e45bb52038fb,0bb574f26262c2da
test_real_65294.jpg,real,test,test,test/real/65294.jpg,28662,75b4bb06dbdfcb62aaea67b9f43d0ced,3e8071a17721979b
test_real_65340.jpg,real,test,test,test/real/65340.jpg,28411,66ab0f54247abd83fb8973eb13be14f6,0b293572385d56da
test_real_65390.jpg,real,test,test,test/real/65390.jpg,32363,9c7fd4b97b8c1a8cfecfc43698c88df0,29f820e53e94de98
test_real_65808.jpg,real,test,test,test/real/65808.jpg,33259,11e8e2ed44e0b2716152416c30739557,1f94219b746556b2
test_real_65848.jpg,real,test,test,test/real/65848.jpg,30127,7e07564ab9ecb63614c3691307292913,5ce0693735309b9a
test_real_65865.jpg,real,test,test,test/real/65865.jpg,28963,e92cdf4173cd8bf765900edbf5b7db1f,7f38619c2334b3c4
test_real_66011.jpg,real,test,test,test/real/66011.jpg,26465,85ca0b306e7be11321df613b1430d86f,4a342f3670a1d9da
test_real_66024.jpg,real,test,test,test/real/66024.jpg,32472,00b09976e6dd5ca130438537681935d0,47f86d02d02d8f8b
test_real_66025.jpg,real,test,test,test/real/66025.jpg,23753,89cb9900ad32868df5b6dbe290624aff,38e843e12de1859f
test_real_66111.jpg,real,test,test,test/real/66111.jpg,28711,c16561669750f627431e53c75fc6ae67,4bbc3ca034bba299
test_real_66184.jpg,real,test,test,test/real/66184.jpg,27318,106f419fde644af450fd065fee7b21e9,1a48f50bb44b92db
test_real_66448.jpg,real,test,test,test/real/66448.jpg,27833,27253be9d6749e2b694c88afe5eb446a,3d5ba0027127c3cf
test_real_66456.jpg,real,test,test,test/real/66456.jpg,34672,028db41d43d1677898a28a542447f078,08e397b57c169398
test_real_66479.jpg,real,test,test,test/real/66479.jpg,27143,8f1a2887b96dd356d769720b52886c23,3a6c64b57039929b
test_real_66675.jpg,real,test,test,test/real/66675.jpg,29049,0132d5e55bda252a0f80647bd26971d6,0a622de125fe869e
test_real_66830.jpg,real,test,test,test/real/66830.jpg,31050,d653a9c487fbd4bc0b5f3abe0395c4c9,293d746223438fce
test_real_67150.jpg,real,test,test,test/real/67150.jpg,33238,1ae63b16cb27417e71a7b8cf831b3dfb,0daf746a3258e2ca
test_real_67339.jpg,real,test,test,test/real/67339.jpg,29339,5f21f90ad1e2f2d7c0535a32173e4eb3,025279a86d69de8d
test_real_67399.jpg,real,test,test,test/real/67399.jpg,24290,626094c58786691763149aa84f1863e0,69928795ca499c6e
test_real_67729.jpg,real,test,test,test/real/67729.jpg,37614,69a5106555eb9010bd09341f3a09bc56,04fdfca4a5804fca
test_real_67829.jpg,real,test,test,test/real/67829.jpg,22032,46567ebfb6e29fa86ef84f144ecae99f,46564f626c6c95c6
test_real_67997.jpg,real,test,test,test/real/67997.jpg,32153,e64b249aa7f1fc6a374997df4bf2a2ef,1e7063c520a35bcf
test_real_68024.jpg,real,test,test,test/real/68024.jpg,26114,3cf1b8d7ac00d2aae9d9b0333dcab965,60a77a21b91ade89
test_real_68383.jpg,real,test,test,test/real/68383.jpg,34553,a95d58003df077ab4aabaae400d889a8,4fa720a635349796
test_real_68440.jpg,real,test,test,test/real/68440.jpg,29336,5545dfa1c6a8833d5416b1f8cda3be04,28fc25f15681d69a
test_real_68556.jpg,real,test,test,test/real/68556.jpg,24985,ef7924fe551d31ef191f73e9c6e81ef1,0fb470f27223c38b
test_real_68853.jpg,real,test,test,test/real/68853.jpg,31413,d0e18b95fc3b45169fca8885e997ab97,601cbc4be54327d6
test_real_69240.jpg,real,test,test,test/real/69240.jpg,21653,6e5d2f29c143e8ab6d45e659573f5e4d,18ac5837681f817f
test_real_69455.jpg,real,test,test,test/real/69455.jpg,39729,e2ea862d10c68835e473e2b497f095c4,6e1552ded02a25ad
test_real_69679.jpg,real,test,test,test/real/69679.jpg,25884,47b2de9db6169c2f4a73863028f9ca44,0b54525a2b3dd3ca
test_real_69786.jpg,real,test,test,test/real/69786.jpg,29331,3a95e16bfb5ef44704f0e6f6f146e6c3,5e42275325399ad3
test_real_69880.jpg,real,test,test,test/real/69880.jpg,30692,0179bddd0381cd21a6fe49b05d261040,51082fe364e5b29d
test_fake_05RDMINUOY.jpg,fake,test,test,test/fake/05RDMINUOY.jpg,27900,df2956272d4da93a3b5f6310ab58ee8a,0eea28a7a78e868d
test_fake_09S171HM1U.jpg,fake,test,test,test/fake/09S171HM1U.jpg,23124,9a10592069e124ecdcdbf52d8b16e2ae,04853f76323433db
test_fake_0BLEO0FWIY.jpg,fake,test,test,test/fake/0BLEO0FWIY.jpg,32807,ae31fa1582251e06a291dfa547b6d10e,58f784578c7096ca
test_fake_0C28G3DC1O.jpg,fake,test,test,test/fake/0C28G3DC1O.jpg,33554,a191a87965e4e2c0a1b5c7a9df2eadbe,2f7ab4f4a0c0c78a
test_fake_0E1UV8P5TZ.jpg,fake,test,test,test/fake/0E1UV8P5TZ.jpg,30750,97be2f235b2e4c0751f07bce0300b314,0bc62a677228cb9b
test_fake_0FHCECAHCI.jpg,fake,test,test,test/fake/0FHCECAHCI.jpg,25467,0b0be7cebd505c0078f04345129eacc0,6d9f60b472b0d283
test_fake_0HIHBBQRD6.jpg,fake,test,test,test/fake/0HIHBBQRD6.jpg,24679,9ac4c37adc2490e302e419931c293335,3b2f61f0253483da
test_fake_0IABPHOOEG.jpg,fake,test,test,test/fake/0IABPHOOEG.jpg,33702,2af0a2de550d303639d28dbc2e623bad,1ff67ab2a09081cb
test_fake_0LVHTSBOTQ.jpg,fake,test,test,test/fake/0LVHTSBOTQ.jpg,21499,3195d0ce9ce64267ba59edce3b6f1725,688d97a516e816da
test_fake_0RDHO0J04X.jpg,fake,test,test,test/fake/0RDHO0J04X.jpg,25763,3c6a41e1abeb36394743e3301e8bab50,4ae16925e536c69c
test_fake_0TJJ8VSLE6.jpg,fake,test,test,test/fake/0TJJ8VSLE6.jpg,31604,90a411b018f3cc04b96a9d846c4159b0,2ef59483538e8acc
test_fake_0U45LJS6PN.jpg,fake,test,test,test/fake/0U45LJS6PN.jpg,25309,c0142358efe05483f1b0c161b6be19d9,622d6da56464969d
test_fake_0UI5AEQKQ1.jpg,fake,test,test,test/fake/0UI5AEQKQ1.jpg,22323,e2d9fcb3e9d139a4c33193a71a8c8e7a,4b263c327109de8f
test_fake_0W4GOG14KA.jpg,fake,test,test,test/fake/0W4GOG14KA.jpg,29788,b6d4ebb82cfae348b4d1e5997b3ae00f,0bf474f2628ac3c9
test_fake_0YDC928A6E.jpg,fake,test,test,test/fake/0YDC928A6E.jpg,29921,e676263b089b0200b9cc2926e26b35c5,5f3e2070722bd28b
test_fake_11OTO6P279.jpg,fake,test,test,test/fake/11OTO6P279.jpg,23564,448792045bc39c17968cff7c9754fa41,68ea07a506e786d6
test_fake_11P8OLMDSC.jpg,fake,test,test,test/fake/11P8OLMDSC.jpg,29843,f27b255d0e74c8fbae740d5f5200d05d,7fe0a0a1a3d6878a
test_fake_12DOYWDP8Q.jpg,fake,test,test,test/fake/12DOYWDP8Q.jpg,24947,68a5fe066229dc0bbd2770f3bcf33e8f,6aa5e09282d1dfcc
test_fake_17EKHNV3RL.jpg,fake,test,test,test/fake/17EKHNV3RL.jpg,26654,48df2d73979e77df6d26ff967fbb5e1f,7dc4a0d28b2d4b9c
test_fake_180ZCV93UI.jpg,fake,test,test,test/fake/180ZCV93UI.jpg,29386,ba261e2bc1542a11c600d2158e33ec87,5ce921e53502d78b
test_fake_197B8DOS1Z.jpg,fake,test,test,test/fake/197B8DOS1Z.jpg,28269,f29a681c36dc82f187393dfe39f2d09a,0f542cb2c31bcbcc
test_fake_1FB1CYQB5P.jpg,fake,test,test,test/fake/1FB1CYQB5P.jpg,31506,93a4d6f46e20e2c7fc220c4f7cc8f184,4b0f74753321d2c6
test_fake_1IM6V35ASX.jpg,fake,test,test,test/fake/1IM6V35ASX.jpg,25382,8c107e00ffe012a0b30b3420560af540,491b367a732483ce
test_fake_1KUEHO312I.jpg,fake,test,test,test/fake/1KUEHO312I.jpg,30654,ea4f9e64c6f13df5aa7c9a6ffcd15c33,4aaa39e1257087dd
test_fake_1LAJZBY0MS.jpg,fake,test,test,test/fake/1LAJZBY0MS.jpg,31607,bc95bceca389594494efc1ab302f019f,18e5b7c226c89a9d
test_fake_1P6Z1ZVQHK.jpg,fake,test,test,test/fake/1P6Z1ZVQHK.jpg,29525,38881801b4d4237967b3803d3f312100,1a20786777769698
test_fake_1QY6I7Y64V.jpg,fake,test,test,test/fake/1QY6I7Y64V.jpg,31107,15de589b6a743382edf74e84c5b62e65,4b152fb022685ecf
test_fake_1X3BK1NI7N.jpg,fake,test,test,test/fake/1X3BK1NI7N.jpg,24899,422530049677248953e242dc940690c7,1e0c39f3345bc28d
test_fake_2043PSSVLA.jpg,fake,test,test,test/fake/2043PSSVLA.jpg,27123,5602b39e709784ad42e59c462fb4fa3c,15747ab0d2c893cb
test_fake_20E64T3W7T.jpg,fake,test,test,test/fake/20E64T3W7T.jpg,31843,898b7f096ee373012be1ae7fb18077d4,2aea61a56553a2da
test_fake_24PT08548L.jpg,fake,test,test,test/fake/24PT08548L.jpg,22955,b1d7b40011e5d2f8b8957fb758dc3c4b,6252aba565258f9c
test_fake_28EH3PR6HQ.jpg,fake,test,test,test/fake/28EH3PR6HQ.jpg,27448,6d8aff76562f5d71b576311b1af05313,0fff3cb072a0528a
test_fake_2CMY95D7SG.jpg,fake,test,test,test/fake/2CMY95D7SG.jpg,26297,7f0647a62058bbacc1a6ee771f5f910b,0a9d55027579f788
test_fake_2EP6L6TNB4.jpg,fake,test,test,test/fake/2EP6L6TNB4.jpg,35307,2cf3981f0eb1a5b6eef0a1e19a779f59,4ea175f72051cbc8
test_fake_2FT7TX98VQ.jpg,fake,test,test,test/fake/2FT7TX98VQ.jpg,29106,1e839cc8d23a73a37b59223c32426a77,0a7475175488b7cb
test_fake_2GRFCWT6QV.jpg,fake,test,test,test/fake/2GRFCWT6QV.jpg,26960,0b4f021f1e8f99b49279aba11cc05055,4a5a7537622996ca
test_fake_2JIKXL3YW1.jpg,fake,test,test,test/fake/2JIKXL3YW1.jpg,31520,2462b6d36e1455ea9bb3bc817b91f72f,5ea069b5256296cb
test_fake_2P91Y92DSN.jpg,fake,test,test,test/fake/2P91Y92DSN.jpg,25942,5a7d9fb06231958197e4a73c29c0c972,3d2f30b050f3839b
test_fake_2VLROTIEAA.jpg,fake,test,test,test/fake/2VLROTIEAA.jpg,21693,c3ac6dbf8a1143c7e01d1e6c43dd0e97,68daa5a566a59296
test_fake_2XTFRST3DD.jpg,fake,test,test,test/fake/2XTFRST3DD.jpg,25958,8801a4c52d5fcdba2aeb21f3ff4151d5,414b2f35782db64a
test_fake_3020YQBBNT.jpg,fake,test,test,test/fake/3020YQBBNT.jpg,35976,1c19d8d432a47299c5209aa87f04b906,2a8181898f7a7a5f
test_fake_30PIZ1A6JA.jpg,fake,test,test,test/fake/30PIZ1A6JA.jpg,29743,5562414f453091093841e9a129e8bfa6,5e2f20e0520fcacf
test_fake_31YKY4R1EC.jpg,fake,test,test,test/fake/31YKY4R1EC.jpg,34840,618f6741cefae77f34a80523f7b8807f,0fb574c6e218b1c9
test_fake_38875HXFY4.jpg,fake,test,test,test/fake/38875HXFY4.jpg,27697,09b5e36f7a13a4058d3f5f1f3ce57639,58612827236dded5
test_fake_3ALYZ90M7J.jpg,fake,test,test,test/fake/3ALYZ90M7J.jpg,25173,3d383b785d8e781a31cb876c1b3b2e0b,2f0a7550127c43df
test_fake_3EHHNNWS6Q.jpg,fake,test,test,test/fake/3EHHNNWS6Q.jpg,32222,1615de2d3766e7543f17be6e567e821a,360736727114d29f
test_fake_3FS2M047PP.jpg,fake,test,test,test/fake/3FS2M047PP.jpg,30738,3878d5ff24906f336c15286407f4260b,0ad76e87e0283f89
test_fake_3FT7IKRKLW.jpg,fake,test,test,test/fake/3FT7IKRKLW.jpg,33588,f7f7fa759b5ceb3523a7fcc67beb3882,4bbd256a7a5523c0
test_fake_3GUP0ECW6B.jpg,fake,test,test,test/fake/3GUP0ECW6B.jpg,25705,0463f6456292ea0b39fe51030317106d,7d6f70b552a54884
test_fake_3JG98DPB7C.jpg,fake,test,test,test/fake/3JG98DPB7C.jpg,30415,6735274f64b052dd5a7f3cedda2b8fe8,6aa185d69e895a9c
test_fake_3K4MLST4UB.jpg,fake,test,test,test/fake/3K4MLST4UB.jpg,25066,f1719ca4f13f54a3109cb62f02476893,62626faba48ed48a
test_fake_3LRI1KYCFF.jpg,fake,test,test,test/fake/3LRI1KYCFF.jpg,25475,3049608b5d5d5068492b395ec8a4bfec,6096878f9c3c72c3
test_fake_3N8DW0CVID.jpg,fake,test,test,test/fake/3N8DW0CVID.jpg,28318,8a4cad349ad2be371acfb31a5f3da0c8,500225a327d79cdf
test_fake_3OALBPF4W0.jpg,fake,test,test,test/fake/3OALBPF4W0.jpg,32796,b264c450329b034d54b33c20e80c63ad,781b75f027a684ca
test_fake_3T5M0CBNIF.jpg,fake,test,test,test/fake/3T5M0CBNIF.jpg,27933,d2e0b320a12ae3e5093fcea928f23cdf,0b307592ed4cc6d3
test_fake_3V6DT81FNV.jpg,fake,test,test,test/fake/3V6DT81FNV.jpg,26590,89bf20c3cd14c90de099466009275854,5f7d6000eef88299
test_fake_3WKLA8T0Y8.jpg,fake,test,test,test/fake/3WKLA8T0Y8.jpg,28251,309ebbe075b3a061163023d6466b15d9,70e809e525b6c29f
test_fake_3WVBTPF17Q.jpg,fake,test,test,test/fake/3WVBTPF17Q.jpg,30493,2a634292e6348f066e270700fd728452,4aa0b0909b3fdf8a
test_fake_3YUDV9E76X.jpg,fake,test,test,test/fake/3YUDV9E76X.jpg,27254,8d7757a45320e58b888395df840e22a1,6ea0b197517506ce
test_fake_3ZHY1JMKOJ.jpg,fake,test,test,test/fake/3ZHY1JMKOJ.jpg,28062,2710460c7855a8c3f4b4b7d6104a070a,15626bae25c58e9a
test_fake_47SJWRD0US.jpg,fake,test,test,test/fake/47SJWRD0US.jpg,25482,5f23b02651312ea88932f71aca01ad85,6d7d04f404f496c3
test_fake_47V3RKKC1I.jpg,fake,test,test,test/fake/47V3RKKC1I.jpg,23898,cad9675ba27d6529f569df2b3d2b85c1,0bb474fab4d98289
test_fake_4E8AKH5XWK.jpg,fake,test,test,test/fake/4E8AKH5XWK.jpg,25092,fd6a8bf5ef1d27bd2f17489618e26bf3,0f3075b662b4c38e
test_fake_4FIVEE38RU.jpg,fake,test,test,test/fake/4FIVEE38RU.jpg,31558,9e2e47789d8f7b3b4bf20db13c661414,14eda1c7254a65dc
test_fake_4HI04Z70D5.jpg,fake,test,test,test/fake/4HI04Z70D5.jpg,29452,92c8aa00a95e2e48c3f56dc5bc9afe21,0f3474e2e26cd29a
test_fake_4ISFDO6FYL.jpg,fake,test,test,test/fake/4ISFDO6FYL.jpg,22393,752435d3e48efee25ffe62fb5c72cbd6,0e392823ba66cade
test_fake_4J301DEGVY.jpg,fake,test,test,test/fake/4J301DEGVY.jpg,32567,ace91a79c7f1d43eacdd2e6022d2f2c2,5ea5e8a7e128c299
test_fake_4JSRICVB89.jpg,fake,test,test,test/fake/4JSRICVB89.jpg,26395,77a59d4b13b0fb9a54ddb7c45340bc11,3df8f803781dc88a
test_fake_4KFFSY9N7Q.jpg,fake,test,test,test/fake/4KFFSY9N7Q.jpg,27812,297cfa75187c0449a89434d633ac1380,1ae561b62592969b
test_fake_4NIHTTZF07.jpg,fake,test,test,test/fake/4NIHTTZF07.jpg,25457,60108e63d569827a8b5ec48395854619,6af855f175418385
test_fake_4ONB4DFQAG.jpg,fake,test,test,test/fake/4ONB4DFQAG.jpg,25424,ecfa6e996ef8269c732a504a2341baf2,5c653192e92ce696
test_fake_4Q62GE640K.jpg,fake,test,test,test/fake/4Q62GE640K.jpg,28386,6e3d8d297566b3010ecf5adf75e1c26e,35bd52f041d1c3d1
test_fake_4QRJZH8NXR.jpg,fake,test,test,test/fake/4QRJZH8NXR.jpg,30242,99d1a85cb0508baa47e6f31464de3c49,2bae64ee7e082899
test_fake_4S6QXCCJFG.jpg,fake,test,test,test/fake/4S6QXCCJFG.jpg,26106,d733da6d2f75e892f192a62574ccf295,0facf4e2013d329b
test_fake_4TD9XFYMTZ.jpg,fake,test,test,test/fake/4TD9XFYMTZ.jpg,28879,a798211d6f78fb7d3d4f1e2f23a6c4a4,4bb57c72604b43c9
test_fake_4V795WU9MC.jpg,fake,test,test,test/fake/4V795WU9MC.jpg,33140,1fec5e988d0ce85c0b08cdb387e7bae6,2dedf480533d129c
test_fake_4YB6PF4TXL.jpg,fake,test,test,test/fake/4YB6PF4TXL.jpg,22754,d1e2b9f9862ffd8775a294fd43b86d29,003f3a72b123d3cb
test_fake_4YLAQQ5VH1.jpg,fake,test,test,test/fake/4YLAQQ5VH1.jpg,22945,52719a07139087002fd1a51dbe333831,3dd082f207d8c39e
test_fake_4Z45UO5WU0.jpg,fake,test,test,test/fake/4Z45UO5WU0.jpg,31783,efe415044d35733752f95d39c837d95c,0959343e323176db
test_fake_4ZXSIEO97X.jpg,fake,test,test,test/fake/4ZXSIEO97X.jpg,27312,079e7433e4dc6f0f4eefb30838097a0c,60d6c3f04a60f2de
test_fake_59JWC1ENIW.jpg,fake,test,test,test/fake/59JWC1ENIW.jpg,31335,c92af035db66d1069f2c4a8bc6bcccb5,0a29556f744895de
test_fake_5FM871LTY9.jpg,fake,test,test,test/fake/5FM871LTY9.jpg,28122,d1bb9ea808cd2c2b2fdc5ce1637d7635,7f0bf460b15283d8
test_fake_5L0SM67KN1.jpg,fake,test,test,test/fake/5L0SM67KN1.jpg,23966,949127eac2c1e51ecbe48ea9e1333393,6e2f33b000f4d68e
test_fake_5L9B9WH8AB.jpg,fake,test,test,test/fake/5L9B9WH8AB.jpg,25552,cc92ad9f2d002cf6094c43174a73f4b7,1f0d7a50f42992cb
test_fake_5T3OA22HG8.jpg,fake,test,test,test/fake/5T3OA22HG8.jpg,23570,c1294d21726ed81ac66de17a7c506ca4,3c4fb072a343c393
test_fake_5TJT6SNABT.jpg,fake,test,test,test/fake/5TJT6SNABT.jpg,28117,d4b71af234e8954468d08f2badcd9cc0,2ff424e2e203c3cb
test_fake_5WFV4PZQ7A.jpg,fake,test,test,test/fake/5WFV4PZQ7A.jpg,29205,83728b541b1ecb66b34884333dd95a1b,0a7438b2731393db
test_fake_5ZA2UHD4PI.jpg,fake,test,test,test/fake/5ZA2UHD4PI.jpg,25462,4216cb954011b93a5e83d1520b09394c,41db3efe702022ce
test_fake_630LDOS0UN.jpg,fake,test,test,test/fake/630LDOS0UN.jpg,23232,4974f3e9f20c72201971fb794049d250,7e2d34b4b0f0c3c2
test_fake_6608ZWSGZQ.jpg,fake,test,test,test/fake/6608ZWSGZQ.jpg,30626,5a0589396592f0c59e31b9dcbfa486b2,0f7a2566a50c9a9d
test_fake_66RHM4ZJWR.jpg,fake,test,test,test/fake/66RHM4ZJWR.jpg,29215,a5659899ee0e4ca9e9a33daade858d8d,70df23e12f413ec0
test_fake_6IJ66KM8IG.jpg,fake,test,test,test/fake/6IJ66KM8IG.jpg,26244,676a95e4d0d245a102c6161c6b9ddf31,580d3196f3699789
test_fake_6N5MSYFPFM.jpg,fake,test,test,test/fake/6N5MSYFPFM.jpg,30188,5459d6ab5d6f9cfff8b04fbb79f5f760,0aa0e0f2f3cbc38b
test_fake_6OA0JIXEMF.jpg,fake,test,test,test/fake/6OA0JIXEMF.jpg,31728,dc85abdaa99f7cb41a07e575fc508f69,0d5b6c726003e3de
test_fake_74WMVN57OA.jpg,fake,test,test,test/fake/74WMVN57OA.jpg,32616,d1da811f262d173d7eaf8f01e54294f5,070d7070735b83cf
test_fake_77QP9KYI1I.jpg,fake,test,test,test/fake/77QP9KYI1I.jpg,26747,43aea783c2c760fff57943d71ba4f3a9,5a2425f6878b8a8f
test_fake_79GGP38WH3.jpg,fake,test,test,test/fake/79GGP38WH3.jpg,30518,4884c206c9ac73206042174a9ab559a0,5aa135a7370a9e98
test_fake_79LWAGK8MH.jpg,fake,test,test,test/fake/79LWAGK8MH.jpg,30888,1583cdd111be2d1f977b2f1d4208213e,0bb77097e03c398a
test_fake_7CBS9F90L7.jpg,fake,test,test,test/fake/7CBS9F90L7.jpg,29963,2c7df52e1f6331cff198b272ae3d87fd,1a6d2552a6798e8b
test_fake_7HNMP7RVVP.jpg,fake,test,test,test/fake/7HNMP7RVVP.jpg,33536,9557f42db5b7068345e041a1b58f0ee9,2fb554b0f022d3ca
test_fake_7L1WVQUCXG.jpg,fake,test,test,test/fake/7L1WVQUCXG.jpg,29202,278b5bc243d186d65027f33ad9cff4b1,4b3e2c736231c38b
test_fake_7S8349NBJX.jpg,fake,test,test,test/fake/7S8349NBJX.jpg,30777,2bfc65c08b4f81803ead18bd2b1cf061,5ee930a7306293cb
test_fake_7UKJLYBFTH.jpg,fake,test,test,test/fake/7UKJLYBFTH.jpg,29073,df4f596ba2a7953d9516d023574fbd57,5ffb297e20153680
test_fake_7VGL36AWHS.jpg,fake,test,test,test/fake/7VGL36AWHS.jpg,27115,14233114b13c47fba8f6ebf291016896,582e69e727c6868c
test_fake_7VTUY9L2FA.jpg,fake,test,test,test/fake/7VTUY9L2FA.jpg,28433,f74760cf68de2ebde97004a71a91a430,06697a632558969f
test_fake_7WINPMVZLS.jpg,fake,test,test,test/fake/7WINPMVZLS.jpg,32597,47bb1af580ed95cee30eb5893c8b8fe9,4b2a2c316319a7dd
test_fake_7Y5B4PP2E3.jpg,fake,test,test,test/fake/7Y5B4PP2E3.jpg,27802,d94c2deed22fbb4c15f373b6b5ef670d,1e2d68a7704aa3cb
test_fake_7Y681XEIGR.jpg,fake,test,test,test/fake/7Y681XEIGR.jpg,28792,fa6c87272bf2093a5965133545cc1378,4b0b356a35702bd6
test_fake_7YANXOC975.jpg,fake,test,test,test/fake/7YANXOC975.jpg,29132,2c5a0d7decf5346d0cd31235a9d028f0,25fe3eb03013d383
test_fake_7YJDVWKNT0.jpg,fake,test,test,test/fake/7YJDVWKNT0.jpg,25193,4a3f187dc42dfa9494ab51a192448c8d,2badb4b0120bdb8b
test_fake_7Z1LMJS4R9.jpg,fake,test,test,test/fake/7Z1LMJS4R9.jpg,26541,fd60815f7f17713e76c3b1cd23331371,49057c367001ff8f
test_fake_85K952Q4AU.jpg,fake,test,test,test/fake/85K952Q4AU.jpg,35323,53af030df072864535fa29199840ef2d,1aa0f1d781d9835d
test_fake_86U76PLFXD.jpg,fake,test,test,test/fake/86U76PLFXD.jpg,31253,5feda9a35642110b07062b15b9ecbbd7,4ef229b33131839b
test_fake_87OZB8584F.jpg,fake,test,test,test/fake/87OZB8584F.jpg,28692,7515d16c2727177f413270e084201fd9,6f383094911ef3cc
test_fake_88DZSHK9NW.jpg,fake,test,test,test/fake/88DZSHK9NW.jpg,27972,faeb3de1a1fc4a631ccec3958d4b87aa,4f5370b08b1af896
test_fake_88SLRP6CSG.jpg,fake,test,test,test/fake/88SLRP6CSG.jpg,25926,dabaf35eb13d3fdffe8a6cec719e0d9e,4d1d3470702bc3db
test_fake_8FBVM6G46S.jpg,fake,test,test,test/fake/8FBVM6G46S.jpg,33543,4cc03a2486858bb49cd72ee4d9c042e9,3df842805badc09f
test_fake_8KWNNT15RJ.jpg,fake,test,test,test/fake/8KWNNT15RJ.jpg,26698,67172f896b94412612c4d9971ae1dc92,3fbd50a07442a6da
test_fake_8W4SIWKXJK.jpg,fake,test,test,test/fake/8W4SIWKXJK.jpg,25117,3526627ad526f87e7252ebd1e49400db,62586ba1a5c78c8f
test_fake_8XL3XWD46D.jpg,fake,test,test,test/fake/8XL3XWD46D.jpg,33169,4467abffe13f3563dad68ac6dec1b356,3f0fe459a6608b92
test_fake_994EXINWUK.jpg,fake,test,test,test/fake/994EXINWUK.jpg,32358,520e84157e984c13dbc8a93167edb3d2,5f342a62658dc09f
test_fake_99W5R1FQ2W.jpg,fake,test,test,test/fake/99W5R1FQ2W.jpg,27458,66da4f3bd8ebc822c90840fd471cc07f,4ff830c2336dc2cc
test_fake_9C8R483TZE.jpg,fake,test,test,test/fake/9C8R483TZE.jpg,29761,38b87906ef8b22ff216f09c0000afd58,149faf076974c09c
test_fake_9G4WDYYESY.jpg,fake,test,test,test/fake/9G4WDYYESY.jpg,30208,8bfeb5ff5694743da82b4ca4e367baf9,69bce087c316c09f
test_fake_9G5RLI230E.jpg,fake,test,test,test/fake/9G5RLI230E.jpg,26390,d401629f41e8a8100bdfb966d03bc0fe,475e413f6425e48e
test_fake_9N3CUL4CS9.jpg,fake,test,test,test/fake/9N3CUL4CS9.jpg,24873,fe988704ab1d8db661c13e5139c1f579,0fb95c35703d16a8
test_fake_9O2RF6ZG3I.jpg,fake,test,test,test/fake/9O2RF6ZG3I.jpg,32899,e42ad9ee316f08f91d1e6257d469a5ac,1e6b612b25e8568d
test_fake_9Q7OAFR615.jpg,fake,test,test,test/fake/9Q7OAFR615.jpg,29210,7640e2bd3935a00865c63c9abcf7dea1,2db67493708cc3cc
test_fake_9X2NSX30VA.jpg,fake,test,test,test/fake/9X2NSX30VA.jpg,24843,1aeb4a382086fe703ad262bdf8c76384,2fff50b47220d382
test_fake_A07MG324P7.jpg,fake,test,test,test/fake/A07MG324P7.jpg,34577,dad988b6f5c3fda85010f0765bd2bf00,6bba35e0008dfec8
test_fake_A1CBR95VQD.jpg,fake,test,test,test/fake/A1CBR95VQD.jpg,25952,0ed89e99be430127e3296337c7ec6c6e,02e07e212575d78f
test_fake_A2TIN6AWRZ.jpg,fake,test,test,test/fake/A2TIN6AWRZ.jpg,35738,c782eca50f868a81afc5135b4b7c6bbb,2aa183d7748e96ca
test_fake_A5GBZB3UTU.jpg,fake,test,test,test/fake/A5GBZB3UTU.jpg,25120,9c903c3d537629008f9757f258ba747a,423d343af20df68c
test_fake_AB5ALBYAAQ.jpg,fake,test,test,test/fake/AB5ALBYAAQ.jpg,29243,204dd2b850581fdab214bfe1d1ee9123,38afc0e174c3968b
test_fake_AG15F9LFOL.jpg,fake,test,test,test/fake/AG15F9LFOL.jpg,28427,286e32f0dd82968b91dfcfbb81806047,04353af9d3052bdc
test_fake_AHYWAVVLP3.jpg,fake,test,test,test/fake/AHYWAVVLP3.jpg,27559,1901450ee81835978c2153c9e8920978,1f3e68c1856a62e9
test_fake_AIL0Y1HAID.jpg,fake,test,test,test/fake/AIL0Y1HAID.jpg,23714,4793f70090c3e0f518454575fd636f72,1a7a25a56564e6c6
test_fake_AJDPD40DA4.jpg,fake,test,test,test/fake/AJDPD40DA4.jpg,27131,589d5148f79a8d2264fca44155f1ee0d,4b0738bb21dd46cc
test_fake_AJXQPH6RD9.jpg,fake,test,test,test/fake/AJXQPH6RD9.jpg,29776,a719b7ef4c422c28296f52326ac1b956,0a2a3057f359c65d
test_fake_AMV8P8EIIM.jpg,fake,test,test,test/fake/AMV8P8EIIM.jpg,24419,d80f21b5c01b1269435915584fb8679b,5c7a2f25622dd682
test_fake_AOPO511JCM.jpg,fake,test,test,test/fake/AOPO511JCM.jpg,29331,4f488bd6d51d9c7988c92496c8b41523,0b5974a7b72882d6
test_fake_AQECKKITEN.jpg,fake,test,test,test/fake/AQECKKITEN.jpg,24903,d9209af49f2f692a536ea9c378a03498,5aa570c33569d788
test_fake_AU1Z9L0B24.jpg,fake,test,test,test/fake/AU1Z9L0B24.jpg,36807,74ac471fa89745ce14c0550448e79f54,2fbdf2c0f3114390
test_fake_AY11U54AK7.jpg,fake,test,test,test/fake/AY11U54AK7.jpg,26478,3af02e4e76e8faf1215bf7a0853ad6b0,78fa21f125d0928f
test_fake_B2KPW6BYSH.jpg,fake,test,test,test/fake/B2KPW6BYSH.jpg,24886,2504d8d35ccb55e236c3a581c3d83f6b,4f3924302119d7df
test_fake_B5A762XFAJ.jpg,fake,test,test,test/fake/B5A762XFAJ.jpg,22318,38697079675a5076940dc7ccda4ad616,2db6f8d3c9c9c0c0
test_fake_B6L752TW53.jpg,fake,test,test,test/fake/B6L752TW53.jpg,24240,1f8b7eb1d00a49bf9bf943417594f5bc,3f0f353525348696
test_fake_BCDZM2AGAT.jpg,fake,test,test,test/fake/BCDZM2AGAT.jpg,25234,5f7b28fbf4a11197356e7ab233c817a3,4d3f30367079b2c8
test_fake_BFALZM8VSB.jpg,fake,test,test,test/fake/BFALZM8VSB.jpg,36114,ecb18fb185576021ed80d01913ff3b0a,1a2f70e4a570d29b
test_fake_BJRJVO9PK5.jpg,fake,test,test,test/fake/BJRJVO9PK5.jpg,30100,2bcf3340e5a2c211a94ada809f7041ef,0f3134d3a63866d9
test_fake_BM6ASW5H2Q.jpg,fake,test,test,test/fake/BM6ASW5H2Q.jpg,26510,d2eecd1427448c01c61905211d62f090,68f805a507e786dc
test_fake_BN565B51XF.jpg,fake,test,test,test/fake/BN565B51XF.jpg,27826,187072d29f7801132afc420b26e77697,4fd024030ecf9f8d
test_fake_BSJPGAOPV9.jpg,fake,test,test,test/fake/BSJPGAOPV9.jpg,22284,f029ad2a850c861de8997702559effe9,27c9d2d289c9c98e
test_fake_BVF1LHIOSW.jpg,fake,test,test,test/fake/BVF1LHIOSW.jpg,26824,3446de56db4fdccecb6499f98ec6d40c,7ff0b4828325578a
test_fake_BY8I2NQR1M.jpg,fake,test,test,test/fake/BY8I2NQR1M.jpg,25606,c167c178fb08945c94618d142ab1b942,78582da724c5969e
test_fake_C2UEPZIAZ5.jpg,fake,test,test,test/fake/C2UEPZIAZ5.jpg,22870,bd3aeef92e439866292fe714e5a285f1,6a6961e125e787c8
test_fake_C5ZP0YSEKM.jpg,fake,test,test,test/fake/C5ZP0YSEKM.jpg,23484,ba3e6442120b615c373b47c5b4b992ea,3fbcf0b0908b8aca
test_fake_C62K34Q13F.jpg,fake,test,test,test/fake/C62K34Q13F.jpg,29178,b95455b78383a12351d553b3116eae98,5fde2076202037de
test_fake_C7SYNJXBR8.jpg,fake,test,test,test/fake/C7SYNJXBR8.jpg,27936,df97bf0a252b1d0c2ed11bd82869fa74,0f5420f7065f8e8d
test_fake_C8AU09SEQ8.jpg,fake,test,test,test/fake/C8AU09SEQ8.jpg,28036,f79d90ebbebb341fb8d3e094c5402e54,6a353ae891299acd
test_fake_CB35OPKPDM.jpg,fake,test,test,test/fake/CB35OPKPDM.jpg,24397,1a6e52b607a5f52e104ea4fedef35936,320f30fe81de8f88
test_fake_CB58LWTML5.jpg,fake,test,test,test/fake/CB58LWTML5.jpg,33952,39d86e6b35ad03763ecd5d982132bdb1,71ca6bed2e621498
test_fake_CDNCUU17YQ.jpg,fake,test,test,test/fake/CDNCUU17YQ.jpg,28693,dc9012046cdb3d4399e35ac1b652cd24,0f5e613a21389acf
test_fake_CJKEDBTN7Y.jpg,fake,test,test,test/fake/CJKEDBTN7Y.jpg,23807,c47e40fac1b648a03dbf1c6bf9742fc0,4b3625367c09c3cd
test_fake_CU8LP9U1SU.jpg,fake,test,test,test/fake/CU8LP9U1SU.jpg,26591,2f193b7c97f7dc5efc08ffe14706e47c,6a6b34e1904db54d
test_fake_CYKH2Q604M.jpg,fake,test,test,test/fake/CYKH2Q604M.jpg,26473,2e744e6f299c467cb8c79e7c8e580b26,2dd8b0a0e117d3da
test_fake_D7A4I88EKY.jpg,fake,test,test,test/fake/D7A4I88EKY.jpg,28609,fd1e4bdfe8f9e9aa028401926703e0b2,2fbc24f4701f828b
test_fake_D8OS6PU4K1.jpg,fake,test,test,test/fake/D8OS6PU4K1.jpg,28771,795679cd8d00362acecd22fd4ddac1a2,15307a32616bcb8f
test_fake_DAOH5G9O0Z.jpg,fake,test,test,test/fake/DAOH5G9O0Z.jpg,23402,9a0de6b849a12ecbbc4241acb6744c03,546a61e72555a69a
test_fake_DEBW16E2CA.jpg,fake,test,test,test/fake/DEBW16E2CA.jpg,37018,47ce2b79f026b85f06088cb96edb5f4f,0b5a69ab540fa8dc
test_fake_DEI6Q6N7KR.jpg,fake,test,test,test/fake/DEI6Q6N7KR.jpg,29764,09e837e548e6133b8d152c31fbb86fbe,4accbd9331311e8d
test_fake_DF7QD2PGF9.jpg,fake,test,test,test/fake/DF7QD2PGF9.jpg,22309,99d0678422d8e5f67ab529f9bcd6652d,3f3970f072d1c3c0
test_fake_DI99T9IYBX.jpg,fake,test,test,test/fake/DI99T9IYBX.jpg,31609,c373ec22d9ce10fa4aef140135261312,6df254cb315d20cc
test_fake_DJADGNF7Q0.jpg,fake,test,test,test/fake/DJADGNF7Q0.jpg,27347,0657e6fd8cb5609d08eff593aa4aa870,254936e013ab4bde
test_fake_DSY3LG40TF.jpg,fake,test,test,test/fake/DSY3LG40TF.jpg,26068,ba45baeb99c24884ad64cf32f7af9b9a,6aa8e5a1e5b2a29c
test_fake_DWXYBLUFFU.jpg,fake,test,test,test/fake/DWXYBLUFFU.jpg,31312,4ec4fe5ccdde97bb2b7ffc538da7e628,6d3f34f07032d3c0
test_fake_DY61IMXV1Z.jpg,fake,test,test,test/fake/DY61IMXV1Z.jpg,25917,bba0c545bbb95dda3b581082e55c2819,0bf134a2e2cec6d8
test_fake_DZZAHUZ9FE.jpg,fake,test,test,test/fake/DZZAHUZ9FE.jpg,29055,928d84f6f657d4a4d52ab8863fbccde9,1af461232773a68b
test_fake_E2WY5DBCPM.jpg,fake,test,test,test/fake/E2WY5DBCPM.jpg,25188,fd6ca3d7ccd189f1963f26886988afad,1ff42032627bd781
test_fake_E4XGIOBUYD.jpg,fake,test,test,test/fake/E4XGIOBUYD.jpg,27435,4cf95ffda06768d2678b9f93ac0f4691,3541b2e0b189cfcb
test_fake_E6FD4U5U81.jpg,fake,test,test,test/fake/E6FD4U5U81.jpg,32851,19f8e66e08de5f99568317e3862a2b7f,4b322c3365254fcb
test_fake_EA75AHKWJG.jpg,fake,test,test,test/fake/EA75AHKWJG.jpg,21546,ee60216159671e6efe47492347995f05,051b74c7733e9889
test_fake_EBGT648LQ1.jpg,fake,test,test,test/fake/EBGT648LQ1.jpg,33516,1d3ee18829deafa2f9a8809f2b0e7338,0a2875b3e32a4bdc
test_fake_EIFHAC23BI.jpg,fake,test,test,test/fake/EIFHAC23BI.jpg,28135,c9e9944f76b9776ddee355e90bd6d525,5a5821352576d69e
test_fake_EJEH1WBHP1.jpg,fake,test,test,test/fake/EJEH1WBHP1.jpg,26402,33899010ff8e8cacffb5b2bd2a9ae817,78b583d336ca9a88
test_fake_ELQJNWEOC0.jpg,fake,test,test,test/fake/ELQJNWEOC0.jpg,24403,cc11e6b7f6e468fdbcaeba55a039f8df,093e34d2b189ecce
test_fake_EPE0ZA9RDR.jpg,fake,test,test,test/fake/EPE0ZA9RDR.jpg,25825,a3f95436f03006829f6012034c056548,493c3cf0b181dace
test_fake_EQ66O2TDAA.jpg,fake,test,test,test/fake/EQ66O2TDAA.jpg,31678,74cf089bde518f42c58d067e1896bc87,42adfca5b430939a
test_fake_EWBUA1GF71.jpg,fake,test,test,test/fake/EWBUA1GF71.jpg,29047,c8c69168077177abae66959ae57976cb,6a2975a134e196cb
test_fake_F2V92BW5FN.jpg,fake,test,test,test/fake/F2V92BW5FN.jpg,29563,903b5e0c031d8aa0b2e0fd48f765df78,5c2c63f1a6694a8b
test_fake_F3AGCYY0LN.jpg,fake,test,test,test/fake/F3AGCYY0LN.jpg,30018,1a842c77d5e0a9fe92688e45edd397bc,4a2125d7168fda8d
test_fake_F6TEPMBKX0.jpg,fake,test,test,test/fake/F6TEPMBKX0.jpg,27517,1518a677cffa5cc42f1abeb4fabdc506,4a342f36b4f083da
test_fake_F72DZSRS5W.jpg,fake,test,test,test/fake/F72DZSRS5W.jpg,29759,ce5495d282a4d3c443f49039c9a9a991,0ff1bc9293998389
test_fake_F7XURPT6R1.jpg,fake,test,test,test/fake/F7XURPT6R1.jpg,29390,cb41d1fd96080ff8a4da128ae15d90cc,418fec1ea87029f5
test_fake_FFFIW1ALWG.jpg,fake,test,test,test/fake/FFFIW1ALWG.jpg,29546,1cda207b431662c8c13ce42f7b04117b,6aa750855a8fe58a
test_fake_FFX8357YK8.jpg,fake,test,test,test/fake/FFX8357YK8.jpg,28258,bf0076b8baeb68208fe4f1babd61a590,266b63a865a6c2ce
test_fake_FJTMABAUKW.jpg,fake,test,test,test/fake/FJTMABAUKW.jpg,34935,3441737e53937b3dba13f4562a012cb1,0794870f6e78b097
test_fake_FNB42NS5V7.jpg,fake,test,test,test/fake/FNB42NS5V7.jpg,30442,ffb3af2d097a06f1ee448ff3ec585379,3082c1df7c3e6c98
test_fake_FQ6JH5BZPG.jpg,fake,test,test,test/fake/FQ6JH5BZPG.jpg,27558,d7744dc71558fd85bd4847a8a451c71e,0d0b3e367021a3df
test_fake_FRN4RSBJJ6.jpg,fake,test,test,test/fake/FRN4RSBJJ6.jpg,27951,2111889a6e31a27530e21015e7a8781f,253b329339bc538c
test_fake_FSNUZBD3GP.jpg,fake,test,test,test/fake/FSNUZBD3GP.jpg,28696,b2eeb4b2980aa5cd400ab58838e577d6,386e21a527c6d29e
test_fake_FXM7BMSAEA.jpg,fake,test,test,test/fake/FXM7BMSAEA.jpg,24479,d07fa818993262efc475496a41f020cb,0b307493a7885ed7
test_fake_FYFBFS624N.jpg,fake,test,test,test/fake/FYFBFS624N.jpg,24853,5b890e710033433322e93da3fe12c9ce,4f2d3c30305f8bcc
test_fake_G2NN0CD7OR.jpg,fake,test,test,test/fake/G2NN0CD7OR.jpg,31651,0e0215fe476686d734fdb71d8806a957,09fee4d22835698b
test_fake_G3FTUMXG2E.jpg,fake,test,test,test/fake/G3FTUMXG2E.jpg,30742,370167bd5a45ad2f6eefe883fad4f4e7,0ad49f565a5dac88
test_fake_G5IFNGQYKG.jpg,fake,test,test,test/fake/G5IFNGQYKG.jpg,36303,33bfdf01fcae093b5f38d00ce1384a6c,1ead65e7243c84d8
test_fake_G6JUBHJB3W.jpg,fake,test,test,test/fake/G6JUBHJB3W.jpg,25948,ec351db00d8cb7c2286b6a78f2eef5ab,25797ac251b449cb
test_fake_G7TF6FWL09.jpg,fake,test,test,test/fake/G7TF6FWL09.jpg,34063,5000379d9315b401349d29960bd91d12,0b3364c6e519b0db
test_fake_GDOGSTVZXC.jpg,fake,test,test,test/fake/GDOGSTVZXC.jpg,26479,27236c34d653aeb6d8afd8370f30737f,68ed87d584dc06d8
test_fake_GE645LYL3S.jpg,fake,test,test,test/fake/GE645LYL3S.jpg,33350,1efa0eb65bea9b176e9821baa7e9f893,4d2134a2e28f87cf
test_fake_GLXV76E6A9.jpg,fake,test,test,test/fake/GLXV76E6A9.jpg,30400,1c7ee6fde8a6cff1122a6fdd4d24b200,4f142836f3bac398
test_fake_GV6YBC2W4L.jpg,fake,test,test,test/fake/GV6YBC2W4L.jpg,28829,10f9992a73766c91e4f6c1a0c3d4de8b,7a7a28e1a165cac5
test_fake_H2NHEUTF2G.jpg,fake,test,test,test/fake/H2NHEUTF2G.jpg,27245,7e98e76a816b9c1179cec5dd4befdfb1,6dbd2ab0b5175680
test_fake_H46WXV7UKM.jpg,fake,test,test,test/fake/H46WXV7UKM.jpg,27774,cd1a1cec9391fc06a5aa23d75d143f1b,2bf47c90d08ac3cb
test_fake_H47K1G5HYF.jpg,fake,test,test,test/fake/H47K1G5HYF.jpg,27533,b257393b7a3f9bd9c8d12f5ce6504783,1c4a71236963978f
test_fake_H4CJ2ODEEL.jpg,fake,test,test,test/fake/H4CJ2ODEEL.jpg,28246,3270f1305d0953fedc3fe8e9282fcafd,15de287b217823cd
test_fake_H79XGAQR2W.jpg,fake,test,test,test/fake/H79XGAQR2W.jpg,25668,3827462f64032f91b91f47a5e88f912a,2d8390367276d393
test_fake_H7A4EDAHYI.jpg,fake,test,test,test/fake/H7A4EDAHYI.jpg,24806,1609ac5081495e94a5fd4deb6927fd5c,25fefef0b010c183
test_fake_HCHKGLA5WX.jpg,fake,test,test,test/fake/HCHKGLA5WX.jpg,28341,f94317c6f1198848ffea175347d9827c,4b3275c2a319b6c9
test_fake_HD4FKSNIP6.jpg,fake,test,test,test/fake/HD4FKSNIP6.jpg,35197,35abaff7da2300b30eb27bf3009a77d3,680fa5d28f9ec988
test_fake_HF51PM6VE7.jpg,fake,test,test,test/fake/HF51PM6VE7.jpg,28846,5e17a8490d978bf327acac4e73baad3f,3ff470a5705a82d2
test_fake_HLIEBTBLFR.jpg,fake,test,test,test/fake/HLIEBTBLFR.jpg,28744,983e985c83613620d63a1272e014605e,4f302c5370d98b8f
test_fake_HOPD8VWKGJ.jpg,fake,test,test,test/fake/HOPD8VWKGJ.jpg,28769,c0b1abbbc822c320938b63cf70349e9b,5e6d2127200ad7db
test_fake_HT4Z4NPMGF.jpg,fake,test,test,test/fake/HT4Z4NPMGF.jpg,31491,b2cd3a4def2e3c65146154a584346c3a,2d2d22a4778782cf
test_fake_I2YIZFUY86.jpg,fake,test,test,test/fake/I2YIZFUY86.jpg,23992,6d490ee6cec3293ef20e40aa36d96e93,414abd636b240b9f
test_fake_I55T0I6XC5.jpg,fake,test,test,test/fake/I55T0I6XC5.jpg,25859,bcb578fab8ce39a3e73a644985451f0d,1bc97aa43029d6cb
test_fake_I6JVD4441D.jpg,fake,test,test,test/fake/I6JVD4441D.jpg,26876,10cf1d287110cf5492cf3e66c94e08a2,431f36bc742542ce
test_fake_IC85O7PHBL.jpg,fake,test,test,test/fake/IC85O7PHBL.jpg,28183,d7395f5755bf123481ff859b93980fea,4bad3ee27242c398
test_fake_IEIEWTE7II.jpg,fake,test,test,test/fake/IEIEWTE7II.jpg,24326,64b985a3395f5df607c5675a04140a56,7e5834b5702ca68e
test_fake_IGOXYUO9U8.jpg,fake,test,test,test/fake/IGOXYUO9U8.jpg,23749,acabe7f36face05a1554f281c33ca660,70706fa545e3ca8a
test_fake_IKWLD28B7Q.jpg,fake,test,test,test/fake/IKWLD28B7Q.jpg,30086,4abf6d9f301f9c2b9a2198d05c9337ac,6aeca1b11113c7ce
test_fake_INFV3PZKO6.jpg,fake,test,test,test/fake/INFV3PZKO6.jpg,28041,7ca0345b671c35c509069d344fb33cea,4ff064c2629bcb89
test_fake_IPMHXGSSXW.jpg,fake,test,test,test/fake/IPMHXGSSXW.jpg,35980,b4dfff2bb8aa97960c9a82ef26fedd6d,6e3b31f131018fcc
test_fake_IR1COYC1IM.jpg,fake,test,test,test/fake/IR1COYC1IM.jpg,26882,41664f8abf9ca79be6dab8ef59c0fad2,389ec3a4c2d61e9a
test_fake_IX7DURBP3V.jpg,fake,test,test,test/fake/IX7DURBP3V.jpg,36051,201aeb08f91110e902d2a1aa62e7c1c6,1886b5d6ca58d83d
test_fake_IXMDS7B7YC.jpg,fake,test,test,test/fake/IXMDS7B7YC.jpg,28111,83733913b55f2b3be702a0aa245854eb,2d94b69412da5f89
test_fake_IZUZEJ3VVZ.jpg,fake,test,test,test/fake/IZUZEJ3VVZ.jpg,27140,19936797be6e636b3a17bde711be1fd5,38ea65e125e09793
test_fake_J2PC8NF0BF.jpg,fake,test,test,test/fake/J2PC8NF0BF.jpg,26711,8f35227e495423feeec8c1ab8f737a3e,1a6868a575aa969b
test_fake_J4IED0ASIB.jpg,fake,test,test,test/fake/J4IED0ASIB.jpg,29736,6cb847f84b96eb9915d46a66295c1f76,1bd26c83741993cd
test_fake_J91AR0RRNO.jpg,fake,test,test,test/fake/J91AR0RRNO.jpg,30084,51369f831951f4999f4ec0376015ea53,48173c36743ce39c
test_fake_J9WUK1KU6J.jpg,fake,test,test,test/fake/J9WUK1KU6J.jpg,27564,76583259485643b8a1580469397bc886,0bbcbdb07425d2d0
test_fake_J9WY8QPGOC.jpg,fake,test,test,test/fake/J9WY8QPGOC.jpg,23936,32b9df80d547963f69b26736d865f497,3f0ff2f0307093d0
test_fake_JDFMYWTHWL.jpg,fake,test,test,test/fake/JDFMYWTHWL.jpg,31459,52f02e4ba958c325fcddf87eac5ba91a,5a2d25a686aa969e
test_fake_JJUROTZ5AX.jpg,fake,test,test,test/fake/JJUROTZ5AX.jpg,32394,c7443627bd4026d7f8f1e3336d52738e,4ff0f4c2c307838d
test_fake_JK2Z8QQ7IV.jpg,fake,test,test,test/fake/JK2Z8QQ7IV.jpg,29410,beea684d75e6e91cd613aabf83d2d9a7,785c62e1746386f8
test_fake_JKWWFITHTD.jpg,fake,test,test,test/fake/JKWWFITHTD.jpg,23719,35308f046bf2b401a75ee5277d284e29,16637087b53ad299
test_fake_JTEDY5HZ7A.jpg,fake,test,test,test/fake/JTEDY5HZ7A.jpg,28669,81a9cfa79be2b261a380523fc68a8949,41450fb6583f9cd4
test_fake_JUOBXK4VPQ.jpg,fake,test,test,test/fake/JUOBXK4VPQ.jpg,32720,d180039f56c64bf8bfe20abd5d4c0f18,1d5ba1a7825caa1d
test_fake_JZPVNLVTLG.jpg,fake,test,test,test/fake/JZPVNLVTLG.jpg,36754,9030052e87d29999ec59bad5ebdb5b16,4f2c34307132d3cf
test_fake_K0X4CF97UU.jpg,fake,test,test,test/fake/K0X4CF97UU.jpg,30736,aa063148fdc6de661dbd076570335765,78e3a387858abc89
test_fake_K0XT624Z90.jpg,fake,test,test,test/fake/K0XT624Z90.jpg,23888,368d666a4c79c13ce6c41898e838928f,0f39382525359797
test_fake_K5BULRXBAM.jpg,fake,test,test,test/fake/K5BULRXBAM.jpg,24502,398b1470e17077d381c1f6fed007a7ab,6dbc70a037e196c8
test_fake_K5PRM4HNVK.jpg,fake,test,test,test/fake/K5PRM4HNVK.jpg,31003,9f07c7f75dfc56f47602540382fccfb3,0d326c53765b829b
test_fake_K5WVDAQUFM.jpg,fake,test,test,test/fake/K5WVDAQUFM.jpg,28587,bf948540cbdc9df717333adb659254e3,5ae061e724ce869e
test_fake_K7RSAY0SF7.jpg,fake,test,test,test/fake/K7RSAY0SF7.jpg,24054,8392e61384747c2d15b6ffd028efeaf9,0bf574a264a3c6ca
test_fake_KA50L8LHST.jpg,fake,test,test,test/fake/KA50L8LHST.jpg,29570,b80e78734e9f33e1bf8c31ed715b949c,1ae56126652ed699
test_fake_KBO7QALT0X.jpg,fake,test,test,test/fake/KBO7QALT0X.jpg,30090,d14397f1a2f96f01e0af7bd5c231f7fd,5fd421b22239e78c
test_fake_KDDIOT9AQS.jpg,fake,test,test,test/fake/KDDIOT9AQS.jpg,33075,7ac3861fb8641b7837464d4c8b2f186c,4bca24052f57a68f
test_fake_KEXRUA66XT.jpg,fake,test,test,test/fake/KEXRUA66XT.jpg,35168,904de0b428c2d1142d02708b0691421b,4dc23c733039a3cd
test_fake_KF0MVYKN8P.jpg,fake,test,test,test/fake/KF0MVYKN8P.jpg,26453,345416d1fec61ccb61ed63f2f3f986e4,1ee1712621dc82df
test_fake_KIJGOD6SQV.jpg,fake,test,test,test/fake/KIJGOD6SQV.jpg,36084,acc978ea37347a67911bfa82c0ec1e30,4ec73093331b638d
test_fake_KLQ492PFHK.jpg,fake,test,test,test/fake/KLQ492PFHK.jpg,32818,ce3034d61d1de04cae2c0a5a207499ee,270d78707059c3cf
test_fake_KN2MNSU7II.jpg,fake,test,test,test/fake/KN2MNSU7II.jpg,30838,06d01d21c126e1de7857f9ae758835cf,39d44a6cee638698
test_fake_KP3CHX6L62.jpg,fake,test,test,test/fake/KP3CHX6L62.jpg,32008,bf1b0d7d97cf2ffcad124f3780e66701,6f3f3030b074838f
test_fake_KQ96FT24PB.jpg,fake,test,test,test/fake/KQ96FT24PB.jpg,26478,3c8cb909a390598f60c55a55bfa32a9a,3fbc78b460b450ca
test_fake_KRE7GDTGJF.jpg,fake,test,test,test/fake/KRE7GDTGJF.jpg,28386,37dc7e6aa359993b4d81bb2e8a20ed99,0b326937601fd2cd
test_fake_KS5MO5ENKQ.jpg,fake,test,test,test/fake/KS5MO5ENKQ.jpg,26058,028cce02f5414263e78cde0abca7bdfe,5a077013f3398acd
test_fake_KZ93FIDRA2.jpg,fake,test,test,test/fake/KZ93FIDRA2.jpg,25793,fc41182efc120a3df73e9dcd1434d92b,16693c61256ab7ca
test_fake_L07LNROKWX.jpg,fake,test,test,test/fake/L07LNROKWX.jpg,28960,39f5543072b6d2155506b1c673a8d311,0bb47cf2f0b38388
test_fake_L0QQFUGSRP.jpg,fake,test,test,test/fake/L0QQFUGSRP.jpg,29234,cf97877d6c8f9a6a29f3b0b6e19857e4,4fc87cb4313ac6c8
test_fake_L250AE0HQF.jpg,fake,test,test,test/fake/L250AE0HQF.jpg,27437,1aeb5f2560a79ab115c5ef772d8fe17e,2ff6fcc2c081a389
test_fake_L2J21WWZUO.jpg,fake,test,test,test/fake/L2J21WWZUO.jpg,34135,22e64c33b7c1a7d053b0fcdb472f4f7b,6ab9fb9011f8520e
test_fake_L40UMG62PE.jpg,fake,test,test,test/fake/L40UMG62PE.jpg,26702,8622dd0000bc81a50ed776229e018a96,0f7c24f470b54396
test_fake_L4SNB6WOI7.jpg,fake,test,test,test/fake/L4SNB6WOI7.jpg,29294,e277d20a0680427e8e62234c719715a7,5f3a34707070e3d2
test_fake_L54V3HVKFM.jpg,fake,test,test,test/fake/L54V3HVKFM.jpg,26058,dcb28cdc6a7f262a6bbb3a2712bd8c88,7a2d7e82d5b00bd0
test_fake_LJ5DO6KYW2.jpg,fake,test,test,test/fake/LJ5DO6KYW2.jpg,23428,53b1346de1b091bbbd595031a5df6f38,38af61a577a15682
test_fake_LJINIA2N1A.jpg,fake,test,test,test/fake/LJINIA2N1A.jpg,33787,ceaf718e7a4003feb6b405ac8f64c27e,5ea82c372572978a
test_fake_LPLK8FWP6F.jpg,fake,test,test,test/fake/LPLK8FWP6F.jpg,26812,b75df4dcd93259090d9ac0f711ec3f04,053c7af2f3c9c0c8
test_fake_LRSID5311Q.jpg,fake,test,test,test/fake/LRSID5311Q.jpg,26729,434276a043a5122e5776eae2de970d30,428beb6909ebc28b
test_fake_LSUURHGS9Y.jpg,fake,test,test,test/fake/LSUURHGS9Y.jpg,26933,f37c9553a2c714517bc53cb9f101811b,05a1bad2f3eec0c8
test_fake_LV3FD0GSST.jpg,fake,test,test,test/fake/LV3FD0GSST.jpg,24781,693b691c6ab7233abe8b7fa3c5328105,688a65a734a5b4ce
test_fake_LVVP04FVXV.jpg,fake,test,test,test/fake/LVVP04FVXV.jpg,26501,e1d290946eae06e51cc4746a41242fdc,26db3cf20982ccdc
test_fake_M0P03LHDXS.jpg,fake,test,test,test/fake/M0P03LHDXS.jpg,28898,c2e553d00a3e82c0df514decaff601a9,420d3d763198f2cb
test_fake_M3IA4TIU38.jpg,fake,test,test,test/fake/M3IA4TIU38.jpg,24420,9bd143fe702bd6db62cacccda4189801,1e1e64676465ca9a
test_fake_M5H2DDTI9R.jpg,fake,test,test,test/fake/M5H2DDTI9R.jpg,36120,b33fb52d019d36bbc4bec579d2c03b93,14da8f45a5748e9a
test_fake_M6ZBSSHZ4G.jpg,fake,test,test,test/fake/M6ZBSSHZ4G.jpg,26736,12e3266e9e649bb9071ba8481f3242d7,7e87a9873406968e
test_fake_M99OR5JPP9.jpg,fake,test,test,test/fake/M99OR5JPP9.jpg,26104,d6e5129b20b2dfcde6f489f33ef65309,54d92a69746852dd
test_fake_MDHOVX0LM1.jpg,fake,test,test,test/fake/MDHOVX0LM1.jpg,27613,a85a1d60a70c406278067cf80a008f9f,4b357432f089c6cb
test_fake_MEAXC1YU9X.jpg,fake,test,test,test/fake/MEAXC1YU9X.jpg,24799,aedecb9a8e8a32362f59ec4f3ea72578,3aa5a686f6788a8a
test_fake_MJJXYVT0OQ.jpg,fake,test,test,test/fake/MJJXYVT0OQ.jpg,28499,83e7fc6e57e0b5a2d92e1b15181709a5,60eae1e107a3e687
test_fake_MJUJX5ZK8C.jpg,fake,test,test,test/fake/MJUJX5ZK8C.jpg,31655,3d915cf1af681a1c390a0d8a6a01cf8c,0b357574747057c2
test_fake_ML6K8YQL3J.jpg,fake,test,test,test/fake/ML6K8YQL3J.jpg,23645,509c69bcc8cf60a427c82f7dbe7407d8,1b646132635993db
test_fake_MM7X0IN738.jpg,fake,test,test,test/fake/MM7X0IN738.jpg,29911,fcf19172c11020305ba1fc9653345f81,60b4a582ca8adfcd
test_fake_MOXLMH0K4E.jpg,fake,test,test,test/fake/MOXLMH0K4E.jpg,25723,32bddcf6646f5f6522ecbbc23e5e49a3,386c70e13361b3c7
test_fake_MUU2D7KEAO.jpg,fake,test,test,test/fake/MUU2D7KEAO.jpg,32372,352246b4fe232d9026a69334b0eb487d,10849a9a3bbaded8
test_fake_MZJDBU3QX4.jpg,fake,test,test,test/fake/MZJDBU3QX4.jpg,27861,ff1347f1f0e5dc5ba75411337a8fce54,3ff048b443bc429e
test_fake_N1ACNTD77C.jpg,fake,test,test,test/fake/N1ACNTD77C.jpg,27816,b3f679756a21efc97a63e8e28dde8b69,0bba34b33075a2d9
test_fake_NBAEBXOQ4J.jpg,fake,test,test,test/fake/NBAEBXOQ4J.jpg,29220,99155c99c9e50d4f8e36b9dee4e27d33,3b54faf0a0f282d8
test_fake_NBHU6F0LOA.jpg,fake,test,test,test/fake/NBHU6F0LOA.jpg,35475,968f597e9b98d05403424e594d07b7a1,1c00a79fbd5007cf
test_fake_NDOIX0QP1T.jpg,fake,test,test,test/fake/NDOIX0QP1T.jpg,33567,2b02a2a7689b021f2d15874022427bcd,4ed03582c38bcfcc
test_fake_NLW38BAR8H.jpg,fake,test,test,test/fake/NLW38BAR8H.jpg,41537,ea0fc3ca383f6b059711cfc850baccc8,3fc4f4ae97480e0c
test_fake_NOCZVZ4V2B.jpg,fake,test,test,test/fake/NOCZVZ4V2B.jpg,30000,42eabd47e9258a41f65520d93037ea2c,54fb2b6222e0b3c3
test_fake_NPRTDT9X08.jpg,fake,test,test,test/fake/NPRTDT9X08.jpg,27220,80f9a2ae05795eadeb87ff5c76775ba3,6eb82530f079838f
test_fake_NRCUIPGNAT.jpg,fake,test,test,test/fake/NRCUIPGNAT.jpg,29253,e7c46a553de89bea8b34a13898a0a62e,063636923d8de6ca
test_fake_NS1MYQ2JT6.jpg,fake,test,test,test/fake/NS1MYQ2JT6.jpg,27976,c14eac91a86acfd9a22d672cd8cbbb41,1faa2d252560d795
test_fake_NVMFA7F52H.jpg,fake,test,test,test/fake/NVMFA7F52H.jpg,22306,c07405132837d5462ad73015f75c8959,586a6b232765ae8a
test_fake_NWUMQ2BR7X.jpg,fake,test,test,test/fake/NWUMQ2BR7X.jpg,23566,14a9b7c284695c5f4d8047614793e69b,787a6165252526d7
test_fake_NXZ4U3H81W.jpg,fake,test,test,test/fake/NXZ4U3H81W.jpg,26134,571167f5d0df8cdd5637fd3b580e93d4,7a29a1e12567a6d2
test_fake_O4USDX4ES8.jpg,fake,test,test,test/fake/O4USDX4ES8.jpg,29034,41c8072703a0a0187d45747340e5c97d,032c2ea7652b92de
test_fake_O70RGCVBOX.jpg,fake,test,test,test/fake/O70RGCVBOX.jpg,35790,84202b21ddf4188e1e86c45cf1311223,0b2638f222bbc2dd
test_fake_OBTX3ZUAT2.jpg,fake,test,test,test/fake/OBTX3ZUAT2.jpg,28852,db41be8f27b640415aa70f8d4520f352,550e61e524949e9f
test_fake_ODL15JZ444.jpg,fake,test,test,test/fake/ODL15JZ444.jpg,30193,97db421d1153e563f43388f37b6f64d8,0bfcf8d270d19189
test_fake_OEFGCC1XXR.jpg,fake,test,test,test/fake/OEFGCC1XXR.jpg,23417,afb18f6a8c5ea84df10a83684acf06cc,3fa4e0c6c28e839b
test_fake_OELVSNWR80.jpg,fake,test,test,test/fake/OELVSNWR80.jpg,31820,814c1d085d3e9762f7602445a3f63781,5e2de017a15cc5cc
test_fake_OEQKEZXNYT.jpg,fake,test,test,test/fake/OEQKEZXNYT.jpg,26233,c524556eb6b9e3d252aa7b4edff6ad9e,4a343934654ec7ce
test_fake_OJVAZ0S94X.jpg,fake,test,test,test/fake/OJVAZ0S94X.jpg,24467,6af069541b84f3e46ee3b4e32ea599b6,0b3d6137a505c6c7
test_fake_OK7JTXIM28.jpg,fake,test,test,test/fake/OK7JTXIM28.jpg,32384,c51512661a5495b6c80b37465a30d336,1e506c52ed19979a
test_fake_OM7SSUKTEM.jpg,fake,test,test,test/fake/OM7SSUKTEM.jpg,33589,61f37e0cdfe68f061b51cec02cee9ef2,493921b53789c68f
test_fake_OMT1XDAW9C.jpg,fake,test,test,test/fake/OMT1XDAW9C.jpg,24025,a8d84da98e0883beefc1bcc3a678e5af,0b3e2413c21dceee
test_fake_OOO24C5WQN.jpg,fake,test,test,test/fake/OOO24C5WQN.jpg,31912,d1df980511cf4d8a30e60e7e173c8b3c,0242e8f37239fac9
test_fake_OR0AP5Z3C5.jpg,fake,test,test,test/fake/OR0AP5Z3C5.jpg,25297,bff27daf7939ec3d8040e85202137c01,0ae42593d98dc69e
test_fake_P15D2A003I.jpg,fake,test,test,test/fake/P15D2A003I.jpg,27836,9f34452680b15bf4d01dc3858e914f6b,0328bcd2d70a77a9
test_fake_P52D39AG7J.jpg,fake,test,test,test/fake/P52D39AG7J.jpg,26912,55d1afb7edff8cbe2f12ad9c33e80bfe,240d3f7e7060a6c7
test_fake_PDLKRUOQS4.jpg,fake,test,test,test/fake/PDLKRUOQS4.jpg,25581,7781170bd7adbdb7393d93a2eb188181,028fe95ee05ac2d9
test_fake_PF5LMV7YSP.jpg,fake,test,test,test/fake/PF5LMV7YSP.jpg,28394,29df2b5cac5819c63497c489e050eb88,5ffc74b0a0a881d5
test_fake_PLMW80RCOL.jpg,fake,test,test,test/fake/PLMW80RCOL.jpg,26905,1ae5c39a0ea643c04a109f4b98e5c533,688a55a55a951e9e
test_fake_POPN06DVQ8.jpg,fake,test,test,test/fake/POPN06DVQ8.jpg,32593,0d0d07386b8780e37976c8b4c9052d86,5ff064e746053319
test_fake_PQ66IRX2CD.jpg,fake,test,test,test/fake/PQ66IRX2CD.jpg,25293,cddf9ed996f7847442c69cecc6a828b7,4fb134a27123d38b
test_fake_PXELOSPVJX.jpg,fake,test,test,test/fake/PXELOSPVJX.jpg,26497,6f5457f2a14fe29399478964b77b6472,7e582697a3188f98
test_fake_PZ16GEK7Z9.jpg,fake,test,test,test/fake/PZ16GEK7Z9.jpg,33781,8d0cb8ab2eacde71f5386f8090b2449f,1ac1787f745c3298
test_fake_Q0PF5RSIVO.jpg,fake,test,test,test/fake/Q0PF5RSIVO.jpg,32549,b8df5514500a07be44c6f88e8841962e,5a98a9c0636f0fca
test_fake_Q15D67GO88.jpg,fake,test,test,test/fake/Q15D67GO88.jpg,23278,1a2f5dd105042a6006efc32193bbf87f,6cf296f08396838e
test_fake_Q4KPXH49RX.jpg,fake,test,test,test/fake/Q4KPXH49RX.jpg,29817,89ed4635cc6184306f7cd7b186c8dd7e,773d72d20ba871c0
test_fake_Q73XQSAB8E.jpg,fake,test,test,test/fake/Q73XQSAB8E.jpg,28498,20ff4599ea68b523d76160bd9ac6126d,670f3670f030dbc2
test_fake_Q9ZCBC0QJ9.jpg,fake,test,test,test/fake/Q9ZCBC0QJ9.jpg,27802,b0b08ae26c1c5fdbcb9cb8cdedcb7c27,0f4f743073b907c8
test_fake_QGKSMNY5R9.jpg,fake,test,test,test/fake/QGKSMNY5R9.jpg,29804,f4537a42c661182732fc8b817f9f3307,00c2cd0f6d4eaddc
test_fake_QPDFEMODVK.jpg,fake,test,test,test/fake/QPDFEMODVK.jpg,25103,00dd719f9f15f0f14654125dd6ed6b7f,07eaa834e15cc796
test_fake_QQQ8AF404F.jpg,fake,test,test,test/fake/QQQ8AF404F.jpg,25802,aab8f3b4483ced478767d09a9f4ea9fe,093f3db0704372d3
test_fake_QS4W3UK2PN.jpg,fake,test,test,test/fake/QS4W3UK2PN.jpg,29225,bc26ea5a53165ffd30e4645574047216,01597b32f001cbdf
test_fake_QS994V4M2T.jpg,fake,test,test,test/fake/QS994V4M2T.jpg,25895,afc09554635124d8e509d4229710dcb6,29327ec3ca6b7282
test_fake_QTJR9P3B82.jpg,fake,test,test,test/fake/QTJR9P3B82.jpg,23227,4b68d03a47f160dfb5747d30a5a0f810,2f7030f022d1c3df
test_fake_QU6UEGMB76.jpg,fake,test,test,test/fake/QU6UEGMB76.jpg,26543,fa6ee1c2c0c47b9566f886dcc351f221,3af965e121e8c28b
test_fake_QWXMJZCZIY.jpg,fake,test,test,test/fake/QWXMJZCZIY.jpg,30037,08833a80848adc9766e629350abb2a71,0b526d75743af288
test_fake_QZYLFRXQQE.jpg,fake,test,test,test/fake/QZYLFRXQQE.jpg,26805,1512d89d97f0049e7bfd83b87d8535d7,03f6a9d2a1d28bc5
test_fake_R2BWEO1ZL0.jpg,fake,test,test,test/fake/R2BWEO1ZL0.jpg,24310,b3d48cfb4799b062d769b863e84a5a01,782d2562a5a7c396
test_fake_R2RCAM88J7.jpg,fake,test,test,test/fake/R2RCAM88J7.jpg,26958,7cce5a107f3ecab3b6cde18a79d9b6d7,4af10fe15237529a
test_fake_R4CNSF2FHC.jpg,fake,test,test,test/fake/R4CNSF2FHC.jpg,29365,cec552309220a64716ba261a4607b8d2,2b31f4d7d21c218e
test_fake_R68YAXC8W9.jpg,fake,test,test,test/fake/R68YAXC8W9.jpg,25563,f56a85aa05aaff2408b88e686aefb490,13844b3e6978539d
test_fake_R712P6S83G.jpg,fake,test,test,test/fake/R712P6S83G.jpg,32970,21bb35461c2cc41e55a13f58406d46de,5d8268db626193cb
test_fake_R8VI4DNFWX.jpg,fake,test,test,test/fake/R8VI4DNFWX.jpg,26782,e58cc39e48cc2696511238f9c5a3fdf4,7a6325a564a4c69e
test_fake_RBTKM2KTOX.jpg,fake,test,test,test/fake/RBTKM2KTOX.jpg,20979,3582bf3c85637ce6c61f7c0f381e07c7,686ae5a56686869e
test_fake_RDC69WKMTX.jpg,fake,test,test,test/fake/RDC69WKMTX.jpg,24733,0a564bf18820df998971d344cd035091,5b04f86780678ece
test_fake_RFQJ650615.jpg,fake,test,test,test/fake/RFQJ650615.jpg,32964,308be44ed1cce78c1975d4cb7db54818,4f6f31b1da054ac2
test_fake_RHYUVD5WOY.jpg,fake,test,test,test/fake/RHYUVD5WOY.jpg,32761,a447db6d8d0616d9d5dd0d95359bbf1e,3ff700a042c3d3cb
test_fake_RJ0YU8RV2V.jpg,fake,test,test,test/fake/RJ0YU8RV2V.jpg,23868,8c2162b6ce3b98c20670b08cf66174f9,052936f2e19287db
test_fake_RKWRVSSPIB.jpg,fake,test,test,test/fake/RKWRVSSPIB.jpg,25886,89ee3d33019eca5afaeda33721cb81ca,259f3eb0f023c28e
test_fake_RLDFQ5TQF1.jpg,fake,test,test,test/fake/RLDFQ5TQF1.jpg,37210,b47d3371f0dd4f959b0bd6d5985b137c,4a7f34b1b493d282
test_fake_RP465UK25C.jpg,fake,test,test,test/fake/RP465UK25C.jpg,24656,7730b8c27f652fc1068c2706392a41eb,38e1b0c3c3cd8bcc
test_fake_RP48WLFJF8.jpg,fake,test,test,test/fake/RP48WLFJF8.jpg,35023,3b0ccba9bba4b88ca28693b6b9b0d868,405b063c733c72db
test_fake_RQ4WMZ6HKD.jpg,fake,test,test,test/fake/RQ4WMZ6HKD.jpg,33575,3b3eec64792f8f8fa47f94876e9edc33,0fb264c7443d329b
test_fake_RQSKGLPXAK.jpg,fake,test,test,test/fake/RQSKGLPXAK.jpg,25690,30fd999844d2140d41fef66dac85d501,7ae1a1a76526869c
test_fake_RS2Y0UMBRM.jpg,fake,test,test,test/fake/RS2Y0UMBRM.jpg,30107,cafbb150f4cba0f5c86351ecd13590b3,1ed03af07075839b
test_fake_RT43SLYPDC.jpg,fake,test,test,test/fake/RT43SLYPDC.jpg,26023,08520c34ae2084e165899c5d3ad4c35d,3d7830f0039bc38f
test_fake_RTS92BGVQ8.jpg,fake,test,test,test/fake/RTS92BGVQ8.jpg,24383,7e82f48b92177043d964b96abf57d51d,25dafed0a0a1c3ca
test_fake_RUF67UOM72.jpg,fake,test,test,test/fake/RUF67UOM72.jpg,31338,ae675353899177687491e22d8b2d323d,74a8a4f28195cb8f
test_fake_SAPGR4K88D.jpg,fake,test,test,test/fake/SAPGR4K88D.jpg,27789,6f04dbed3767b33ba953adb4135e781f,5c527b6b29622e8a
test_fake_SBMXDCPCM5.jpg,fake,test,test,test/fake/SBMXDCPCM5.jpg,33636,c7803c1c59b6458db804d6aeab08f44a,4b3f68327023d7c4
test_fake_SCSQFIZCMX.jpg,fake,test,test,test/fake/SCSQFIZCMX.jpg,24808,6387d4f86e39a29d818f2e03574a8b3f,29b43692327bb3c8
test_fake_SFMS1TSSK4.jpg,fake,test,test,test/fake/SFMS1TSSK4.jpg,24190,74212a9730dee27c1b575cb4ab10707f,5faa2c71307126d6
test_fake_SMGQAEG6UL.jpg,fake,test,test,test/fake/SMGQAEG6UL.jpg,28974,7ffe78571bd93d144b02f1d422300297,53702a73303f91d9
test_fake_SO41I5Z4QU.jpg,fake,test,test,test/fake/SO41I5Z4QU.jpg,28824,546d30002305cd8dc6bbf28e54dadec5,70ea15e305e986dc
test_fake_SRE9IISVSG.jpg,fake,test,test,test/fake/SRE9IISVSG.jpg,27611,3a8e7628129634daf3b3a335b26cdcbc,2f2f74b470b452d0
test_fake_SUHCXZ76OJ.jpg,fake,test,test,test/fake/SUHCXZ76OJ.jpg,33790,d270769b8c8239c3771a33fd65861c45,0af57da265786289
test_fake_SYKL9TLWPS.jpg,fake,test,test,test/fake/SYKL9TLWPS.jpg,22401,8a0072c51306729c286bb2fc0e3901fd,243f15707902cbcf
test_fake_SYTXGP86L7.jpg,fake,test,test,test/fake/SYTXGP86L7.jpg,35865,c48cc8e6ab900d51172e60b9f3080626,0aaa647366388f9b
test_fake_T049PDYWNQ.jpg,fake,test,test,test/fake/T049PDYWNQ.jpg,32274,7dfeb41aa6d1eed6de70a24a645b5f0c,6df952c04383c38f
test_fake_T089IE86QR.jpg,fake,test,test,test/fake/T089IE86QR.jpg,26351,6e8042dae2527cf104b3479d2d4e5ef3,3b7ee0e45660829b
test_fake_TD2BZ3Q16O.jpg,fake,test,test,test/fake/TD2BZ3Q16O.jpg,24204,c0fc4a29824c3710b8a56039989fdaa5,09346576611dc7dc
test_fake_TJ3P9ZDT5E.jpg,fake,test,test,test/fake/TJ3P9ZDT5E.jpg,36087,4904b81e7137fc3075bff622e368ac88,1b8029f8453527df
test_fake_TNCRUBTLS6.jpg,fake,test,test,test/fake/TNCRUBTLS6.jpg,33805,c1da6de2dc4a934b18c076ab9354cb29,3aa0058f878f93da
test_fake_TQX4NWLJ3Z.jpg,fake,test,test,test/fake/TQX4NWLJ3Z.jpg,33906,5fcf89d216e98804f03f4b9f6da7f875,4ec72f16f0081edc
test_fake_TRLHGN3IKO.jpg,fake,test,test,test/fake/TRLHGN3IKO.jpg,27682,5a3ba722429a6568cbff3f4381352bb4,699a94b66134cacd
test_fake_TTLKZLTP5T.jpg,fake,test,test,test/fake/TTLKZLTP5T.jpg,24214,238b94ed4a9cdf0e1b6c46ee08d16319,7896e58786c3968a
test_fake_TW4BSVGZHK.jpg,fake,test,test,test/fake/TW4BSVGZHK.jpg,29260,63ca2901e7c7c9214a027be1991670fa,515563aa64eca68e
test_fake_TWGL3QJ2EJ.jpg,fake,test,test,test/fake/TWGL3QJ2EJ.jpg,27955,3edf166a3e03d3af945662396d4ddf7b,7ae02553a74187cd
test_fake_TYHH21AU9Y.jpg,fake,test,test,test/fake/TYHH21AU9Y.jpg,23721,1c7ddb59bfaab63320ecda7c850def84,52aceba5a586869a
test_fake_U0XM7IU75V.jpg,fake,test,test,test/fake/U0XM7IU75V.jpg,30262,4cc9e707a9fc8d8f6f27127df49ac2b7,01273cb674303adf
test_fake_U12RKG6VZM.jpg,fake,test,test,test/fake/U12RKG6VZM.jpg,42288,533215170dd45addcf121936a81988a5,1fcd80e52d45978a
test_fake_U2JGYRVJP2.jpg,fake,test,test,test/fake/U2JGYRVJP2.jpg,30054,77f369bfc45890ca256b9d160a5108c4,4bf870e37288838f
test_fake_U4OS7A5EVR.jpg,fake,test,test,test/fake/U4OS7A5EVR.jpg,22148,767bda59a091c33dd4583a47dcede8ae,1e657867254c868f
test_fake_UCWD48Q4Z8.jpg,fake,test,test,test/fake/UCWD48Q4Z8.jpg,27429,bdf4cd4e2b60647a03993c090a284e49,2fbd7430f300db88
test_fake_UN8353WCHF.jpg,fake,test,test,test/fake/UN8353WCHF.jpg,26451,580c11de65bab4587a947023133435df,1e682963a55c839f
test_fake_UYXVPEMZFO.jpg,fake,test,test,test/fake/UYXVPEMZFO.jpg,30592,e16d6337a15121b48c35734d7e61a06b,0ae161a5e564c797
test_fake_V92TNTTWAJ.jpg,fake,test,test,test/fake/V92TNTTWAJ.jpg,23460,b913f370d2fc100e388c4337db690b8b,6a3d25b56285c69a
test_fake_V9C8G5S2X5.jpg,fake,test,test,test/fake/V9C8G5S2X5.jpg,29336,9618d400a55db22fb2ceae78de09e94b,4ff5f4c24383c388
test_fake_V9SX0CP20D.jpg,fake,test,test,test/fake/V9SX0CP20D.jpg,30985,d073a081c1569e93f295260afeb15516,78fc21e106c7879a
test_fake_VARLIS6H1W.jpg,fake,test,test,test/fake/VARLIS6H1W.jpg,29757,c48264082d25fba9dae7e71ce940155c,4dfd74d6f2b88080
test_fake_VD99CWDXD1.jpg,fake,test,test,test/fake/VD99CWDXD1.jpg,20615,2f692b5a8174b60c6f1312b217d89f23,3f7860f081c8cb8f
test_fake_VEBT06KQNC.jpg,fake,test,test,test/fake/VEBT06KQNC.jpg,29327,b54844a1585a9875c136b01c1031aa2e,14e961c5e4d81bd9
test_fake_VLKMYJ22D5.jpg,fake,test,test,test/fake/VLKMYJ22D5.jpg,23228,0170f438e9fa0ec54e641db6ac5fba9f,4b5a75716565a382
test_fake_VOKXBYHQ4I.jpg,fake,test,test,test/fake/VOKXBYHQ4I.jpg,24380,53f34346759119e19aec14b9c07fb9bc,4e7f282231f6f282
test_fake_VQDR202SDD.jpg,fake,test,test,test/fake/VQDR202SDD.jpg,28805,42d60e808b8faa8f32a9872a8057afaf,41a0edc087fd129f
test_fake_VVLWFEH76L.jpg,fake,test,test,test/fake/VVLWFEH76L.jpg,26491,588528afaf97cf0c3aa05ec7331b1578,5d7974a32525c287
test_fake_W446QOA5EV.jpg,fake,test,test,test/fake/W446QOA5EV.jpg,31555,16916390f1bc8efe3e4ca783781494be,0b906b1369bdd19c
test_fake_W5XYGNTW72.jpg,fake,test,test,test/fake/W5XYGNTW72.jpg,28245,2a9fb2bb04d1ed5fd0d3a03a2585a913,5ab03cb3351d16d8
test_fake_WK7TD9F1VR.jpg,fake,test,test,test/fake/WK7TD9F1VR.jpg,34112,8eb1edc120f63b3c1b06dfcb5ef3425f,0f847df26091a3cb
test_fake_WM0Z0OKDDT.jpg,fake,test,test,test/fake/WM0Z0OKDDT.jpg,23111,0aff373e30c032eaf2439c8a79ebbe4e,70706b27ae66c68a
test_fake_WQPTU8JI8I.jpg,fake,test,test,test/fake/WQPTU8JI8I.jpg,26329,57a455dc7c03ab687ba2de29f512f3e2,7c6531e227c282de
test_fake_WUSK14ZJVA.jpg,fake,test,test,test/fake/WUSK14ZJVA.jpg,29301,304740571a5e4416a891c098407bf203,4bd27d36e05da304
test_fake_X2MSL3YGT2.jpg,fake,test,test,test/fake/X2MSL3YGT2.jpg,27464,8eafea7034e23c6b18dafd76df47479f,5e706877256cd283
test_fake_X57O0PXWTG.jpg,fake,test,test,test/fake/X57O0PXWTG.jpg,26355,068b377e8308cb648d1093ec7c6e3959,077e68a75ca04b9a
test_fake_X5NEPZ57E8.jpg,fake,test,test,test/fake/X5NEPZ57E8.jpg,33486,ebdc5ea30bee0ed1505fb6802ae0d933,2fd0d582ca8b819f
test_fake_XCXD1D3AEV.jpg,fake,test,test,test/fake/XCXD1D3AEV.jpg,30429,0b5624e95bdf448ab04ffdb314b837e7,32dba0036fad5788
test_fake_XD4MZ6O3I2.jpg,fake,test,test,test/fake/XD4MZ6O3I2.jpg,26881,290be1289a7459dca720f42ad300c85b,0b3d3c36703b83c9
test_fake_XFTVCBQGC8.jpg,fake,test,test,test/fake/XFTVCBQGC8.jpg,25340,3e29b531b0d7c2e48b528d356912d5f6,5ef960e327609788
test_fake_XHXFUSWLVT.jpg,fake,test,test,test/fake/XHXFUSWLVT.jpg,27074,3bdeb54706f23dada9574b34dc1dd601,497e24f2721b029f
test_fake_XKNRFG3LJ4.jpg,fake,test,test,test/fake/XKNRFG3LJ4.jpg,26260,f7110cebeca505d29cebf26909b4f73c,1e2e6925253476da
test_fake_XNE6S3WRI0.jpg,fake,test,test,test/fake/XNE6S3WRI0.jpg,24257,afe9f5e8ac8263ba3edd63da8728747b,4a2c7833b0799fc8
test_fake_XO8MHNCMBO.jpg,fake,test,test,test/fake/XO8MHNCMBO.jpg,26951,2a8dd81883f8fa656216d1b3d2837feb,435f2f24353c2786
test_fake_XPJDAR5KH5.jpg,fake,test,test,test/fake/XPJDAR5KH5.jpg,31414,5d3992e740849c18faf01955dfb34e99,05c395be8936c996
test_fake_XS1QIB1VYU.jpg,fake,test,test,test/fake/XS1QIB1VYU.jpg,23683,7c1d5ee49c6107a6fc7dc77438bc7c55,420f7d00f1698fce
test_fake_XTJJWKGBRB.jpg,fake,test,test,test/fake/XTJJWKGBRB.jpg,28273,cbfbc82c1e6d5d16cdf22d43d11ddf5c,4b3c6d70601be1da
test_fake_XTXIX394JQ.jpg,fake,test,test,test/fake/XTXIX394JQ.jpg,28165,e9b8b3b396dd0aaa2cf99912b8401a66,1b04e940ffe98798
test_fake_XXDAE0EA20.jpg,fake,test,test,test/fake/XXDAE0EA20.jpg,27449,7f947bb385f20f6571ccdd828a72f92e,1c6831b7b55a8d8c
test_fake_XYVT5QCMHA.jpg,fake,test,test,test/fake/XYVT5QCMHA.jpg,24912,ff1f810e6ce9a4195229232fa904714d,1a2961a776d8b199
test_fake_Y41UFOU1Q0.jpg,fake,test,test,test/fake/Y41UFOU1Q0.jpg,25572,b307f40c134b514ee5db0e297e3186b2,16cdf9624b388399
test_fake_Y8L2W5HETX.jpg,fake,test,test,test/fake/Y8L2W5HETX.jpg,24787,ce6161bb257312b94d94ac27669c9599,530e6d02f44b95d9
test_fake_YA5505Z5OU.jpg,fake,test,test,test/fake/YA5505Z5OU.jpg,26837,2e5917afd63ed846a3345a7686ce42ee,14623de7a81cd68b
test_fake_YBYFMHNXGC.jpg,fake,test,test,test/fake/YBYFMHNXGC.jpg,26389,b1f3edf2dbb58162dfeabee0efc257ba,6b3fa570307492d2
test_fake_YF8WFJ8R8T.jpg,fake,test,test,test/fake/YF8WFJ8R8T.jpg,34355,f09fbb0a9d3446d92a94f33065b39a12,675ea35487f8410e
test_fake_YJ8GPVQLE0.jpg,fake,test,test,test/fake/YJ8GPVQLE0.jpg,28608,8b05298fef8e96720d8b4a46eb67a02d,0b762d16f009dfa8
test_fake_YK1C5WJ9JU.jpg,fake,test,test,test/fake/YK1C5WJ9JU.jpg,28076,f8e7e2ca4a718b35426846a1940cedbe,38b4a742538b8f9c
test_fake_YPA6MTZEDC.jpg,fake,test,test,test/fake/YPA6MTZEDC.jpg,28355,d5210dbc9db28e19638c72c4f3c5ad85,745e2a05166a95db
test_fake_YXJ7DI6ZVR.jpg,fake,test,test,test/fake/YXJ7DI6ZVR.jpg,26905,a35f85b0c507f133eee0f8fe44544977,537a6d8e8cca1299
test_fake_YY0RN5OW4Y.jpg,fake,test,test,test/fake/YY0RN5OW4Y.jpg,34612,08f1d1284d26c45c60ef59645da76529,4d157c347101fbc6
test_fake_Z0FVID06D8.jpg,fake,test,test,test/fake/Z0FVID06D8.jpg,29830,4d0edd2066a2642e73bfc7f87ee7f506,4b747cf2a01b83c9
test_fake_Z1YZA4ZO3T.jpg,fake,test,test,test/fake/Z1YZA4ZO3T.jpg,25207,50582ad5414292ee0c30914708729216,4f3b3470325bc2ca
test_fake_Z2AS5XLN1L.jpg,fake,test,test,test/fake/Z2AS5XLN1L.jpg,29539,473af4308721f5f95da45c19d27e078e,7ae1a586d61a92ca
test_fake_Z2ZA9OK44T.jpg,fake,test,test,test/fake/Z2ZA9OK44T.jpg,30945,ab1f59a5f9ffefde7eefa35a67387e70,6f94e41ac539d289
test_fake_Z5M2KGQBY8.jpg,fake,test,test,test/fake/Z5M2KGQBY8.jpg,33857,cefe6ccf4ead9b4b1ea08f78adcd6cc5,4fbdf434f20096c1
test_fake_Z9OG3E96YO.jpg,fake,test,test,test/fake/Z9OG3E96YO.jpg,23169,b2940c4cb37bc22a5a1d799eeda641cf,123c4b7461e4c39f
test_fake_ZBYTHQ793P.jpg,fake,test,test,test/fake/ZBYTHQ793P.jpg,21929,f8a133ff797ebce604df832e9bd82d02,2d3d70b0d283cb87
test_fake_ZGOD8WBGYR.jpg,fake,test,test,test/fake/ZGOD8WBGYR.jpg,25741,e2981a4a18c8833878c925e0f0508493,1fc9baf67020709a
test_fake_ZHPT90Y5FZ.jpg,fake,test,test,test/fake/ZHPT90Y5FZ.jpg,34924,db857ea735db974e2ea99f54dd4a3e7b,585d28737069d7c2
test_fake_ZHZJJOPB25.jpg,fake,test,test,test/fake/ZHZJJOPB25.jpg,28405,506d870e2035e2bde7c3d739085ae932,4d526d20373b83d9
test_fake_ZI4OGO62Q9.jpg,fake,test,test,test/fake/ZI4OGO62Q9.jpg,33325,3f442ac6a7aa4d94ac73b6ba668781a2,09f0ecc3e4a974ca
test_fake_ZODM4CIJCO.jpg,fake,test,test,test/fake/ZODM4CIJCO.jpg,25028,9658fcbf9f5d6ee8f9f8c87ad2248547,4fa020b363b3d69a
test_fake_ZU5O7FI7SQ.jpg,fake,test,test,test/fake/ZU5O7FI7SQ.jpg,27157,012ea730e007e3add55b71282222fe46,1b2c6c336439cb8b
test_fake_ZWXLPKXGWP.jpg,fake,test,test,test/fake/ZWXLPKXGWP.jpg,32751,01daed968e4c15698870b4727a12443f,374d9ab03863caca
test_fake_ZXJ32SOMTT.jpg,fake,test,test,test/fake/ZXJ32SOMTT.jpg,26455,fae78d275665d33edab5e22a6229f108,6a38a5b314a5d68e
